Workbook

Sheet RAW_Data
A1: ID | B1: Employee_Name | C1: TxID | D1: TxID_no | E1: Status | F1: Hired_Date | G1: Agency_HiredDate | H1: Job_Title | I1: Office_Location | J1: Language | K1: ERC_Level | L1: Email_TELUS | M1: Supervisor | N1: Operations_Manager | O1: Phone_No_1 | P1: Phone_No_2 | Q1: Phone_No_3 | R1: Old_MAS_Initials | S1: MAS_Initials | T1: Laptop Asset # | U1: MAS_EmployeeID | V1: Apps_MAS_Username | W1: Email_TELUS_International | X1: Apps_AvayaOneX_Extension | Y1: Avaya_AgentLoginID | Z1: Apps_AvayaCMS_Username | AA1: Apps_SAFE_Username | AB1: Apps_IMMIX_Username | AC1: Apps_Manitou_Userename | AD1: Skills | AE1: First_Aid_ExpiringDate | AF1: TMA_Level1_Date | AG1: TMA_Level1_CertificateNo | AH1: TMA_Level2_Date | AI1: TMA_Level2_CertificateNo | AJ1: FTE | AK1: Pay_Group | AL1: Schedule_Type | AM1: Schedule_Start_Time | AN1: Schedule_EndTime | AO1: Phone_No_Int1 | AP1: Phone_No_Int2 | AQ1: Name_First | AR1: Name_Last | AS1: Emergency_Contact_1_Name | AT1: Emergency_Contact_1_Phone | AU1: Emergency_Contact_1_Relationship | AV1: Emergency_Contact_2_Name | AW1: Emergency_Contact_2_Phone | AX1: Emergency_Contact_2_Relationship | AY1: Employee_Name_Proper | AZ1: First _Aid_ CertificateNo | BA1: Lenel_ERC_PIN | BB1: Sch_DaySUN | BC1: Sch_DayMON | BD1: Sch_DayTUE | BE1: Sch_DayWED | BF1: Sch_DayTHU | BG1: Sch_DayFRI | BH1: Sch_DaySAT | BI1: Schedule _Comment | BJ1: Schedule_Shift | BK1: Apps_CiscoIP_Extension | BL1: Level 2 Training Date | BM1: Level 2 Exam Date | BN1: Level 2 Salary Adjustment completed | BO1: Level 3 Training Date | BP1: Level 3 Exam Date | BQ1: Level 3 Salary Adjustment completed | BR1: Level 4 Training Date | BS1: Level 4 Exam Date | BT1: Level 4 Salary Adjustment completed | BU1: Unionized | BV1: AHA Status | BW1: Contracted Hrs | BX1: FTE Status | BY1: Level 1 Exam Date | BZ1: Item Type | CA1: Path
A2: 612 | B2: Abouda, Mohammed | C2: T773560 | D2: 773560 | E2: Active | F2: 45957 | H2: Monitoring Specialist II (Regular) | I2: Ottawa | J2: Bilingual-French | K2: 2 | L2: mo.abouda@telus.com | M2: Lo, Mamadou | N2: Pandza, Vinko | O2: 4383659110 | S2: M0511 | T2: PF3QMD9C | U2: 100773560 | X2: 15141294009 | Y2: 1060061 | AJ2: 1.00 - (34 - 37.5 Hours) | AK2: Operator | AL2: Week B (7/7) | AM2: 0.27083333 | AN2: 0.70833333 | AQ2: Mohammed | AR2: Abouda | AY2: Mohammed Abouda | BA2: Pending/Required | BB2: x | BC2: x | BD2: x | BE2: x | BF2: x | BG2: x | BH2: x | BJ2: Morning (from 05h00 - 10h30) | BL2: 46056 | BM2: 46092 | BU2: No | BV2: Mobile | BX2: Full Time | BY2: 46030 | BZ2: Item | CA2: sites/SAM/Restricted_HUB/Lists/MEL
A3: 38 | B3: Adrien, Goddard | C3: T955706 | D3: 955706 | E3: Active | F3: 43171 | H3: Monitoring Specialist II (Senior) | I3: Montreal | J3: Bilingual-French | K3: 4 | L3: adrien.goddard@telus.com | M3: Lo, Mamadou | N3: Pandza, Vinko | O3: 514-796-7601 | R3: MA4G | S3: M0062 | T3: L112611 | U3: 100955706 | V3: adriengoddard | X3: 15143732207 | Y3: 1066843 | AD3: Video Monitoring;#5;#Video Verification;#4;#Question Line;#6;#Complaint Line;#7;#Data Entry Advanced;#8 | AF3: 43336 | AG3: 26564 | AJ3: 1.00 - (34 - 37.5 Hours) | AK3: Operator | AL3: 46115 | AM3: 0.125 | AN3: 0.5 | AQ3: Goddard | AR3: Adrien | AY3: Goddard Adrien | BA3: 66843 | BB3: _ | BC3: _ | BD3: x | BE3: x | BF3: x | BG3: _ | BH3: x | BI3: Travaille le Samedi 05:00 - 14:00 | BJ3: Morning (from 05h00 - 10h30) | BL3: 43262 | BM3: 43314 | BN3: Yes | BO3: 45236 | BP3: 45236 | BQ3: Yes | BR3: 44873 | BS3: 45041 | BT3: Yes | BU3: No | BV3: Virtual | BW3: 34 | BX3: Full Time | BY3: 43243 | BZ3: Item | CA3: sites/SAM/Restricted_HUB/Lists/MEL
A4: 39 | B4: Aidoud, Nabil | C4: T955715 | D4: 955715 | E4: Active | F4: 43744 | G4: 43437 | H4: Monitoring Specialist II (Senior) | I4: Ottawa | J4: Bilingual-French | K4: 4 | L4: nabil.aidoud@telus.com | M4: Dhindsa, Sukhjinder | N4: Khara, Tanu | O4: 819-437-1740 | R4: ON4A | S4: M0064 | T4: L112422 | U4: 100955715 | V4: naidoud | X4: 16131293063 | Y4: 1062011 | AA4: Agent | AD4: SmartWear;#3;#Basic Troubleshooting;#2;#Complaint Line;#7;#Question Line;#6;#Video Monitoring;#5 | AF4: 43570 | AG4: 28153 | AJ4: 1.00 - (34 - 37.5 Hours) | AK4: Operator | AL4: Week B (7/7) | AM4: 0.35416667 | AN4: 0.77083333 | AQ4: Nabil | AR4: Aidoud | AY4: Nabil Aidoud | BA4: Pending/Required | BB4: x | BC4: x | BD4: x | BE4: x | BF4: x | BG4: x | BH4: x | BJ4: Morning (from 05h00 - 10h30) | BL4: 43526 | BM4: 43556 | BN4: Yes | BO4: 45245 | BP4: 45443 | BQ4: Yes | BR4: 45881 | BS4: 45954 | BT4: Yes | BU4: No | BV4: Virtual | BW4: 35 | BX4: Full Time | BY4: 43497 | BZ4: Item | CA4: sites/SAM/Restricted_HUB/Lists/MEL
A5: 409 | B5: Akherraz, Hajar | C5: T996872 | D5: 996872 | E5: Active | F5: 44970 | H5: Monitoring Specialist II (Senior) | I5: Remote Area | J5: French | K5: 4 | L5: hajar.akharraz@telus.com | M5: Herrati, Houcine | N5: Khara, Tanu | O5: 5145010683 | R5: MRh1A | S5: M0065 | T5: L804958 | U5: 100996872 | V5: T996872 | X5: 19051291051 | Y5: 1110197 | AD5: Complaint Line;#7;#Question Line;#6;#Video Monitoring;#5 | AF5: 45546 | AG5: 996872 | AJ5: 1.00 - (34 - 37.5 Hours) | AK5: Operator | AL5: 46115 | AM5: 0.89583333 | AN5: 0.27083333 | AQ5: Hajar | AR5: Akherraz | AY5: Hajar Akherraz | BA5: Issued | BB5: x | BC5: x | BD5: _ | BE5: _ | BF5: x | BG5: x | BH5: _ | BJ5: Night (from 18h30 - 01h00) | BL5: 45070 | BM5: 45127 | BN5: Yes | BO5: 45923 | BP5: 45979 | BQ5: Yes | BR5: 46064 | BS5: 46121 | BT5: Yes | BU5: No | BV5: Virtual | BW5: 34 | BX5: Full Time | BY5: 45040 | BZ5: Item | CA5: sites/SAM/Restricted_HUB/Lists/MEL
A6: 382 | B6: Aquilario, Lester | C6: T988376 | D6: 988376 | E6: Active | F6: 44438 | H6: Monitoring Specialist II (Senior) | I6: Burnaby | J6: English | K6: 3 | L6: LESTER.AQUILARIO@TELUS.COM | M6: Dhindsa, Sukhjinder | N6: Khara, Tanu | O6: 6048284259 | S6: M0024 | T6: L805964 | U6: 100988376 | V6: T988376 | X6: 16041295008 | Y6: 1030029 | AC6: lester | AD6: SmartWear;#3;#Basic Troubleshooting;#2;#Question Line;#6;#Complaint Line;#7 | AF6: 45736 | AJ6: 1.00 - (34 - 37.5 Hours) | AK6: Operator | AL6: 46115 | AM6: 0.4375 | AN6: 0.8125 | AQ6: Lester | AR6: Aquilario | AY6: Lester Aquilario | BA6: Pending/Required | BB6: _ | BC6: _ | BD6: x | BE6: x | BF6: x | BG6: _ | BH6: x | BJ6: Morning (from 05h00 - 10h30) | BO6: 46093 | BU6: No | BV6: Mobile | BW6: 34 | BX6: Full Time | BZ6: Item | CA6: sites/SAM/Restricted_HUB/Lists/MEL
A7: 393 | B7: Audet, Dominic | C7: T996384 | D7: 996384 | E7: Active | F7: 44942 | H7: Monitoring Specialist II (Senior) | I7: Montreal | J7: French | K7: 4 | L7: dominic.audet@telus.com | M7: Diegue, Kerry | N7: Pandza, Vinko | O7: 4388299413 | S7: M0068 | T7: L111318 | U7: 100996384 | V7: T996384 | X7: 15141294047 | Y7: 1060018 | AD7: Basic Troubleshooting;#2;#Complaint Line;#7;#Question Line;#6;#Video Monitoring;#5;#Video Verification;#4;#Video Monitoring Arpel only;#10 | AF7: 45546 | AG7: 996384 | AJ7: 1.00 - (34 - 37.5 Hours) | AK7: Operator | AL7: 46115 | AM7: 0.72916667 | AN7: 0.083333333 | AQ7: Dominic | AR7: Audet | AS7: Sylvain Audet appelé 2x de suite (Père) | AT7: 438-931-5390 | AY7: Dominic Audet | BA7: 60053 | BB7: _ | BC7: x | BD7: x | BE7: x | BF7: _ | BG7: _ | BH7: x | BJ7: Evening (from 10h45 - 17h00) | BL7: 45972 | BM7: 45972 | BN7: Yes | BO7: 45921 | BP7: 45972 | BQ7: Yes | BR7: 46056 | BS7: 46097 | BT7: No | BU7: No | BV7: Mobile | BW7: 34 | BX7: Full Time | BY7: 45033 | BZ7: Item | CA7: sites/SAM/Restricted_HUB/Lists/MEL
A8: 52 | B8: Auger, Adrien | C8: T973054 | D8: 973054 | E8: Active | F8: 42605 | H8: Monitoring Specialist II (Senior) | I8: Victoria | J8: English | K8: 4 | L8: adrien.auger@telus.com | M8: Rwano, Guy Fremin | N8: Pandza, Vinko | O8: 2502173997 | R8: MIA1A | S8: M0069 | T8: L805746 | U8: 100973054 | V8: t973054 | X8: 16041295068 | Y8: 1030139 | AA8: Agent | AC8: ADRIENA | AD8: SmartWear;#3;#Question Line;#6;#Complaint Line;#7;#Basic Troubleshooting;#2;#Data Entry Advanced;#8;#Video Monitoring;#5;#Video Verification;#4 | AF8: 45090 | AJ8: 1.00 - (34 - 37.5 Hours) | AK8: Operator | AL8: Week A (7/7) | AM8: 0.73958333 | AN8: 0.17708333 | AQ8: Adrien | AR8: Auger | AY8: Adrien Auger | BB8: x | BC8: x | BD8: x | BE8: x | BF8: x | BG8: x | BH8: x | BJ8: Night (from 18h30 - 01h00) | BL8: 44718 | BM8: 44718 | BN8: Yes | BO8: 45275 | BP8: 45408 | BQ8: Yes | BR8: 45769 | BS8: 45819 | BU8: No | BV8: Mobile | BW8: 35 | BX8: Full Time | BY8: 42605 | BZ8: Item | CA8: sites/SAM/Restricted_HUB/Lists/MEL
A9: 54 | B9: Austin, Stephanie | C9: T983229 | D9: 983229 | E9: Long Term Disability | F9: 44648 | H9: Monitoring Specialist II (Regular) | I9: Remote Area | J9: Bilingual-English | K9: 2 | L9: stephanie.austin@telus.com | M9: Coghiel, Caren | N9: Khara, Tanu | O9: 5063991686 | R9: MMS1A | S9: M0070 | T9: L116750 | U9: 100983229 | V9: t983229 | X9: 15141294065 | Y9: 1066108 | AF9: 45182 | AG9: 968432 | AJ9: 1.00 - (34 - 37.5 Hours) | AK9: Operator | AL9: Week B (7/7) | AM9: 0.58333333 | AN9: 0.020833333 | AQ9: Stephanie | AR9: Austin | AY9: Stephanie Austin | BB9: x | BC9: x | BD9: x | BE9: x | BF9: x | BG9: x | BH9: x | BI9: Agent work with Atlantic time zone (+1 hour from EST) | BJ9: Evening (from 10h45 - 17h00) | BL9: 44768 | BM9: 45138 | BN9: Yes | BU9: No | BV9: Virtual | BW9: 35 | BX9: Full Time | BY9: 44760 | BZ9: Item | CA9: sites/SAM/Restricted_HUB/Lists/MEL
A10: 617 | B10: Baisi , Jean-Gabriel | C10: T773726 | D10: 773726 | E10: Active | F10: 45957 | H10: Monitoring Specialist II (Regular) | I10: Ottawa | J10: Bilingual-French | K10: 2 | L10: john.baisi@telus.com | M10: Rwano, Guy Fremin | N10: Pandza, Vinko | O10: 6133159045 | S10: M0516 | T10: PF3PX117 | U10: 100773726 | X10: 15141294014 | Y10: 1060067 | AJ10: 1.00 - (34 - 37.5 Hours) | AK10: Operator | AL10: Week A (7/7) | AM10: 0.375 | AN10: 0.8125 | AQ10: Jean-Gabriel | AR10: Baisi | AY10: Jean-Gabriel Baisi | BA10: Pending/Required | BB10: x | BC10: x | BD10: x | BE10: x | BF10: x | BG10: x | BH10: x | BJ10: Morning (from 05h00 - 10h30) | BL10: 46049 | BM10: 46095 | BN10: Yes | BX10: Full Time | BY10: 46025 | BZ10: Item | CA10: sites/SAM/Restricted_HUB/Lists/MEL
A11: 66 | B11: Beaulieu, Angelyk | C11: T956508 | D11: 956508 | E11: Maternity/Paternity Leave | F11: 43948 | H11: Monitoring Specialist II (Senior) | I11: Montreal | J11: Bilingual-French | K11: 4 | L11: angelyk.beaulieu@telus.com | M11: Herrati, Houcine | N11: Khara, Tanu | O11: 2638813298 | R11: MA0B | S11: M0072 | T11: L112640 | U11: 100956508 | V11: angelykbeaulieu | X11: 15141294248 | Y11: 1067279 | AD11: Basic Troubleshooting;#2;#Complaint Line;#7;#Question Line;#6;#Video Monitoring;#5 | AF11: 44617 | AG11: 33018 | AH11: 45707 | AI11: 33018 | AJ11: 1.00 - (34 - 37.5 Hours) | AK11: Operator | AL11: Week A (7/7) | AM11: 0.8125 | AN11: 0.22916667 | AQ11: Angelyk | AR11: Beaulieu | AY11: Angelyk Beaulieu | BA11: 66150 | BB11: x | BC11: x | BD11: x | BE11: x | BF11: x | BG11: x | BH11: x | BJ11: Night (from 18h30 - 01h00) | BL11: 44055 | BM11: 44105 | BN11: Yes | BO11: 45236 | BP11: 45613 | BQ11: Yes | BR11: 44873 | BS11: 45041 | BT11: Yes | BU11: No | BV11: Mobile | BW11: 37.5 | BX11: Full Time | BY11: 44035 | BZ11: Item | CA11: sites/SAM/Restricted_HUB/Lists/MEL
A12: 69 | B12: Bercier, France | C12: T956514 | D12: 956514 | E12: Active | F12: 42878 | H12: Monitoring Specialist II (Senior) | I12: Ottawa | J12: Bilingual-French | K12: 4 | L12: france.bercier@telus.com | M12: Rwano, Guy Fremin | N12: Pandza, Vinko | O12: 819-968-1181 | R12: OF1B | S12: M0075 | T12: L112632 | U12: 100956514 | V12: fbercier | X12: 16131293079 | Y12: 1062436 | AD12: Complaint Line;#7;#Question Line;#6;#SME;#11;#SmartWear;#3;#Video Monitoring;#5;#Video Verification;#4 | AF12: 45539 | AG12: 956514 | AJ12: 1.00 - (34 - 37.5 Hours) | AK12: Operator | AL12: Week A (7/7) | AM12: 0.33333333 | AN12: 0.75 | AQ12: France | AR12: Bercier | AY12: France Bercier | BB12: x | BC12: x | BD12: x | BE12: x | BF12: x | BG12: x | BH12: x | BJ12: Morning (from 05h00 - 10h30) | BL12: 42878 | BM12: 42910 | BN12: Yes | BO12: 43046 | BP12: 43088 | BQ12: Yes | BR12: 46063 | BS12: 46115 | BU12: No | BV12: Virtual | BW12: 35 | BX12: Full Time | BY12: 42910 | BZ12: Item | CA12: sites/SAM/Restricted_HUB/Lists/MEL
A13: 641 | B13: Bindhu Harikrishnan | C13: T6001665 | D13: 6001665 | E13: Active | F13: 46146 | H13: Monitoring Specialist I (Junior) | I13: Calgary | J13: English | K13: Trainee | L13: bindhu.harikrishnan@telus.com | M13: Diegue, Kerry | N13: Pandza, Vinko | O13: 3688868549 | T13: SD00RVYH | X13: 15141294043 | Y13: 1060069 | AJ13: 1.00 - (34 - 37.5 Hours) | AK13: Specialist - Hourly | AQ13: Bindhu | AR13: Harikrishnan | AY13: Bindhu Harikrishnan | BA13: Pending/Required | BB13: _ | BC13: _ | BD13: _ | BE13: _ | BF13: _ | BU13: Yes | BV13: Virtual | BW13: 35 | BX13: Full Time | BZ13: Item | CA13: sites/SAM/Restricted_HUB/Lists/MEL
A14: 75 | B14: Bonnet, Cassandra | C14: T956369 | D14: 956369 | E14: Maternity/Paternity Leave | F14: 42932 | G14: 42824 | H14: Monitoring Specialist II (Senior) | I14: Montreal | J14: Bilingual-English | K14: 4 | L14: cassandra.bonnet@telus.com | M14: Kollias, Peter | N14: Pandza, Vinko | O14: 514-568-5992 | R14: MC3B | S14: M0078 | T14: L112597 | U14: 100956369 | V14: cbonnet | X14: 15141294147 | Y14: 1066711 | AA14: Agent | AD14: Complaint Line;#7;#Data Entry Advanced;#8;#Question Line;#6;#SmartWear;#3;#Basic Troubleshooting;#2;#Video Monitoring;#5;#Video Verification;#4 | AF14: 43067 | AG14: 24782 | AJ14: 1.00 - (34 - 37.5 Hours) | AK14: Operator | AL14: Week A (7/7) | AM14: 0.33333333 | AN14: 0.75 | AQ14: Cassandra | AR14: Bonnet | AY14: Cassandra Bonnet | BA14: 66649 | BB14: x | BC14: x | BD14: x | BE14: x | BF14: x | BG14: x | BH14: x | BJ14: Morning (from 05h00 - 10h30) | BL14: 43217 | BM14: 43217 | BN14: Yes | BO14: 43217 | BP14: 43582 | BQ14: Yes | BT14: Yes | BU14: No | BV14: Mobile | BW14: 35 | BX14: Full Time | BY14: 42852 | BZ14: Item | CA14: sites/SAM/Restricted_HUB/Lists/MEL
A15: 77 | B15: Borromeo, Ronadell | C15: T956358 | D15: 956358 | E15: Short Term Disability | F15: 41953 | H15: Monitoring Specialist II (Regular) | I15: Montreal | J15: English | K15: 2 | L15: ronadell.borromeo@telus.com | M15: Lo, Mamadou | N15: Pandza, Vinko | O15: 514-576-6788 | R15: MR2B | S15: M0080 | T15: L112660 | U15: 100956358 | V15: T956358 | X15: 15141294069 | Y15: 1063840 | AF15: 42227 | AG15: 19458 | AJ15: 1.00 - (34 - 37.5 Hours) | AK15: Operator | AL15: 46115 | AM15: 0.35416667 | AN15: 0.70833333 | AQ15: Ronadell | AR15: Borromeo | AS15: Alexandre Aubin - Giroux (conjoint) | AT15: 514-622-3627 | AY15: Ronadell Borromeo | BA15: 66930 | BB15: x | BC15: _ | BD15: x | BE15: x | BF15: _ | BG15: _ | BH15: x | BJ15: Morning (from 05h00 - 10h30) | BL15: 42531 | BM15: 42533 | BN15: Yes | BU15: No | BV15: Virtual | BW15: 35 | BX15: Full Time | BY15: 42349 | BZ15: Item | CA15: sites/SAM/Restricted_HUB/Lists/MEL
A16: 82 | B16: Brooks, Laura | C16: T956364 | D16: 956364 | E16: Active | F16: 41820 | H16: Monitoring Specialist II (Senior) | I16: Calgary | J16: English | K16: 4 | L16: laura.brooks@telus.com | M16: Coghiel, Caren | N16: Khara, Tanu | O16: 3688876400 | R16: CL4B | S16: M0082 | T16: L111968 | U16: 100956364 | V16: laurabrooks | X16: 14031292001 | Y16: 1210687 | AA16: Agent | AD16: Complaint Line;#7;#Question Line;#6;#SmartWear;#3;#Video Monitoring;#5;#SME;#11;#Basic Troubleshooting;#2 | AF16: 43126 | AG16: 25050 | AJ16: 1.00 - (34 - 37.5 Hours) | AK16: Operator | AL16: Week A (7/7) | AM16: 0.79166667 | AN16: 0.22916667 | AQ16: Laura | AR16: Brooks | AS16: Isabelle Chayer | AT16: 587-832-1969 | AU16: Friend | AV16: Rebecca Hebert | AW16: 403-619-1541 | AX16: Friend | AY16: Laura Brooks | BA16: 746559 | BB16: x | BC16: x | BD16: x | BE16: x | BF16: x | BG16: x | BH16: x | BJ16: Night (from 18h30 - 01h00) | BN16: Yes | BQ16: Yes | BU16: Yes | BV16: Mobile | BW16: 35 | BX16: Full Time | BZ16: Item | CA16: sites/SAM/Restricted_HUB/Lists/MEL
A17: 87 | B17: Calanza, Stevenson | C17: T955759 | D17: 955759 | E17: Active | F17: 43255 | H17: Monitoring Specialist II (Regular) | I17: Calgary | J17: English | K17: 2 | L17: stevenson.calanza@telus.com | M17: Gillingham, Shelley | N17: Khara, Tanu | O17: 403-620-2505 | R17: CS8C | S17: M0086 | T17: L111815 | U17: 100955759 | V17: scalanza | X17: 14031292135 | Y17: 1020213 | AD17: Basic Troubleshooting;#2 | AF17: 45218 | AG17: 968682 | AJ17: 1.00 - (34 - 37.5 Hours) | AK17: Operator | AL17: Week B (7/7) | AM17: 0.41666667 | AN17: 0.85416667 | AQ17: Stevenson | AR17: Calanza | AY17: Stevenson Calanza | BA17: 138998 | BB17: x | BC17: x | BD17: x | BE17: x | BF17: x | BG17: x | BH17: x | BJ17: Morning (from 05h00 - 10h30) | BL17: 43361 | BM17: 43482 | BN17: Yes | BR17: 44012 | BS17: 44063 | BU17: Yes | BV17: Virtual | BW17: 35 | BX17: Full Time | BY17: 43346 | BZ17: Item | CA17: sites/SAM/Restricted_HUB/Lists/MEL
A18: 637 | B18: Carl-Luigi Pierre | C18: T6001661 | D18: 6001661 | E18: Active | F18: 46146 | H18: Monitoring Specialist I (Junior) | I18: Ottawa | J18: Bilingual-French | K18: Trainee | L18: lugi.pierre@telus.com | M18: Diegue, Kerry | N18: Pandza, Vinko | O18: 5142161772 | T18: SD00S5EW | X18: 15141294022 | Y18: 1060068 | AJ18: 1.00 - (34 - 37.5 Hours) | AK18: Specialist - Hourly | AQ18: Carl-Luigi | AR18: Pierre | AY18: Carl-Luigi Pierre | BA18: Pending/Required | BB18: _ | BC18: _ | BD18: _ | BE18: _ | BF18: _ | BU18: No | BV18: In office | BW18: 35 | BX18: Full Time | BZ18: Item | CA18: sites/SAM/Restricted_HUB/Lists/MEL
A19: 89 | B19: Carvajal-Yiptong, Diego Armando | C19: T955811 | D19: 955811 | E19: Active | F19: 43948 | H19: Monitoring Specialist II (Senior) | I19: Montreal | J19: Bilingual-French | K19: 4 | L19: diego.carvajalyiptong@telus.com | M19: Dhindsa, Sukhjinder | N19: Khara, Tanu | O19: 438-828-1019 | R19: MD2C | S19: M0087 | T19: L112509 ( | U19: 100955811 | V19: diegocarvajalyipto | X19: 15141294253 | Y19: 1067281 | AA19: Agent | AD19: SmartWear;#3;#Basic Troubleshooting;#2;#Complaint Line;#7;#Question Line;#6;#Data Entry Advanced;#8;#Video Monitoring;#5 | AF19: 44404 | AG19: 32398 | AJ19: 1.00 - (34 - 37.5 Hours) | AK19: Operator | AL19: 46115 | AM19: 0.3125 | AN19: 0.66666667 | AQ19: Diego Armando | AR19: Carvajal-Yiptong | AY19: Diego Armando Carvajal-Yiptong | BA19: 66217 | BB19: _ | BC19: _ | BD19: x | BE19: x | BF19: _ | BG19: x | BH19: x | BJ19: Morning (from 05h00 - 10h30) | BL19: 44175 | BM19: 44390 | BN19: Yes | BO19: 45245 | BP19: 45443 | BQ19: Yes | BR19: 45846 | BS19: 45926 | BT19: Yes | BU19: No | BV19: Virtual | BW19: 34 | BX19: Full Time | BY19: 44019 | BZ19: Item | CA19: sites/SAM/Restricted_HUB/Lists/MEL
A20: 90 | B20: Cerdas Calvo, Deyanira | C20: T956355 | D20: 956355 | E20: Active | F20: 42611 | H20: Monitoring Specialist II (Regular) | I20: Calgary | J20: English | K20: 2 | L20: deyanira.cerdascalvo@telus.com | M20: Gillingham, Shelley | N20: Khara, Tanu | O20: 5876099254 | P20: 506-271-7858 | R20: CD4C | S20: M0088 | T20: L111647 | U20: 100956355 | V20: dcerdascalvo | X20: 14031292002 | Y20: 1020004 | AA20: Agent | AD20: SmartWear;#3 | AF20: 46053 | AG20: 972860 | AJ20: 1.00 - (34 - 37.5 Hours) | AK20: Operator | AL20: 46115 | AM20: 0.54166667 | AN20: 0.91666667 | AQ20: Deyanira | AR20: Cerdas Calvo | AY20: Deyanira Cerdas Calvo | BA20: 421171 | BB20: _ | BC20: x | BD20: x | BE20: _ | BF20: _ | BG20: x | BH20: x | BJ20: Evening (from 10h45 - 17h00) | BL20: 43728 | BN20: Yes | BU20: Yes | BV20: Virtual | BW20: 34 | BX20: Full Time | BY20: 43264 | BZ20: Item | CA20: sites/SAM/Restricted_HUB/Lists/MEL
A21: 576 | B21: Chan, Chinda | C21: T766860 | D21: 766860 | E21: Active | F21: 45544 | H21: Monitoring Specialist II (Regular) | I21: Montreal | J21: Bilingual-French | K21: 2 | L21: Chinda.Chan@telus.com | M21: Rwano, Guy Fremin | N21: Pandza, Vinko | O21: 4386995558 | S21: M0397 | T21: L705320 | U21: 100766860 | V21: T766860 | X21: 15141294058 | Y21: 1060052 | AF21: 45856 | AJ21: 1.00 - (34 - 37.5 Hours) | AK21: Specialist - Hourly | AL21: Week A (7/7) | AM21: 0.041666667 | AN21: 0.47916667 | AQ21: Chinda | AR21: Chan | AS21: TBD | AT21: TBD | AU21: TBD | AY21: Chinda Chan | BA21: 60007 | BB21: x | BC21: x | BD21: x | BE21: x | BF21: x | BG21: x | BH21: x | BJ21: Night (from 18h30 - 01h00) | BL21: 45673 | BM21: 45731 | BN21: Yes | BU21: No | BV21: Mobile | BW21: 34 | BX21: Full Time | BY21: 45619 | BZ21: Item | CA21: sites/SAM/Restricted_HUB/Lists/MEL
A22: 361 | B22: Chénard, William | C22: T995563 | D22: 995563 | E22: Active | F22: 44900 | H22: Monitoring Specialist II (Regular) | I22: Montreal | J22: Bilingual-French | K22: 2 | L22: william.chenard@telus.com | M22: Lo, Mamadou | N22: Pandza, Vinko | O22: 5148958430 | R22: MMW1C | S22: M0090 | T22: L111293 | U22: 100995563 | V22: T995563 | X22: 15141294037 | Y22: 1060011 | AF22: 45237 | AG22: 968897 | AJ22: 1.00 - (34 - 37.5 Hours) | AK22: Operator | AL22: 46115 | AM22: 0.25 | AN22: 0.60416667 | AQ22: William | AR22: Chénard | AY22: William Chénard | BA22: 60052 | BB22: x | BC22: _ | BD22: x | BE22: x | BF22: x | BG22: _ | BH22: _ | BJ22: Morning (from 05h00 - 10h30) | BL22: 45070 | BM22: 45168 | BN22: Yes | BU22: No | BV22: New | BW22: 34 | BX22: Full Time | BY22: 45041 | BZ22: Item | CA22: sites/SAM/Restricted_HUB/Lists/MEL
A23: 358 | B23: Chibane, Hakim | C23: T992448 | D23: 992448 | E23: Active | F23: 44823 | H23: Monitoring Specialist II (Senior) | I23: Remote Area | J23: French | K23: 4 | L23: hakim.chibane@telus.com | M23: Kollias, Peter | N23: Pandza, Vinko | O23: 9024414226 | R23: MRH1C | S23: M0091 | T23: L704858 | U23: 100992448 | V23: T992448 | X23: 15141294084 | Y23: 1066154 | AD23: Basic Troubleshooting;#2;#Question Line;#6;#Complaint Line;#7;#Video Monitoring;#5;#Video Verification;#4;#SME;#11 | AF23: 45357 | AG23: 969514 | AJ23: 1.00 - (34 - 37.5 Hours) | AK23: Operator | AL23: 46115 | AM23: 0.60416667 | AN23: 0.97916667 | AQ23: Hakim | AR23: Chibane | AS23: SI YOUCEF NACERA | AT23: 9029896481 | AY23: Hakim Chibane | BA23: Pending/Required | BB23: x | BC23: _ | BD23: _ | BE23: x | BF23: x | BG23: x | BH23: _ | BJ23: Evening (from 10h45 - 17h00) | BL23: 44967 | BM23: 45072 | BN23: Yes | BO23: 45924 | BP23: 45975 | BQ23: Yes | BR23: 46064 | BS23: 46136 | BT23: No | BU23: No | BV23: Virtual | BW23: 34 | BX23: Full Time | BY23: 44946 | BZ23: Item | CA23: sites/SAM/Restricted_HUB/Lists/MEL
A24: 645 | B24: Christian Langcuyan | C24: T6001712 | D24: 6001712 | E24: Active | F24: 46146 | H24: Monitoring Specialist I (Junior) | I24: Calgary | J24: English | K24: Trainee | L24: christian.langcuyan@telus.com | M24: Diegue, Kerry | N24: Pandza, Vinko | O24: 4039195377 | T24: SD00RRW2 | X24: 15141294049 | Y24: 1060074 | AJ24: 1.00 - (34 - 37.5 Hours) | AK24: Specialist - Hourly | AQ24: Christian | AR24: Langcuyan | AY24: Christian Langcuyan | BA24: Pending/Required | BB24: _ | BC24: _ | BD24: _ | BE24: _ | BF24: _ | BU24: Yes | BV24: In office | BW24: 35 | BX24: Full Time | BZ24: Item | CA24: sites/SAM/Restricted_HUB/Lists/MEL
A25: 624 | B25: Cobrana, Mechille | C25: T6001471 | D25: 6001471 | E25: Active | F25: 46119 | H25: Monitoring Specialist I (Junior) | I25: Calgary | J25: English | K25: 1 | L25: mechille.cobrana@telus.com | M25: Gillingham, Shelley | N25: Khara, Tanu | O25: 5879688694 | S25: M0535 | T25: SD00JKVD | U25: 106001471 | X25: 15141294039 | Y25: 1060013 | AJ25: 1.00 - (34 - 37.5 Hours) | AK25: Specialist - Hourly | AQ25: Mechille | AR25: Cobrana | AY25: Mechille Cobrana | BA25: 451832 | BB25: _ | BC25: _ | BD25: _ | BE25: _ | BF25: _ | BU25: Yes | BV25: In office | BW25: 35 | BX25: Full Time | BZ25: Item | CA25: sites/SAM/Restricted_HUB/Lists/MEL
A26: 353 | B26: Constant, Francesca | C26: T992326 | D26: 992326 | E26: Active | F26: 44823 | H26: Monitoring Specialist II (Regular) | I26: Montreal | J26: French | K26: 2 | L26: francesca.constant@telus.com | M26: Lo, Mamadou | N26: Pandza, Vinko | O26: 5145728590 | R26: MMF1C | S26: M0093 | T26: L111330 | U26: 100992326 | V26: T992326 | X26: 15141294080 | Y26: 1066150 | AD26: Basic Troubleshooting;#2 | AF26: 45546 | AG26: 992326 | AJ26: 1.00 - (34 - 37.5 Hours) | AK26: Operator | AL26: 46115 | AM26: 0.25 | AN26: 0.60416667 | AQ26: Francesca | AR26: Constant | AS26: Raymonde Jopseph. T | AT26: 514-348-2338 | AY26: Francesca Constant | BA26: 62341 | BB26: x | BC26: x | BD26: _ | BE26: _ | BF26: x | BG26: x | BH26: _ | BJ26: Morning (from 05h00 - 10h30) | BL26: 44965 | BM26: 45069 | BN26: Yes | BU26: No | BV26: Virtual | BW26: 35 | BX26: Full Time | BY26: 44960 | BZ26: Item | CA26: sites/SAM/Restricted_HUB/Lists/MEL
A27: 100 | B27: Daniels, Aeron | C27: T973078 | D27: 973078 | E27: Long Term Disability | F27: 43514 | H27: Monitoring Specialist II (Regular) | I27: Victoria | J27: English | K27: 2 | L27: aeron.daniels@telus.com | M27: Dhindsa, Sukhjinder | N27: Khara, Tanu | O27: 2508092089 | R27: MIA1D | S27: M0095 | T27: L805724 | U27: 100973078 | V27: t973078 | X27: 16041295067 | Y27: 1030138 | AC27: AERON.D | AD27: Basic Troubleshooting;#2 | AJ27: 1.00 - (34 - 37.5 Hours) | AK27: Operator | AL27: 46115 | AM27: 0.66666667 | AN27: 0 | AQ27: Aeron | AR27: Daniels | AY27: Aeron Daniels | BB27: x | BC27: _ | BD27: _ | BE27: _ | BF27: x | BG27: x | BH27: x | BJ27: Evening (from 10h45 - 17h00) | BL27: 44717 | BM27: 44717 | BN27: Yes | BU27: No | BV27: In office | BW27: 34 | BX27: Full Time | BY27: 44717 | BZ27: Item | CA27: sites/SAM/Restricted_HUB/Lists/MEL
A28: 101 | B28: Dansou, Senami | C28: T955704 | D28: 955704 | E28: Active | F28: 43045 | H28: Monitoring Specialist II (Regular) | I28: Ottawa | J28: Bilingual-French | K28: 4 | L28: senami.dansou@telus.com | M28: Rwano, Guy Fremin | N28: Pandza, Vinko | O28: 819-639-5002 | R28: OS2D | S28: M0096 | T28: L112614 | U28: 100955704 | V28: T955704 | X28: 16131293078 | Y28: 1062301 | AD28: Basic Troubleshooting;#2 | AF28: 43306 | AG28: 26262 | AJ28: 0.50 - (15 - 27 Hours) | AK28: Operator | AL28: Other / Casual | AM28: 0.6875 | AN28: 0.020833333 | AQ28: Senami | AR28: Dansou | AY28: Senami Dansou | BB28: _ | BC28: x | BD28: _ | BE28: _ | BF28: _ | BG28: _ | BH28: x | BJ28: Evening (from 10h45 - 17h00) | BL28: 43565 | BM28: 43567 | BN28: Yes | BO28: 43809 | BP28: 43811 | BQ28: Yes | BR28: 43944 | BS28: 43946 | BT28: Yes | BU28: No | BV28: Virtual | BW28: 21 | BX28: Part Time | BY28: 43424 | BZ28: Item | CA28: sites/SAM/Restricted_HUB/Lists/MEL
A29: 106 | B29: Deschineau, Shelsey Ann | C29: T966528 | D29: 966528 | E29: Active | F29: 44312 | H29: Monitoring Specialist II (Senior) | I29: Montreal | J29: Bilingual-French | K29: 4 | L29: shelsey.deschineau@telus.com | M29: Diegue, Kerry | N29: Pandza, Vinko | O29: 514-291-7884 | R29: MSAD | S29: M0099 | T29: New Asset L108071 Old asset L801333 | U29: 100966528 | V29: t966528 | X29: 15141294405 | Y29: 1066475 | AD29: Video Monitoring;#5;#Video Verification;#4;#Question Line;#6;#Complaint Line;#7;#Basic Troubleshooting;#2;#Video Monitoring Arpel only;#10 | AF29: 44693 | AG29: 34392 | AJ29: 1.00 - (34 - 37.5 Hours) | AK29: Operator | AL29: 46115 | AM29: 0.3125 | AN29: 0.66666667 | AQ29: Shelsey Ann | AR29: Deschineau | AS29: Marie-Gerline Charles | AT29: 514-291-7884 | AU29: Mother | AY29: Shelsey Ann Deschineau | BA29: 66104 | BB29: x | BC29: _ | BD29: _ | BE29: x | BF29: x | BG29: x | BH29: _ | BJ29: Morning (from 05h00 - 10h30) | BL29: 44650 | BM29: 44791 | BN29: Yes | BO29: 44945 | BP29: 45063 | BQ29: Yes | BR29: 44953 | BS29: 45077 | BT29: Yes | BU29: No | BV29: Virtual | BW29: 34 | BX29: Full Time | BY29: 44629 | BZ29: Item | CA29: sites/SAM/Restricted_HUB/Lists/MEL
A30: 108 | B30: Desjardins, Lucie | C30: T956365 | D30: 956365 | E30: Active | F30: 37788 | H30: Monitoring Specialist II (Senior) | I30: Montreal | J30: Bilingual-French | K30: 4 | L30: lucie.desjardins@telus.com | M30: Kollias, Peter | N30: Pandza, Vinko | O30: 5147731796 | R30: ML1D | S30: M0100 | T30: L112670 | U30: 100956365 | V30: ldesjardins | X30: 15141294090 | Y30: 1066097 | AD30: Complaint Line;#7;#Data Entry Advanced;#8;#Question Line;#6;#SME;#11 | AF30: 39956 | AG30: 4263 | AJ30: 1.00 - (34 - 37.5 Hours) | AK30: Operator | AL30: 46144 | AM30: 0.25 | AN30: 0.54166667 | AQ30: Lucie | AR30: Desjardins | AS30: Stephane Paradis | AT30: 514-249-8291 | AY30: Lucie Desjardins | BA30: 66075 | BB30: _ | BC30: x | BD30: x | BE30: x | BF30: x | BG30: x | BH30: _ | BI30: Non Standard | BJ30: Morning (from 05h00 - 10h30) | BN30: Yes | BQ30: Yes | BT30: Yes | BU30: No | BV30: Mobile | BW30: 35 | BX30: Full Time | BZ30: Item | CA30: sites/SAM/Restricted_HUB/Lists/MEL
A31: 611 | B31: Di Tullio, Donato | C31: T773558 | D31: 773558 | E31: Active | F31: 45957 | H31: Monitoring Specialist II (Regular) | I31: Montreal | J31: Bilingual-French | K31: 2 | L31: donato.ditullio@telus.com | M31: Herrati, Houcine | N31: Khara, Tanu | O31: 5149801223 | S31: M0510 | T31: PF5N9B0K | U31: 100773558 | X31: 15141294023 | Y31: 1060060 | AJ31: 1.00 - (34 - 37.5 Hours) | AK31: Operator | AL31: 46115 | AM31: 0.625 | AN31: 0 | AQ31: Donato | AR31: Di Tullio | AY31: Donato Di Tullio | BA31: Pending/Required | BB31: _ | BC31: _ | BD31: x | BE31: _ | BF31: x | BG31: x | BH31: x | BJ31: Evening (from 10h45 - 17h00) | BL31: 46049 | BM31: 46100 | BU31: No | BV31: Mobile | BX31: Full Time | BY31: 46031 | BZ31: Item | CA31: sites/SAM/Restricted_HUB/Lists/MEL
A32: 111 | B32: Dieu-Juste, Erica | C32: T956374 | D32: 956374 | E32: Long Term Disability | F32: 41239 | H32: Monitoring Specialist II (Senior) | I32: Montreal | J32: Bilingual-French | K32: 4 | L32: erica.dieu-juste@telus.com | M32: Lo, Mamadou | N32: Pandza, Vinko | O32: 514-677-8790 | R32: ME1D | S32: M0102 | T32: L112585 | U32: 100956374 | V32: edieujuste | X32: 15141294369 | Y32: 1066366 | AD32: Complaint Line;#7;#Question Line;#6;#Video Monitoring;#5;#Video Verification;#4 | AF32: 41599 | AG32: 14772 | AJ32: 1.00 - (34 - 37.5 Hours) | AK32: Operator | AL32: 46115 | AM32: 0.33333333 | AN32: 0.6875 | AQ32: Erica | AR32: Dieu-Juste | AY32: Erica Dieu-Juste | BA32: 66099 | BB32: _ | BC32: _ | BD32: x | BE32: x | BF32: x | BG32: _ | BH32: x | BJ32: Morning (from 05h00 - 10h30) | BN32: Yes | BO32: 44945 | BP32: 45033 | BQ32: Yes | BR32: 45237 | BU32: No | BV32: Virtual | BW32: 34 | BX32: Full Time | BZ32: Item | CA32: sites/SAM/Restricted_HUB/Lists/MEL
A33: 113 | B33: Doiron, Rejeanne | C33: T960871 | D33: 960871 | E33: Short Term Disability | F33: 44165 | H33: Monitoring Specialist II (Senior) | I33: Ottawa | J33: Bilingual-French | K33: 4 | L33: rejeanne.doiron@telus.com | M33: Rwano, Guy Fremin | N33: Pandza, Vinko | O33: 613-608-4223 | R33: OR2D | S33: M0104 | T33: L112067 | U33: 100960871 | V33: rejeannedoiron | X33: 16131293143 | Y33: 1066728 | AD33: Video Monitoring;#5;#Video Verification;#4;#Basic Troubleshooting;#2;#SmartWear;#3;#Complaint Line;#7;#Question Line;#6 | AF33: 44546 | AJ33: 1.00 - (34 - 37.5 Hours) | AK33: Operator | AL33: 46115 | AM33: 0.66666667 | AN33: 0.020833333 | AQ33: Rejeanne | AR33: Doiron | AY33: Rejeanne Doiron | BB33: x | BC33: x | BD33: _ | BE33: _ | BF33: x | BG33: x | BH33: _ | BJ33: Evening (from 10h45 - 17h00) | BL33: 44341 | BM33: 44384 | BN33: Yes | BO33: 45440 | BP33: 45556 | BQ33: Yes | BR33: 44982 | BS33: 45225 | BT33: Yes | BU33: No | BV33: Virtual | BW33: 35 | BX33: Full Time | BY33: 44314 | BZ33: Item | CA33: sites/SAM/Restricted_HUB/Lists/MEL
A34: 114 | B34: Dominique, Junia | C34: T956225 | D34: 956225 | E34: Short Term Disability | F34: 43114 | G34: 42989 | H34: Monitoring Specialist II (Senior) | I34: Montreal | J34: Bilingual-English | K34: 4 | L34: junia.dominique@telus.com | M34: Diegue, Kerry | N34: Pandza, Vinko | O34: 438-503-0886 | R34: MJ3D | S34: M0025 | T34: L112633 | U34: 100956225 | V34: jdominique | X34: 15141294123 | Y34: 1066734 | Z34: juniad | AA34: Supervisor | AC34: JDO | AD34: Complaint Line;#7;#Data Entry Advanced;#8;#Question Line;#6;#Backup MRC;#1;#Video Monitoring;#5;#Video Verification;#4;#Basic Troubleshooting;#2;#SmartWear;#3;#Video Monitoring Arpel only;#10 | AF34: 43173 | AG34: 25416 | AJ34: 1.00 - (34 - 37.5 Hours) | AK34: Specialist - Hourly | AL34: 46115 | AM34: 0.25 | AN34: 0.54166667 | AQ34: Junia | AR34: Dominique | AS34: Kaymisha | AT34: 5142951957 | AU34: Fille | AY34: Junia Dominique | BA34: 66119 | BB34: x | BC34: x | BD34: x | BE34: _ | BF34: x | BG34: _ | BH34: _ | BI34: Sunday 6:00 - 14:00 | BJ34: Morning (from 05h00 - 10h30) | BL34: 45529 | BM34: 45529 | BN34: Yes | BO34: 45529 | BP34: 45529 | BQ34: Yes | BR34: 45529 | BS34: 45529 | BT34: Yes | BU34: No | BV34: Mobile | BW34: 68 | BX34: Full Time | BY34: 45529 | BZ34: Item | CA34: sites/SAM/Restricted_HUB/Lists/MEL
A35: 615 | B35: Drame, Abdoulaye | C35: T773665 | D35: 773665 | E35: Active | F35: 45957 | H35: Monitoring Specialist II (Regular) | I35: Ottawa | J35: Bilingual-French | K35: 2 | L35: abdoulaye.drame@telus.com | M35: Dhindsa, Sukhjinder | N35: Khara, Tanu | O35: 6132952245 | S35: M0514 | T35: PF5N9B2R | U35: 100773665 | X35: 15141294008 | Y35: 1060063 | AJ35: 1.00 - (34 - 37.5 Hours) | AK35: Operator | AL35: Week A (7/7) | AM35: 0.66666667 | AN35: 0.10416667 | AQ35: Abdoulaye | AR35: Drame | AY35: Abdoulaye Drame | BA35: Pending/Required | BB35: x | BC35: x | BD35: x | BE35: x | BF35: x | BG35: x | BH35: x | BJ35: Evening (from 10h45 - 17h00) | BL35: 46056 | BM35: 46104 | BN35: Yes | BU35: No | BV35: Mobile | BX35: Full Time | BY35: 46038 | BZ35: Item | CA35: sites/SAM/Restricted_HUB/Lists/MEL
A36: 117 | B36: Dupuis, Joanie | C36: T956521 | D36: 956521 | E36: Active | F36: 43318 | H36: Monitoring Specialist II (Senior) | I36: Montreal | J36: Bilingual-French | K36: 4 | L36: joanie.dupuis@telus.com | M36: Diegue, Kerry | N36: Pandza, Vinko | O36: 514-568-8331 | R36: MJ6D | S36: M0107 | T36: L112629 | U36: 100956521 | V36: jdupuis | X36: 15141294050 | Y36: 1067025 | AD36: Video Monitoring;#5;#Video Verification;#4;#Complaint Line;#7;#Question Line;#6;#SmartWear;#3;#Video Monitoring Arpel only;#10;#Basic Troubleshooting;#2 | AF36: 43974 | AG36: 30414 | AJ36: 0.50 - (15 - 27 Hours) | AK36: Operator | AL36: Other / Casual | AM36: 0.29166667 | AN36: 0.64583333 | AQ36: Joanie | AR36: Dupuis | AS36: Nancy | AT36: 514-802-8950 | AU36: Mother | AV36: Serge | AW36: 514-568-8977 | AX36: Dad | AY36: Joanie Dupuis | BA36: 60036 | BB36: x | BC36: _ | BD36: _ | BE36: _ | BF36: _ | BG36: x | BH36: _ | BI36: part time schedule | BJ36: Morning (from 05h00 - 10h30) | BL36: 43478 | BM36: 43974 | BN36: Yes | BO36: 45440 | BP36: 45529 | BQ36: Yes | BR36: 44980 | BS36: 45074 | BT36: Yes | BU36: No | BV36: Virtual | BW36: 17 | BX36: Part Time | BY36: 43462 | BZ36: Item | CA36: sites/SAM/Restricted_HUB/Lists/MEL
A37: 412 | B37: El Hafsi, Hamza | C37: T996928 | D37: 996928 | E37: Active | F37: 44970 | H37: Monitoring Specialist II (Regular) | I37: Remote Area | J37: French | K37: 2 | L37: hamza.eihafsi@telus.com | M37: Diegue, Kerry | N37: Pandza, Vinko | O37: 4389510747 | S37: M0109 | T37: L801251 | U37: 100996928 | V37: T996928 | X37: 19051291052 | Y37: 1060028 | AJ37: 1.00 - (34 - 37.5 Hours) | AK37: Operator | AL37: Week A (7/7) | AM37: 0.94791667 | AN37: 0.38541667 | AQ37: Hamza | AR37: El Hafsi | AS37: Rania | AT37: 438-951-0746 | AU37: Wife | AY37: Hamza El Hafsi | BA37: Pending/Required | BB37: x | BC37: x | BD37: x | BE37: x | BF37: x | BG37: x | BH37: x | BJ37: Night (from 18h30 - 01h00) | BL37: 45204 | BM37: 45411 | BU37: No | BV37: Virtual | BW37: 35 | BX37: Full Time | BY37: 45085 | BZ37: Item | CA37: sites/SAM/Restricted_HUB/Lists/MEL
A38: 365 | B38: Fakhfakh, Souleymen | C38: T995918 | D38: 995918 | E38: Active | F38: 44900 | H38: Monitoring Specialist II (Senior) | I38: Remote Area | J38: French | K38: 4 | L38: souleymen.fakhfakh1@telus.com | M38: Diegue, Kerry | N38: Pandza, Vinko | O38: 5063807409 | R38: MRS1F | S38: M0111 | T38: L802309 | U38: 100995918 | V38: T995918 | X38: 19051291028 | Y38: 1110128 | AD38: Basic Troubleshooting;#2;#Complaint Line;#7;#Question Line;#6;#Video Monitoring;#5;#Video Monitoring Arpel only;#10;#Video Verification;#4 | AJ38: 1.00 - (34 - 37.5 Hours) | AK38: Operator | AL38: 46115 | AM38: 0.66666667 | AN38: 0.041666667 | AQ38: Souleymen | AR38: Fakhfakh | AS38: Faten Bouassida | AT38: 506-380-0655 | AY38: Souleymen Fakhfakh | BA38: Issued | BB38: _ | BC38: x | BD38: x | BE38: x | BF38: _ | BG38: _ | BH38: x | BJ38: Evening (from 10h45 - 17h00) | BL38: 45972 | BM38: 45972 | BN38: Yes | BO38: 45921 | BP38: 45921 | BQ38: No | BR38: 46056 | BS38: 46112 | BT38: No | BU38: No | BV38: Virtual | BW38: 37.5 | BX38: Full Time | BY38: 45035 | BZ38: Item | CA38: sites/SAM/Restricted_HUB/Lists/MEL
A39: 126 | B39: Flanagan-Fortin, Shawn | C39: T967974 | D39: 967974 | E39: Active | F39: 44337 | H39: Monitoring Specialist II (Senior) | I39: Vancouver | J39: English | K39: 4 | L39: shawn.flanagan-fortin@telus.com | M39: Dhindsa, Sukhjinder | N39: Khara, Tanu | O39: 7787911020 | R39: MVS1F | S39: M0113 | T39: L707513 (New) L806432(Old) | U39: 100967974 | V39: t967974 | X39: 16041295011 | Y39: 1067360 | Z39: sflanang | AD39: Backup MRC;#1;#Complaint Line;#7;#Question Line;#6;#SmartWear;#3;#Video Monitoring;#5;#Video Verification;#4 | AF39: 45030 | AG39: 35980 | AJ39: 1.00 - (34 - 37.5 Hours) | AK39: Operator | AL39: Week B (7/7) | AM39: 0.58333333 | AN39: 0.020833333 | AQ39: Shawn | AR39: Flanagan-Fortin | AS39: Carol-Ann Flanagan | AT39: 7788880977 | AU39: mom | AY39: Shawn Flanagan-Fortin | BA39: Issued | BB39: x | BC39: x | BD39: x | BE39: x | BF39: x | BG39: x | BH39: x | BJ39: Evening (from 10h45 - 17h00) | BL39: 44472 | BM39: 44472 | BN39: Yes | BO39: 44945 | BP39: 45172 | BQ39: Yes | BR39: 44953 | BS39: 45383 | BT39: Yes | BU39: No | BV39: In office | BW39: 35 | BX39: Full Time | BY39: 44472 | BZ39: Item | CA39: sites/SAM/Restricted_HUB/Lists/MEL
A40: 130 | B40: Gabriel, Gamelyn | C40: T955761 | D40: 955761 | E40: Active | F40: 42485 | H40: Monitoring Specialist II (Senior) | I40: Montreal | J40: Bilingual-French | K40: 4 | L40: gamelyn.gabriel@telus.com | M40: Rwano, Guy Fremin | N40: Pandza, Vinko | O40: 4382999631 | R40: MG2G | S40: M0115 | T40: L112361 | U40: 100955761 | V40: gamelyngabriel | X40: 15141294137 | Y40: 1066319 | AD40: Complaint Line;#7;#Data Entry Advanced;#8;#Question Line;#6;#Video Monitoring;#5;#Video Verification;#4;#Basic Troubleshooting;#2;#SmartWear;#3 | AF40: 42783 | AG40: 22353 | AJ40: 1.00 - (34 - 37.5 Hours) | AK40: Operator | AL40: 46115 | AM40: 0.75 | AN40: 0.10416667 | AQ40: Gamelyn | AR40: Gabriel | AS40: Ketly (conjointe) | AT40: 514-702-9884 | AY40: Gamelyn Gabriel | BB40: x | BC40: x | BD40: _ | BE40: x | BF40: x | BG40: _ | BH40: _ | BJ40: Evening (from 10h45 - 17h00) | BN40: Yes | BQ40: Yes | BT40: Yes | BU40: No | BV40: Mobile | BW40: 34 | BX40: Full Time | BZ40: Item | CA40: sites/SAM/Restricted_HUB/Lists/MEL
A41: 131 | B41: Gagnon, Nancy | C41: T966280 | D41: 966280 | E41: Active | F41: 44312 | H41: Monitoring Specialist II (Senior) | I41: Ottawa | J41: Bilingual-French | K41: 4 | L41: nancy.gagnon1@telus.com | M41: Herrati, Houcine | N41: Khara, Tanu | O41: 613-600-2040 | R41: ON3G | S41: M0116 | T41: L111266 | U41: 44370265 | V41: t966280 | X41: 16131293156 | Y41: 1066465 | Z41: ngagnon | AA41: Agent | AD41: Video Monitoring;#5;#Video Verification;#4;#Backup MRC;#1;#SmartWear;#3;#Complaint Line;#7;#Question Line;#6 | AF41: 44732 | AG41: 32391 | AH41: 45926 | AI41: 32391 | AJ41: 1.00 - (34 - 37.5 Hours) | AK41: Operator | AL41: Week A (7/7) | AM41: 0.875 | AN41: 0.29166667 | AQ41: Nancy | AR41: Gagnon | AY41: Nancy Gagnon | BA41: Not Required | BB41: x | BC41: x | BD41: x | BE41: x | BF41: x | BG41: x | BH41: x | BJ41: Night (from 18h30 - 01h00) | BL41: 44465 | BM41: 44556 | BN41: Yes | BO41: 45439 | BP41: 45547 | BQ41: Yes | BR41: 45490 | BS41: 45552 | BT41: Yes | BU41: No | BV41: Mobile | BW41: 35 | BX41: Full Time | BY41: 44342 | BZ41: Item | CA41: sites/SAM/Restricted_HUB/Lists/MEL
A42: 137 | B42: Gil Cervino, Henrique Alexandre | C42: T960919 | D42: 960919 | E42: Active | F42: 44165 | H42: Monitoring Specialist II (Senior) | I42: Montreal | J42: Bilingual-French | K42: 4 | L42: henrique.gilcervino@telus.com | M42: Dhindsa, Sukhjinder | N42: Khara, Tanu | O42: 438-506-6793 | R42: MH1G | S42: M0120 | T42: L112498 | U42: 100960919 | V42: henriquegilcervino | X42: 15141294384 | Y42: 1066723 | AA42: Agent | AD42: SmartWear;#3;#Complaint Line;#7;#Question Line;#6;#Video Monitoring;#5;#Video Verification;#4;#Basic Troubleshooting;#2;#Data Entry Advanced;#8 | AF42: 44495 | AG42: 32907 | AJ42: 1.00 - (34 - 37.5 Hours) | AK42: Operator | AL42: 46115 | AM42: 0.29166667 | AN42: 0.64583333 | AQ42: Henrique Alexandre | AR42: Gil Cervino | AY42: Henrique Alexandre Gil Cervino | BA42: 66111 | BB42: x | BC42: x | BD42: _ | BE42: x | BF42: x | BG42: _ | BH42: _ | BJ42: Morning (from 05h00 - 10h30) | BM42: 44412 | BN42: Yes | BO42: 44979 | BP42: 45322 | BQ42: Yes | BR42: 45328 | BT42: No | BU42: No | BV42: Virtual | BW42: 34 | BX42: Full Time | BY42: 44294 | BZ42: Item | CA42: sites/SAM/Restricted_HUB/Lists/MEL
A43: 623 | B43: Ginete, Maricel | C43: T6001432 | D43: 6001432 | E43: Active | F43: 46119 | H43: Monitoring Specialist I (Junior) | I43: Calgary | J43: English | K43: 1 | L43: maricel.ginete@telus.com | M43: Coghiel, Caren | N43: Khara, Tanu | O43: 4036814395 | S43: M0538 | T43: 5CG2164J6X | U43: 106001432 | X43: 15141294020 | Y43: 1060008 | AJ43: 1.00 - (34 - 37.5 Hours) | AK43: Specialist - Hourly | AQ43: Maricel | AR43: Ginete | AY43: Maricel Ginete | BA43: 867606 | BB43: _ | BC43: _ | BD43: _ | BE43: _ | BF43: _ | BU43: Yes | BV43: In office | BW43: 35 | BX43: Full Time | BZ43: Item | CA43: sites/SAM/Restricted_HUB/Lists/MEL
A44: 616 | B44: Guzman, Alexandre | C44: T773718 | D44: 773718 | E44: Active | F44: 45957 | H44: Monitoring Specialist II (Regular) | I44: Montreal | J44: Bilingual-French | K44: 2 | L44: alex.guzman@telus.com | M44: Herrati, Houcine | N44: Khara, Tanu | O44: 5144317307 | S44: M0515 | T44: PF3ZEL27 | U44: 100773718 | X44: 15141294003 | Y44: 1060064 | AD44: Basic Troubleshooting;#2 | AJ44: 1.00 - (34 - 37.5 Hours) | AK44: Operator | AL44: Week A (7/7) | AM44: 0.54166667 | AN44: 0.97916667 | AQ44: Alexandre | AR44: Guzman | AY44: Alexandre Guzman | BA44: 550468 | BB44: x | BC44: x | BD44: x | BE44: x | BF44: x | BG44: x | BH44: x | BJ44: Evening (from 10h45 - 17h00) | BL44: 46051 | BM44: 46090 | BN44: Yes | BU44: No | BV44: Mobile | BW44: 35 | BX44: Full Time | BY44: 46030 | BZ44: Item | CA44: sites/SAM/Restricted_HUB/Lists/MEL
A45: 148 | B45: Herbst, Emily | C45: T956515 | D45: 956515 | E45: Active | F45: 43240 | G45: 43136 | H45: Monitoring Specialist II (Senior) | I45: Ottawa | J45: Bilingual-English | K45: 4 | L45: emily.herbst@telus.com | M45: Rwano, Guy Fremin | N45: Pandza, Vinko | O45: 613-798-3557 | R45: OE1H | S45: M0128 | T45: L101047 | U45: 100956515 | V45: eherbst | X45: 16131293069 | Y45: 1062106 | Z45: eherbst | AA45: Supervisor | AC45: EHE | AD45: Backup MRC;#1;#Complaint Line;#7;#Question Line;#6;#SmartWear;#3 | AF45: 43287 | AG45: 26343 | AJ45: 1.00 - (34 - 37.5 Hours) | AK45: Operator | AL45: Week A (7/7) | AM45: 0.27083333 | AN45: 0.6875 | AQ45: Emily | AR45: Herbst | AS45: Claire Herbst | AT45: 613-292-1669 | AY45: Emily Herbst | BB45: x | BC45: x | BD45: x | BE45: x | BF45: x | BG45: x | BH45: x | BJ45: Morning (from 05h00 - 10h30) | BL45: 43136 | BM45: 43218 | BN45: Yes | BO45: 43243 | BP45: 43277 | BQ45: Yes | BR45: 43244 | BS45: 43277 | BT45: Yes | BU45: No | BV45: Virtual | BW45: 35 | BX45: Full Time | BY45: 43218 | BZ45: Item | CA45: sites/SAM/Restricted_HUB/Lists/MEL
A46: 149 | B46: Hirst-Smith, Courtnay | C46: T980256 | D46: 980256 | E46: Active | F46: 44578 | H46: Monitoring Specialist II (Senior) | I46: Prince George | J46: Bilingual-English | K46: 4 | L46: courtnay.hirst-smith@telus.com | M46: Gillingham, Shelley | N46: Khara, Tanu | O46: 2503018808 | R46: PC1H | S46: M0129 | T46: L805633 | U46: 100980256 | V46: t980256 | X46: 16041295005 | Y46: 1067381 | AD46: Complaint Line;#7;#Question Line;#6;#SmartWear;#3;#SME;#11;#Video Monitoring;#5 | AF46: 45371 | AG46: 969509 | AJ46: 1.00 - (34 - 37.5 Hours) | AK46: Operator | AL46: Week B (7/7) | AM46: 0.375 | AN46: 0.8125 | AQ46: Courtnay | AR46: Hirst-Smith | AS46: Allison Hirst | AT46: 2506175168 | AU46: Mother | AY46: Courtnay Hirst-Smith | BA46: Issued | BB46: x | BC46: x | BD46: x | BE46: x | BF46: x | BG46: x | BH46: x | BJ46: Morning (from 05h00 - 10h30) | BL46: 44706 | BM46: 44804 | BN46: Yes | BO46: 45275 | BP46: 45751 | BQ46: Yes | BR46: 45846 | BS46: 45936 | BT46: Yes | BU46: No | BV46: Virtual | BW46: 35 | BX46: Full Time | BY46: 44594 | BZ46: Item | CA46: sites/SAM/Restricted_HUB/Lists/MEL
A47: 150 | B47: Hirwa, Jules Adam | C47: T955723 | D47: 955723 | E47: Active | F47: 43170 | G47: 43045 | H47: Monitoring Specialist II (Senior) | I47: Ottawa | J47: Bilingual-French | K47: 4 | L47: jules.hirwa@telus.com | M47: Rwano, Guy Fremin | N47: Pandza, Vinko | O47: 613-668-3420 | R47: OJ1H | S47: M0130 | T47: L802899 | U47: 100955723 | V47: jhirwa | X47: 16131293017 | Y47: 1062322 | AD47: Complaint Line;#7;#Question Line;#6;#Video Monitoring;#5;#Video Verification;#4;#SmartWear;#3 | AF47: 43256 | AG47: 26188 | AJ47: 1.00 - (34 - 37.5 Hours) | AK47: Operator | AL47: Week A (7/7) | AM47: 0.25 | AN47: 0.66666667 | AQ47: Jules Adam | AR47: Hirwa | AY47: Jules Adam Hirwa | BB47: x | BC47: x | BD47: x | BE47: x | BF47: x | BG47: x | BH47: x | BJ47: Morning (from 05h00 - 10h30) | BL47: 43045 | BM47: 43137 | BN47: Yes | BO47: 43173 | BP47: 43229 | BQ47: Yes | BR47: 44278 | BS47: 44305 | BT47: Yes | BU47: No | BV47: Virtual | BW47: 35 | BX47: Full Time | BY47: 43137 | BZ47: Item | CA47: sites/SAM/Restricted_HUB/Lists/MEL
A48: 151 | B48: Ho, Hong (Destiny) | C48: T956362 | D48: 956362 | E48: Active | F48: 43352 | G48: 43227 | H48: Monitoring Specialist II (Regular) | I48: Calgary | J48: English | K48: 2 | L48: hong.ho@telus.com | M48: Gillingham, Shelley | N48: Khara, Tanu | O48: 587-229-0990 | R48: CD6H | S48: M0131 | T48: L116369 | U48: 100956362 | V48: T956362 | X48: 14031292008 | Y48: 1020178 | AD48: SmartWear;#3 | AF48: 43403 | AG48: 27063 | AJ48: 1.00 - (34 - 37.5 Hours) | AK48: Operator | AL48: 46115 | AM48: 0.45833333 | AN48: 0.83333333 | AQ48: Hong (Destiny) | AR48: Ho | AY48: Hong (Destiny) Ho | BA48: 332267 | BB48: _ | BC48: x | BD48: x | BE48: x | BF48: _ | BG48: _ | BH48: x | BJ48: Morning (from 05h00 - 10h30) | BL48: 43319 | BM48: 43395 | BN48: Yes | BU48: Yes | BV48: Virtual | BW48: 34 | BX48: Full Time | BY48: 43295 | BZ48: Item | CA48: sites/SAM/Restricted_HUB/Lists/MEL
A49: 153 | B49: Ininahazwe, Sabrina Amanda | C49: T956381 | D49: 956381 | E49: Active | F49: 43192 | H49: Monitoring Specialist II (Senior) | I49: Ottawa | J49: Bilingual-French | K49: 4 | L49: sabrina.ininahazwe@telus.com | M49: Diegue, Kerry | N49: Pandza, Vinko | O49: 819-319-8520 | R49: M0133 | S49: M0133 | T49: L803039 | U49: 100956381 | V49: sininahazwe | X49: 16131293060 | Y49: 1062242 | Z49: sininaha | AA49: Supervisor | AC49: SIN | AD49: Backup MRC;#1;#Complaint Line;#7;#Question Line;#6;#SmartWear;#3;#Video Monitoring;#5;#Video Verification;#4;#Video Monitoring Arpel only;#10;#Basic Troubleshooting;#2 | AF49: 45186 | AG49: 968603 | AJ49: 1.00 - (34 - 37.5 Hours) | AK49: Operator | AL49: Week A (7/7) | AM49: 0.25 | AN49: 0.66666667 | AQ49: Sabrina Amanda | AR49: Ininahazwe | AS49: Kelly Donge | AT49: 613-462-4865 | AV49: Becky Ingwinza | AW49: 613-462-4854 | AX49: cousin | AY49: Sabrina Amanda Ininahazwe | BB49: x | BC49: x | BD49: x | BE49: x | BF49: x | BG49: x | BH49: x | BJ49: Morning (from 05h00 - 10h30) | BL49: 43298 | BM49: 43413 | BN49: Yes | BO49: 44250 | BP49: 45413 | BQ49: Yes | BR49: 44873 | BS49: 45413 | BT49: Yes | BU49: No | BV49: Virtual | BW49: 35 | BX49: Full Time | BY49: 43264 | BZ49: Item | CA49: sites/SAM/Restricted_HUB/Lists/MEL
A50: 639 | B50: Inosimeh Barisua | C50: T6001663 | D50: 6001663 | E50: Active | F50: 46146 | H50: Monitoring Specialist I (Junior) | I50: Calgary | J50: English | K50: Trainee | L50: inosimeh.barisua@telus.com | M50: Diegue, Kerry | N50: Pandza, Vinko | T50: SD00RRRS | V50: 1060071 | X50: 15141294026 | AJ50: 1.00 - (34 - 37.5 Hours) | AK50: Specialist - Hourly | AQ50: Inosimeh | AR50: Barisua | AS50: 431-556-1670 | AY50: Inosimeh Barisua | BA50: Pending/Required | BB50: _ | BC50: _ | BD50: _ | BE50: _ | BF50: _ | BU50: Yes | BV50: In office | BW50: 35 | BX50: Full Time | BZ50: Item | CA50: sites/SAM/Restricted_HUB/Lists/MEL
A51: 157 | B51: Jaén-Benitez, Roberto-David | C51: T955709 | D51: 955709 | E51: Active | F51: 43227 | H51: Monitoring Specialist II (Senior) | I51: Montreal | J51: Bilingual-English | K51: 4 | L51: roberto.jaenbenitez@telus.com | M51: Herrati, Houcine | N51: Khara, Tanu | O51: 514-907-6999 | R51: MR2J | S51: M0135 | T51: L112620 | U51: 100955709 | V51: rjaenbenitez | X51: 15141294186 | Y51: 1066930 | Z51: robertoj | AA51: Supervisor | AC51: RJB | AD51: Basic Troubleshooting;#2;#Video Monitoring;#5;#Question Line;#6;#Complaint Line;#7;#SmartWear;#3;#Backup MRC;#1 | AF51: 45183 | AG51: 968600 | AH51: 46099 | AI51: 27130 | AJ51: 1.00 - (34 - 37.5 Hours) | AK51: Operator | AL51: Week A (7/7) | AM51: 0.83333333 | AN51: 0.25 | AQ51: Roberto-David | AR51: Jaén-Benitez | AY51: Roberto-David Jaén-Benitez | BA51: 66921 | BB51: x | BC51: x | BD51: x | BE51: x | BF51: x | BG51: x | BH51: x | BJ51: Night (from 18h30 - 01h00) | BL51: 43466 | BM51: 43525 | BN51: Yes | BO51: 44652 | BP51: 44713 | BQ51: Yes | BR51: 44979 | BS51: 45042 | BT51: Yes | BU51: No | BV51: Mobile | BW51: 35 | BX51: Full Time | BY51: 43319 | BZ51: Item | CA51: sites/SAM/Restricted_HUB/Lists/MEL
A52: 644 | B52: Joakeem Séjour | C52: T6001710 | D52: 6001710 | E52: Active | F52: 46146 | H52: Monitoring Specialist I (Junior) | I52: Montreal | J52: Bilingual-French | K52: Trainee | L52: joakeem.sejour@telus.com | M52: Diegue, Kerry | N52: Pandza, Vinko | O52: 5145775741 | T52: SD00S3V8 | X52: 15141294048 | Y52: 1060073 | AJ52: 1.00 - (34 - 37.5 Hours) | AK52: Specialist - Hourly | AQ52: Joakeem | AR52: Séjour | AY52: Joakeem Séjour | BA52: Pending/Required | BB52: _ | BC52: _ | BD52: _ | BE52: _ | BF52: _ | BU52: No | BV52: Virtual | BW52: 35 | BX52: Full Time | BZ52: Item | CA52: sites/SAM/Restricted_HUB/Lists/MEL
A53: 643 | B53: Jone Elmido | C53: T6001708 | D53: 6001708 | E53: Active | F53: 46146 | H53: Monitoring Specialist I (Junior) | I53: Montreal | J53: Bilingual-French | K53: Trainee | L53: jone.elmido@telus.com | M53: Diegue, Kerry | N53: Pandza, Vinko | O53: 5149968286 | AJ53: 1.00 - (34 - 37.5 Hours) | AK53: Specialist - Hourly | AQ53: Jone | AR53: Elmido | AY53: Jone Elmido | BA53: Pending/Required | BB53: _ | BC53: _ | BD53: _ | BE53: _ | BF53: _ | BU53: No | BV53: In office | BW53: 35 | BX53: Full Time | BZ53: Item | CA53: sites/SAM/Restricted_HUB/Lists/MEL
A54: 161 | B54: Joseph, Whilston | C54: T955836 | D54: 955836 | E54: Active | F54: 43198 | G54: 43066 | H54: Monitoring Specialist II (Senior) | I54: Montreal | J54: Bilingual-French | K54: 4 | L54: whilston.joseph@telus.com | M54: Kollias, Peter | N54: Pandza, Vinko | O54: 514-462-2911 | R54: MW1J | S54: M0060 | T54: L112594 | U54: 100955836 | V54: whilstonjoseph | X54: 15141294182 | Y54: 1066780 | Z54: wjoseph | AA54: Supervisor | AD54: Backup MRC;#1;#Complaint Line;#7;#Question Line;#6;#Video Monitoring;#5;#Video Verification;#4 | AF54: 43239 | AG54: 26018 | AJ54: 1.00 - (34 - 37.5 Hours) | AK54: Operator | AL54: Week B (7/7) | AM54: 0.33333333 | AN54: 0.75 | AQ54: Whilston | AR54: Joseph | AY54: Whilston Joseph | BA54: 67180 | BB54: x | BC54: x | BD54: x | BE54: x | BF54: x | BG54: x | BH54: x | BJ54: Morning (from 05h00 - 10h30) | BN54: Yes | BO54: 43396 | BP54: 43488 | BQ54: Yes | BR54: 43397 | BS54: 43488 | BT54: Yes | BU54: No | BV54: Mobile | BW54: 35 | BX54: Full Time | BZ54: Item | CA54: sites/SAM/Restricted_HUB/Lists/MEL
A55: 626 | B55: Kaur Brar, Dilpreet | C55: T6001437 | D55: 6001437 | E55: Active | F55: 46119 | H55: Monitoring Specialist I (Junior) | I55: Calgary | J55: English | K55: 1 | L55: dilpreet.brar1@telus.com | M55: Coghiel, Caren | N55: Khara, Tanu | O55: 5876648226 | S55: M0539 | T55: 5CG1461XM4 | U55: 106001437 | X55: 15141294064 | Y55: 1060019 | AJ55: 1.00 - (34 - 37.5 Hours) | AK55: Specialist - Hourly | AQ55: Dilpreet | AR55: Kaur Brar | AY55: Dilpreet Kaur Brar | BA55: 796929 | BB55: _ | BC55: _ | BD55: _ | BE55: _ | BF55: _ | BU55: Yes | BV55: In office | BW55: 35 | BX55: Full Time | BZ55: Item | CA55: sites/SAM/Restricted_HUB/Lists/MEL
A56: 333 | B56: Kaur Mann, Talwinder | C56: T990270 | D56: 990270 | E56: Active | F56: 44781 | H56: Monitoring Specialist II (Regular) | I56: Montreal | J56: Bilingual-English | K56: 2 | L56: Talwinder.mann@telus.com | M56: Diegue, Kerry | N56: Pandza, Vinko | O56: 5148678691 | R56: MMT1M | S56: M0141 | T56: L110992 | U56: 100990270 | V56: T990270 | X56: 15141294006 | Y56: 1060004 | AF56: 45374 | AG56: 990270 | AJ56: 0.50 - (15 - 27 Hours) | AK56: Operator | AL56: Other / Casual | AM56: 0.20833333 | AN56: 0.52083333 | AQ56: Talwinder | AR56: Kaur Mann | AS56: Amandip Mann | AT56: 5148398691 | AY56: Talwinder Kaur Mann | BA56: 60043 | BB56: x | BC56: _ | BD56: _ | BE56: _ | BF56: _ | BG56: _ | BH56: x | BJ56: Morning (from 05h00 - 10h30) | BL56: 45070 | BM56: 45249 | BN56: Yes | BU56: No | BV56: Virtual | BW56: 15 | BX56: Part Time | BY56: 44873 | BZ56: Item | CA56: sites/SAM/Restricted_HUB/Lists/MEL
A57: 453 | B57: Kaur, Manpreet | C57: T998052 | D57: 998052 | E57: Active | F57: 45025 | H57: Monitoring Specialist II (Regular) | I57: Burnaby | J57: English | K57: 2 | L57: manpreet.kaur10@telus.com | M57: Coghiel, Caren | N57: Khara, Tanu | O57: 7783252800 | S57: M0142 | T57: L808402 | U57: 100998052 | V57: T998052 | X57: 16041295062 | Y57: 1030017 | AD57: SmartWear;#3 | AF57: 45743 | AJ57: 1.00 - (34 - 37.5 Hours) | AK57: Operator | AL57: 46115 | AM57: 0.0625 | AN57: 0.4375 | AQ57: Manpreet | AR57: Kaur | AY57: Manpreet Kaur | BA57: Pending/Required | BB57: _ | BC57: x | BD57: _ | BE57: _ | BF57: x | BG57: x | BH57: x | BJ57: Night (from 18h30 - 01h00) | BU57: No | BV57: Mobile | BW57: 34 | BX57: Full Time | BZ57: Item | CA57: sites/SAM/Restricted_HUB/Lists/MEL
A58: 167 | B58: Kenol, Sheilla | C58: T956486 | D58: 956486 | E58: Active | F58: 43654 | H58: Monitoring Specialist II (Senior) | I58: Montreal | J58: Bilingual-French | K58: 4 | L58: sheilla.kenol@telus.com | M58: Herrati, Houcine | N58: Khara, Tanu | O58: 514-217-2686 | R58: MS3K | S58: M0143 | T58: PF5K20H6 | U58: 100956486 | V58: sheilakenol | X58: 15141294288 | Y58: 1067180 | AD58: Video Monitoring;#5;#Complaint Line;#7;#Question Line;#6;#Basic Troubleshooting;#2;#SmartWear;#3 | AF58: 43962 | AG58: 30259 | AH58: 46135 | AI58: 968681 | AJ58: 1.00 - (34 - 37.5 Hours) | AK58: Operator | AL58: 46115 | AM58: 0.85416667 | AN58: 0.16666667 | AQ58: Sheilla | AR58: Kenol | AY58: Sheilla Kenol | BA58: 66003 | BB58: x | BC58: x | BD58: _ | BE58: x | BF58: x | BG58: _ | BH58: _ | BJ58: Night (from 18h30 - 01h00) | BL58: 43866 | BM58: 43930 | BN58: Yes | BO58: 45513 | BP58: 45583 | BQ58: Yes | BR58: 44012 | BS58: 44012 | BT58: Yes | BU58: No | BV58: Mobile | BW58: 30 | BX58: Full Time | BY58: 43728 | BZ58: Item | CA58: sites/SAM/Restricted_HUB/Lists/MEL
A59: 418 | B59: Khattabi, Mohammed Najib | C59: T997309 | D59: 997309 | E59: Active | F59: 45040 | H59: Monitoring Specialist II (Senior) | I59: Remote Area | J59: French | K59: 4 | L59: najib.khattabi@telus.com | M59: Lo, Mamadou | N59: Pandza, Vinko | O59: 5068899123 | S59: M0145 | T59: L114078 | U59: 100997309 | V59: T997309 | X59: 19051291054 | Y59: 1060034 | AD59: Question Line;#6;#Complaint Line;#7;#Video Monitoring;#5 | AJ59: 1.00 - (34 - 37.5 Hours) | AK59: Operator | AL59: 46115 | AM59: 0.70833333 | AN59: 0.083333333 | AQ59: Mohammed Najib | AR59: Khattabi | AS59: Amal Tayache (Conjointe) | AT59: 506-889-8389 | AY59: Mohammed Najib Khattabi | BA59: Pending/Required | BB59: x | BC59: _ | BD59: x | BE59: x | BF59: x | BG59: _ | BH59: _ | BJ59: Evening (from 10h45 - 17h00) | BL59: 45204 | BM59: 45272 | BO59: 45720 | BP59: 45774 | BQ59: No | BR59: 45881 | BS59: 45937 | BU59: No | BV59: Virtual | BW59: 34 | BX59: Full Time | BZ59: Item | CA59: sites/SAM/Restricted_HUB/Lists/MEL
A60: 332 | B60: Labbé-Géolier , Simon Olivier | C60: T990146 | D60: 990146 | E60: Active | F60: 44781 | H60: Monitoring Specialist II (Regular) | I60: Montreal | J60: French | K60: 2 | L60: simon.labbegeolier@telus.com | M60: Diegue, Kerry | N60: Pandza, Vinko | O60: 5147781079 | R60: MMS2L | S60: M0148 | T60: L707653 | U60: 100990146 | V60: T990146 | X60: 15141294012 | Y60: 1060007 | AF60: 45546 | AG60: 990146 | AJ60: 0.50 - (15 - 27 Hours) | AK60: Operator | AL60: Other / Casual | AM60: 0.20833333 | AN60: 0.52083333 | AQ60: Simon Olivier | AR60: Labbé-Géolier | AS60: Nadine Labbe | AT60: 4388848544 | AY60: Simon Olivier Labbé-Géolier | BA60: 66711 | BB60: x | BC60: _ | BD60: _ | BE60: x | BF60: _ | BG60: _ | BH60: _ | BJ60: Morning (from 05h00 - 10h30) | BL60: 45688 | BM60: 45742 | BN60: No | BU60: No | BV60: Virtual | BW60: 15 | BX60: Part Time | BY60: 44927 | BZ60: Item | CA60: sites/SAM/Restricted_HUB/Lists/MEL
A61: 172 | B61: Lacombe Larimore, Ian | C61: T955763 | D61: 955763 | E61: Long Term Disability | F61: 40259 | H61: Monitoring Specialist II (Senior) | I61: Montreal | J61: Bilingual-English | K61: 4 | L61: ian.lacombelarimore@telus.com | M61: Kollias, Peter | N61: Pandza, Vinko | O61: 438-521-9694 | R61: MI1L | S61: M0150 | T61: L112381 | U61: 100955763 | V61: ilacombelarimore | X61: 15141294100 | Y61: 1066311 | AD61: Complaint Line;#7;#Data Entry Advanced;#8;#Question Line;#6;#Video Monitoring;#5;#Video Verification;#4 | AF61: 40489 | AG61: 8263 | AJ61: 1.00 - (34 - 37.5 Hours) | AK61: Operator | AL61: Week A (7/7) | AM61: 0.29166667 | AN61: 0.70833333 | AQ61: Ian | AR61: Lacombe Larimore | AY61: Ian Lacombe Larimore | BA61: 66097 | BB61: x | BC61: x | BD61: x | BE61: x | BF61: x | BG61: x | BH61: x | BJ61: Morning (from 05h00 - 10h30) | BN61: Yes | BQ61: Yes | BT61: Yes | BU61: No | BV61: Mobile | BW61: 35 | BX61: Full Time | BZ61: Item | CA61: sites/SAM/Restricted_HUB/Lists/MEL
A62: 356 | B62: Lakhal, Oussama | C62: T992414 | D62: 992414 | E62: Active | F62: 44823 | H62: Monitoring Specialist II (Senior) | I62: Remote Area | J62: French | K62: 3 | L62: oussama.lahkal@telus.com | M62: Lo, Mamadou | N62: Pandza, Vinko | O62: 5066883455 | R62: MRO1L | S62: M0151 | T62: L104121 | U62: 100992414 | V62: T992414 | X62: 15141294035 | Y62: 1066011 | AD62: Question Line;#6 | AJ62: 1.00 - (34 - 37.5 Hours) | AK62: Operator | AL62: 46115 | AM62: 0.66666667 | AN62: 0.041666667 | AQ62: Oussama | AR62: Lakhal | AS62: Sara Sassi | AT62: 5069612293 | AY62: Oussama Lakhal | BA62: Pending/Required | BB62: x | BC62: x | BD62: x | BE62: x | BF62: _ | BG62: _ | BH62: _ | BJ62: Evening (from 10h45 - 17h00) | BL62: 44993 | BM62: 45085 | BN62: Yes | BO62: 46077 | BP62: 46127 | BQ62: Yes | BU62: No | BV62: Virtual | BW62: 34 | BX62: Full Time | BY62: 44978 | BZ62: Item | CA62: sites/SAM/Restricted_HUB/Lists/MEL
A63: 177 | B63: Landry, Josianne | C63: T956513 | D63: 956513 | E63: Active | F63: 37696 | H63: Monitoring Specialist II (Senior) | I63: Montreal | J63: Bilingual-French | K63: 4 | L63: josianne.landry@telus.com | M63: Kollias, Peter | N63: Pandza, Vinko | O63: 514-233-1790 | P63: 450-824-9411 | R63: MJ2L | S63: M0155 | T63: L110690 | U63: 100956513 | V63: josiannelandry | X63: 15141294329 | Y63: 1066033 | AD63: Complaint Line;#7;#Data Entry Advanced;#8;#Question Line;#6;#SME;#11;#Video Monitoring;#5;#Video Verification;#4 | AF63: 39948 | AG63: 4257 | AJ63: 0.75 - (28 - 33 Hours) | AK63: Operator | AL63: Other / Casual | AM63: 0.20833333 | AN63: 0.45833333 | AQ63: Josianne | AR63: Landry | AY63: Josianne Landry | BA63: 66033 | BB63: _ | BC63: x | BD63: x | BE63: x | BF63: x | BG63: x | BH63: _ | BI63: Ceci est un horaire temporaire WFH | BJ63: Morning (from 05h00 - 10h30) | BN63: Yes | BQ63: Yes | BR63: 46091 | BU63: No | BV63: Mobile | BW63: 30 | BX63: Full Time | BZ63: Item | CA63: sites/SAM/Restricted_HUB/Lists/MEL
A64: 180 | B64: Lapointe, Renelle | C64: T956388 | D64: 956388 | E64: Active | F64: 43437 | H64: Monitoring Specialist II (Senior) | I64: Ottawa | J64: Bilingual-French | K64: 4 | L64: renelle.lapointe@telus.com | M64: Dhindsa, Sukhjinder | N64: Khara, Tanu | O64: 819-319-7398 | R64: OR1L | S64: M0156 | T64: L115359 | U64: 100956388 | V64: renellelapointe | X64: 16131293044 | Y64: 1062508 | AA64: Agent | AD64: Complaint Line;#7;#Question Line;#6;#SmartWear;#3;#Basic Troubleshooting;#2;#Data Entry Advanced;#8;#Video Verification;#4;#Video Monitoring;#5 | AF64: 43560 | AG64: 27953 | AJ64: 1.00 - (34 - 37.5 Hours) | AK64: Operator | AL64: Week B (7/7) | AM64: 0.5 | AN64: 0.91666667 | AQ64: Renelle | AR64: Lapointe | AY64: Renelle Lapointe | BB64: x | BC64: x | BD64: x | BE64: x | BF64: x | BG64: x | BH64: x | BJ64: Evening (from 10h45 - 17h00) | BL64: 43516 | BM64: 43545 | BN64: Yes | BO64: 45513 | BP64: 45582 | BQ64: Yes | BR64: 45755 | BS64: 45905 | BT64: Yes | BU64: No | BV64: Virtual | BW64: 35 | BX64: Full Time | BY64: 43493 | BZ64: Item | CA64: sites/SAM/Restricted_HUB/Lists/MEL
A65: 622 | B65: Lee, Jadon | C65: T6001502 | D65: 6001502 | E65: Active | F65: 46119 | H65: Monitoring Specialist I (Junior) | I65: Calgary | J65: English | K65: 1 | L65: jadon.lee@telus.com | M65: Gillingham, Shelley | N65: Khara, Tanu | O65: 4034718819 | S65: M0542 | T65: SD010WTP | U65: 106001502 | X65: 15141294019 | Y65: 1060006 | AJ65: 1.00 - (34 - 37.5 Hours) | AK65: Specialist - Hourly | AQ65: Jadon | AR65: Lee | AY65: Jadon Lee | BA65: 344906 | BB65: _ | BC65: _ | BD65: _ | BE65: _ | BF65: _ | BU65: Yes | BV65: In office | BW65: 35 | BX65: Full Time | BZ65: Item | CA65: sites/SAM/Restricted_HUB/Lists/MEL
A66: 630 | B66: Lee, Robert | C66: T6001469 | D66: 6001469 | E66: Active | F66: 46119 | H66: Monitoring Specialist I (Junior) | I66: Calgary | J66: English | K66: 1 | L66: robert.lee1@telus.com | M66: Coghiel, Caren | N66: Khara, Tanu | O66: 4034797579 | S66: M0534 | T66: PF3WD3QJ | U66: 106001469 | X66: 15141294087 | Y66: 1060025 | AJ66: 1.00 - (34 - 37.5 Hours) | AK66: Specialist - Hourly | AQ66: Robert | AR66: Lee | AY66: Robert Lee | BA66: 992858 | BB66: _ | BC66: _ | BD66: _ | BE66: _ | BF66: _ | BU66: Yes | BV66: In office | BW66: 35 | BX66: Full Time | BZ66: Item | CA66: sites/SAM/Restricted_HUB/Lists/MEL
A67: 192 | B67: Malhi, Sandeep | C67: T980945 | D67: 980945 | E67: Active | F67: 44578 | H67: Monitoring Specialist II (Regular) | I67: Calgary | J67: English | K67: 2 | L67: sandeep.malhi@telus.com | M67: Coghiel, Caren | N67: Khara, Tanu | O67: 8257346848 | R67: VS2M | S67: M0165 | T67: L806355 | U67: 100980945 | V67: t980945 | X67: 16041295074 | Y67: 1067383 | AJ67: 1.00 - (34 - 37.5 Hours) | AK67: Operator | AL67: 46115 | AM67: 0.25 | AN67: 0.625 | AQ67: Sandeep | AR67: Malhi | AS67: Daljinder Singh Malhi | AT67: 8257347311 | AU67: husband | AY67: Sandeep Malhi | BA67: Issued | BB67: _ | BC67: _ | BD67: x | BE67: x | BF67: x | BG67: _ | BH67: x | BJ67: Night (from 18h30 - 01h00) | BL67: 44706 | BM67: 44801 | BN67: Yes | BU67: Yes | BV67: Mobile | BW67: 17 | BX67: Full Time | BY67: 44594 | BZ67: Item | CA67: sites/SAM/Restricted_HUB/Lists/MEL
A68: 598 | B68: Malki, Amine | C68: T769716 | D68: 769716 | E68: Active | F68: 45797 | H68: Monitoring Specialist II (Regular) | I68: Montreal | J68: Bilingual-French | K68: 2 | L68: amine.malki@telus.com | M68: Herrati, Houcine | N68: Khara, Tanu | O68: 4388896730 | S68: M0483 | T68: L707713 | U68: 100769716 | X68: 15141294032 | Y68: 1060023 | AF68: 46021 | AG68: 972875 | AJ68: 1.00 - (34 - 37.5 Hours) | AK68: Operator | AL68: 46115 | AM68: 0.58333333 | AN68: 0.95833333 | AQ68: Amine | AR68: Malki | AY68: Amine Malki | BA68: 943307 | BB68: x | BC68: x | BD68: _ | BE68: _ | BF68: x | BG68: x | BJ68: Evening (from 10h45 - 17h00) | BL68: 45911 | BM68: 45978 | BN68: Yes | BU68: No | BV68: Mobile | BW68: 34 | BX68: Full Time | BY68: 45876 | BZ68: Item | CA68: sites/SAM/Restricted_HUB/Lists/MEL
A69: 354 | B69: Mamputu, Patrick | C69: T992431 | D69: 992431 | E69: Active | F69: 44823 | H69: Monitoring Specialist II (Senior) | I69: Ottawa | J69: Bilingual-French | K69: 3 | L69: patrick.mamputu@telus.com | M69: Herrati, Houcine | N69: Khara, Tanu | O69: 8193183174 | R69: MOM1P | S69: M0166 | T69: 5CG2090XMM | U69: 100992431 | V69: T992431 | X69: 15141294081 | Y69: 1066151 | AD69: SmartWear;#3;#Complaint Line;#7;#Question Line;#6 | AF69: 45370 | AG69: 969507 | AJ69: 0.50 - (15 - 27 Hours) | AK69: Operator | AL69: Other / Casual | AM69: 0.875 | AN69: 0.083333333 | AQ69: Patrick | AR69: Mamputu | AS69: PATRICK MAMPUTU | AT69: 8196356447 | AY69: Patrick Mamputu | BA69: Pending/Required | BB69: _ | BC69: x | BD69: x | BE69: _ | BF69: _ | BG69: _ | BH69: x | BI69: Saturday 05:00-11:00 | BJ69: Variable (if not all the same) | BL69: 44965 | BM69: 45405 | BN69: Yes | BO69: 46093 | BU69: No | BV69: Mobile | BW69: 18 | BX69: Part Time | BY69: 44841 | BZ69: Item | CA69: sites/SAM/Restricted_HUB/Lists/MEL
A70: 193 | B70: Mantion, Laurence | C70: T956375 | D70: 956375 | E70: Long Term Disability | F70: 41918 | H70: Monitoring Specialist II (Regular) | I70: Montreal | J70: Bilingual-French | K70: 2 | L70: laurence.mantion@telus.com | M70: Lo, Mamadou | N70: Pandza, Vinko | O70: 438-988-8029 | R70: ML1M | S70: M0167 | T70: L112403 | U70: 100956375 | V70: lmantion | X70: 15141294328 | Y70: 1066256 | AF70: 42165 | AG70: 19204 | AJ70: 1.00 - (34 - 37.5 Hours) | AK70: Operator | AL70: 46115 | AM70: 0.29166667 | AN70: 0.64583333 | AQ70: Laurence | AR70: Mantion | AY70: Laurence Mantion | BB70: x | BC70: x | BD70: x | BF70: x | BJ70: Morning (from 05h00 - 10h30) | BN70: Yes | BU70: No | BV70: Virtual | BW70: 34 | BX70: Full Time | BZ70: Item | CA70: sites/SAM/Restricted_HUB/Lists/MEL
A71: 194 | B71: Marcil, Carol | C71: T955765 | D71: 955765 | E71: Active | F71: 38798 | H71: Monitoring Specialist II (Senior) | I71: Montreal | J71: Bilingual-French | K71: 4 | L71: carol.marcil@telus.com | M71: Kollias, Peter | N71: Pandza, Vinko | O71: 514-708-3859 | R71: MC2M | S71: M0168 | T71: L112664 | U71: 100955765 | V71: cmarcil | X71: 15141294180 | Y71: 1066028 | AD71: Complaint Line;#7;#Data Entry Advanced;#8;#Question Line;#6 | AF71: 39956 | AG71: 4621 | AJ71: 1.00 - (34 - 37.5 Hours) | AK71: Operator | AL71: Week B (7/7) | AM71: 0.29166667 | AN71: 0.70833333 | AQ71: Carol | AR71: Marcil | AY71: Carol Marcil | BA71: 66028 | BB71: x | BC71: x | BD71: x | BE71: x | BF71: x | BG71: x | BH71: x | BJ71: Morning (from 05h00 - 10h30) | BN71: Yes | BQ71: Yes | BT71: Yes | BU71: No | BV71: Mobile | BW71: 35 | BX71: Full Time | BZ71: Item | CA71: sites/SAM/Restricted_HUB/Lists/MEL
A72: 613 | B72: Mazari, Hichem | C72: T773651 | D72: 773651 | E72: Active | F72: 45957 | H72: Monitoring Specialist II (Regular) | I72: Montreal | J72: Bilingual-French | K72: 2 | L72: hichem.mazari@telus.com | M72: Coghiel, Caren | N72: Khara, Tanu | O72: 5069530272 | S72: M0512 | T72: SD00BLGX | U72: 100773651 | X72: 15141294040 | Y72: 1060062 | AJ72: 1.00 - (34 - 37.5 Hours) | AK72: Operator | AL72: Week B (7/7) | AM72: 0.8125 | AN72: 0.25 | AQ72: Hichem | AR72: Mazari | AY72: Hichem Mazari | BA72: Pending/Required | BB72: x | BC72: x | BD72: x | BE72: x | BF72: x | BG72: x | BH72: x | BJ72: Night (from 18h30 - 01h00) | BL72: 46056 | BM72: 46105 | BU72: No | BV72: Virtual | BX72: Full Time | BY72: 46032 | BZ72: Item | CA72: sites/SAM/Restricted_HUB/Lists/MEL
A73: 635 | B73: McCrory, Michael | C73: T6001434 | D73: 6001434 | E73: Active | F73: 46119 | H73: Monitoring Specialist I (Junior) | I73: Calgary | J73: English | K73: 1 | L73: mike.mccrory@telus.com | M73: Gillingham, Shelley | N73: Khara, Tanu | O73: 9055174450 | S73: M0536 | T73: PF3W1XJH | U73: 106001434 | X73: 15141294057 | Y73: 1060042 | AJ73: 1.00 - (34 - 37.5 Hours) | AK73: Specialist - Hourly | AQ73: Michael | AR73: McCrory | AY73: Michael McCrory | BA73: 237929 | BB73: _ | BC73: _ | BD73: _ | BE73: _ | BF73: _ | BU73: Yes | BV73: In office | BW73: 35 | BX73: Full Time | BZ73: Item | CA73: sites/SAM/Restricted_HUB/Lists/MEL
A74: 619 | B74: Medrano Sibrian, Yahshua | C74: T773727 | D74: 773727 | E74: Active | F74: 45957 | H74: Monitoring Specialist II (Regular) | I74: Montreal | J74: Bilingual-French | K74: 2 | L74: yahshua.medranosibrian@telus.com | M74: Coghiel, Caren | N74: Khara, Tanu | O74: 5149126923 | S74: M0517 | T74: 5CG12930SN | U74: 100773727 | X74: 15141294060 | Y74: 1060065 | AJ74: 1.00 - (34 - 37.5 Hours) | AK74: Operator | AL74: Week B (7/7) | AM74: 0.95833333 | AN74: 0.39583333 | AQ74: Yahshua | AR74: Medrano Sibrian | AY74: Yahshua Medrano Sibrian | BA74: Pending/Required | BB74: x | BC74: x | BD74: x | BE74: x | BF74: x | BG74: x | BH74: x | BJ74: Night (from 18h30 - 01h00) | BL74: 46049 | BM74: 46102 | BU74: No | BV74: Mobile | BX74: Full Time | BY74: 46030 | BZ74: Item | CA74: sites/SAM/Restricted_HUB/Lists/MEL
A75: 201 | B75: Melgar, Rafael | C75: T955719 | D75: 955719 | E75: Active | F75: 42296 | H75: Monitoring Specialist II (Senior) | I75: Calgary | J75: English | K75: 3 | L75: rafael.melgar@telus.com | M75: Gillingham, Shelley | N75: Khara, Tanu | O75: 587-438-3080 | R75: CR3M | S75: M0174 | T75: L111906 | U75: 100955719 | V75: rmelgar | X75: 14031292133 | Y75: 1210691 | AD75: Complaint Line;#7;#Question Line;#6 | AF75: 45180 | AG75: 968582 | AJ75: 1.00 - (34 - 37.5 Hours) | AK75: Operator | AL75: 46115 | AM75: 0.41666667 | AN75: 0.79166667 | AQ75: Rafael | AR75: Melgar | AY75: Rafael Melgar | BA75: 792289 | BB75: _ | BC75: x | BD75: _ | BE75: _ | BF75: x | BG75: x | BH75: x | BJ75: Morning (from 05h00 - 10h30) | BL75: 42408 | BM75: 42472 | BN75: Yes | BO75: 42779 | BP75: 42857 | BQ75: Yes | BU75: Yes | BV75: Virtual | BW75: 34 | BX75: Full Time | BY75: 42389 | BZ75: Item | CA75: sites/SAM/Restricted_HUB/Lists/MEL
A76: 377 | B76: Mertens, Antonia | C76: T988378 | D76: 988378 | E76: Active | F76: 38187 | H76: Monitoring Specialist II (Regular) | I76: Burnaby | J76: English | K76: 2 | L76: ANTONIA.MERTENS@TELUS.COM | M76: Dhindsa, Sukhjinder | N76: Khara, Tanu | O76: 7786861031 | S76: M0031 | T76: L806017 | U76: 100988378 | V76: T988378 | X76: 16041295028 | Y76: 1030045 | AC76: ANTONIA | AD76: Basic Troubleshooting;#2 | AJ76: 1.00 - (34 - 37.5 Hours) | AK76: Operator | AL76: Week B (7/7) | AM76: 0.33333333 | AN76: 0.77083333 | AQ76: Antonia | AR76: Mertens | AY76: Antonia Mertens | BA76: Pending/Required | BB76: x | BC76: x | BD76: x | BE76: x | BF76: x | BG76: x | BH76: x | BJ76: Morning (from 05h00 - 10h30) | BL76: 45677 | BM76: 45677 | BN76: Yes | BU76: No | BV76: In office | BW76: 35 | BX76: Full Time | BY76: 45677 | BZ76: Item | CA76: sites/SAM/Restricted_HUB/Lists/MEL
A77: 206 | B77: Michaud-Lapierre, Jonathan | C77: T955929 | D77: 955929 | E77: Long Term Disability | F77: 43857 | H77: Monitoring Specialist II (Senior) | I77: Montreal | J77: Bilingual-French | K77: 4 | L77: jonathan.michaud-lapierre@telus.com | M77: Herrati, Houcine | N77: Khara, Tanu | O77: 514-225-9737 | R77: MJDM | S77: M0178 | T77: L112431 | U77: 100955929 | V77: jonathanmichaudlap | X77: 15141294159 | Y77: 1067222 | AA77: Agent | AD77: Complaint Line;#7;#Data Entry Advanced;#8;#Question Line;#6 | AF77: 44161 | AG77: 31150 | AJ77: 1.00 - (34 - 37.5 Hours) | AK77: Operator | AL77: 46115 | AM77: 0.97916667 | AN77: 0.33333333 | AQ77: Jonathan | AR77: Michaud-Lapierre | AY77: Jonathan Michaud-Lapierre | BA77: 66132 | BB77: _ | BC77: x | BD77: _ | BE77: _ | BF77: x | BG77: x | BH77: x | BJ77: Night (from 18h30 - 01h00) | BL77: 43983 | BM77: 44044 | BN77: Yes | BO77: 44287 | BP77: 44348 | BQ77: Yes | BR77: 44593 | BS77: 44652 | BT77: Yes | BU77: No | BV77: Mobile | BW77: 34 | BX77: Full Time | BY77: 43888 | BZ77: Item | CA77: sites/SAM/Restricted_HUB/Lists/MEL
A78: 427 | B78: Miclisse-Polat, Lorenzo Misael | C78: T998180 | D78: 998180 | E78: Active | F78: 45082 | H78: Monitoring Specialist II (Senior) | I78: Montreal | J78: Bilingual-English | K78: 4 | L78: lorenzo.miclisse-polat@telus.com | M78: Rwano, Guy Fremin | N78: Pandza, Vinko | O78: 4389222233 | R78: MML1M | S78: M0179 | T78: L110653 | U78: 100998180 | V78: T998180 | X78: 15141294056 | Y78: 1060037 | AD78: Question Line;#6;#Complaint Line;#7;#SmartWear;#3;#Video Monitoring;#5;#Video Verification;#4 | AF78: 45401 | AJ78: 1.00 - (34 - 37.5 Hours) | AK78: Operator | AL78: Week B (7/7) | AM78: 0.75 | AN78: 0.16666667 | AQ78: Lorenzo Misael | AR78: Miclisse-Polat | AY78: Lorenzo Misael Miclisse-Polat | BA78: 60057 | BB78: x | BC78: x | BD78: x | BE78: x | BF78: x | BG78: x | BH78: x | BJ78: Evening (from 10h45 - 17h00) | BL78: 45253 | BM78: 45405 | BN78: Yes | BO78: 45440 | BP78: 45556 | BQ78: Yes | BR78: 45881 | BS78: 45941 | BU78: No | BV78: Virtual | BX78: Full Time | BY78: 45203 | BZ78: Item | CA78: sites/SAM/Restricted_HUB/Lists/MEL
A79: 209 | B79: Mondrzejewski, Dave | C79: T955932 | D79: 955932 | E79: Active | F79: 43857 | H79: Monitoring Specialist II (Senior) | I79: Montreal | J79: Bilingual-French | K79: 4 | L79: dave.mondrzejewski@telus.com | M79: Lo, Mamadou | N79: Pandza, Vinko | O79: 514-834-7141 | R79: MD7M | S79: M0183 | T79: L112574 | U79: 100955932 | V79: davemondrzejewski | X79: 15141294169 | Y79: 1067232 | AA79: Agent | AD79: SmartWear;#3;#Question Line;#6;#Complaint Line;#7;#Data Entry Advanced;#8;#SME;#11;#Video Verification;#4;#Video Monitoring;#5 | AF79: 44089 | AG79: 30856 | AJ79: 1.00 - (34 - 37.5 Hours) | AK79: Operator | AL79: Week B (7/7) | AM79: 0.29166667 | AN79: 0.70833333 | AQ79: Dave | AR79: Mondrzejewski | AY79: Dave Mondrzejewski | BA79: 66144 | BB79: x | BC79: x | BD79: x | BE79: x | BF79: x | BG79: x | BH79: x | BJ79: Morning (from 05h00 - 10h30) | BN79: Yes | BO79: 45244 | BP79: 45344 | BQ79: Yes | BR79: 45846 | BS79: 45932 | BT79: No | BU79: Yes | BV79: In office | BW79: 35 | BX79: Full Time | BZ79: Item | CA79: sites/SAM/Restricted_HUB/Lists/MEL
A80: 213 | B80: Narayanaparambath, Ekta | C80: T956363 | D80: 956363 | E80: Active | F80: 43758 | G80: 43374 | H80: Monitoring Specialist II (Regular) | I80: Calgary | J80: English | K80: 2 | L80: ekta.narayanaparambath@telus.com | M80: Gillingham, Shelley | N80: Khara, Tanu | O80: 587-971-4402 | R80: CE2N | S80: M0185 | T80: L111740 | U80: 100956363 | V80: T956363 | X80: 14031292009 | Y80: 1020242 | AF80: 45191 | AG80: 968611 | AJ80: 1.00 - (34 - 37.5 Hours) | AK80: Operator | AL80: 46115 | AM80: 0.375 | AN80: 0.75 | AQ80: Ekta | AR80: Narayanaparambath | AY80: Ekta Narayanaparambath | BA80: 187235 | BB80: _ | BC80: x | BD80: x | BE80: _ | BF80: _ | BG80: x | BH80: x | BJ80: Morning (from 05h00 - 10h30) | BL80: 43476 | BM80: 43518 | BN80: Yes | BU80: Yes | BV80: Virtual | BW80: 34 | BX80: Full Time | BY80: 43447 | BZ80: Item | CA80: sites/SAM/Restricted_HUB/Lists/MEL
A81: 214 | B81: Ndihokubwayo, Twahiba | C81: T956501 | D81: 956501 | E81: Active | F81: 43941 | H81: Monitoring Specialist II (Senior) | I81: Montreal | J81: Bilingual-English | K81: 4 | L81: twahiba.ndihokubwayo@telus.com | M81: Coghiel, Caren | N81: Khara, Tanu | O81: 8732003886 | R81: MT2N | S81: M0186 | T81: L111730 | U81: 100956501 | V81: ndihokubwayotwahib | X81: 14031292364 | Y81: 1020683 | AB81: T956501 | AD81: Question Line;#6;#Video Monitoring;#5;#Video Verification;#4;#Complaint Line;#7 | AF81: 45613 | AG81: 33019 | AJ81: 0.50 - (15 - 27 Hours) | AK81: Operator | AL81: Other / Casual | AQ81: Twahiba | AR81: Ndihokubwayo | AY81: Twahiba Ndihokubwayo | BA81: Pending/Required | BB81: x | BC81: x | BD81: _ | BE81: _ | BF81: _ | BG81: x | BH81: _ | BI81: varies -works days on Sundays | BJ81: Evening (from 10h45 - 17h00) | BL81: 44175 | BM81: 44175 | BN81: Yes | BO81: 45075 | BP81: 45316 | BQ81: Yes | BR81: 45076 | BS81: 45356 | BT81: Yes | BU81: No | BV81: Virtual | BW81: 20 | BX81: Part Time | BY81: 44017 | BZ81: Item | CA81: sites/SAM/Restricted_HUB/Lists/MEL
A82: 215 | B82: Ndjiapanda, Arlette | C82: T956520 | D82: 956520 | E82: Active | F82: 43304 | H82: Monitoring Specialist II (Senior) | I82: Ottawa | J82: Bilingual-French | K82: 3 | L82: arlette.ndjiapanda@telus.com | M82: Lo, Mamadou | N82: Pandza, Vinko | O82: 613-618-4908 | R82: OA6N | S82: M0187 | T82: L801025 | U82: 100956520 | V82: andjiapanda | X82: 16131293005 | Y82: 1062202 | AD82: Complaint Line;#7;#Question Line;#6 | AF82: 43503 | AG82: 27581 | AJ82: 0.50 - (15 - 27 Hours) | AK82: Operator | AL82: Other / Casual | AM82: 0.8125 | AN82: 0.020833333 | AQ82: Arlette | AR82: Ndjiapanda | AY82: Arlette Ndjiapanda | BB82: _ | BC82: x | BD82: _ | BE82: x | BF82: _ | BG82: _ | BH82: x | BI82: Mardi, Mercredi, Jeudi : 20h30 à 3h30 (7 heures) Samedi : 07:30am a 14:30 (7 heures) | BJ82: Evening (from 10h45 - 17h00) | BL82: 43379 | BM82: 43379 | BN82: Yes | BO82: 45924 | BP82: 45969 | BQ82: Yes | BU82: No | BV82: In office | BW82: 20 | BX82: Part Time | BY82: 43379 | BZ82: Item | CA82: sites/SAM/Restricted_HUB/Lists/MEL
A83: 627 | B83: Nhek, Sotham | C83: T6001466 | D83: 6001466 | E83: Active | F83: 46119 | H83: Monitoring Specialist I (Junior) | I83: Montreal | J83: Bilingual-French | K83: 1 | L83: sotham.nhek@telus.com | M83: Diegue, Kerry | N83: Pandza, Vinko | O83: 5149914218 | S83: M0529 | T83: 5CG0141KKV | U83: 106001466 | X83: 15141294066 | Y83: 1060047 | AJ83: 1.00 - (34 - 37.5 Hours) | AK83: Specialist - Hourly | AQ83: Sotham | AR83: Nhek | AY83: Sotham Nhek | BA83: 409216 | BB83: _ | BC83: _ | BD83: _ | BE83: _ | BF83: _ | BU83: No | BV83: In office | BW83: 35 | BX83: Full Time | BZ83: Item | CA83: sites/SAM/Restricted_HUB/Lists/MEL
A84: 642 | B84: Nicholas (Nick) Grégoire | C84: T6001655 | D84: 6001655 | E84: Active | F84: 46146 | H84: Monitoring Specialist I (Junior) | I84: Montreal | J84: Bilingual-English | K84: Trainee | L84: nick.gregoire@telus.com | M84: Diegue, Kerry | N84: Pandza, Vinko | O84: 5144300424 | T84: SD00S2H3 | X84: 15141294025 | Y84: 1060070 | AJ84: 1.00 - (34 - 37.5 Hours) | AK84: Specialist - Hourly | AQ84: Nicholas (Nick) | AR84: Grégoire | AY84: Nicholas (Nick) Grégoire | BA84: Pending/Required | BB84: _ | BC84: _ | BD84: _ | BE84: _ | BF84: _ | BU84: No | BV84: In office | BW84: 35 | BX84: Full Time | BZ84: Item | CA84: sites/SAM/Restricted_HUB/Lists/MEL
A85: 597 | B85: Nineza, Roxhannah | C85: T769717 | D85: 769717 | E85: Active | F85: 45797 | H85: Monitoring Specialist II (Regular) | I85: Ottawa | J85: Bilingual-French | K85: 2 | M85: Rwano, Guy Fremin | N85: Pandza, Vinko | O85: 6138164482 | S85: M0484 | T85: L705885 | U85: 100769717 | X85: 15141294029 | Y85: 1060016 | AF85: 46052 | AJ85: 1.00 - (34 - 37.5 Hours) | AK85: Operator | AL85: 46115 | AM85: 0.625 | AN85: 0 | AQ85: Roxhannah | AR85: Nineza | AS85: CARINE SINDAYIHEBURA | AT85: 613-716-5232 | AU85: AUNT | AY85: Roxhannah Nineza | BA85: Pending/Required | BB85: _ | BC85: _ | BD85: x | BE85: _ | BF85: x | BG85: x | BH85: x | BJ85: Evening (from 10h45 - 17h00) | BL85: 45912 | BM85: 45968 | BN85: Yes | BU85: No | BV85: Mobile | BW85: 34 | BX85: Full Time | BY85: 45885 | BZ85: Item | CA85: sites/SAM/Restricted_HUB/Lists/MEL
A86: 227 | B86: Ouchchane, Myriam | C86: T956393 | D86: 956393 | E86: Active | F86: 43654 | H86: Monitoring Specialist II (Senior) | I86: Montreal | J86: Bilingual-French | K86: 4 | L86: myriam.ouchchane@telus.com | M86: Herrati, Houcine | N86: Khara, Tanu | O86: 438-491-7030 | R86: MM2O | S86: M0191 | T86: L112612 | U86: 100956393 | V86: myriamouchane | X86: 15141294166 | Y86: 1067172 | Z86: myriamo | AA86: Agent | AD86: Complaint Line;#7;#Question Line;#6;#Basic Troubleshooting;#2;#SmartWear;#3;#Video Monitoring;#5;#Backup MRC;#1 | AF86: 45254 | AG86: 968672 | AJ86: 1.00 - (34 - 37.5 Hours) | AK86: Operator | AL86: 46115 | AM86: 0.91666667 | AN86: 0.27083333 | AQ86: Myriam | AR86: Ouchchane | AY86: Myriam Ouchchane | BA86: 66707 | BB86: _ | BC86: _ | BD86: x | BE86: x | BF86: _ | BG86: x | BH86: x | BJ86: Night (from 18h30 - 01h00) | BL86: 43831 | BM86: 43891 | BN86: Yes | BO86: 44044 | BP86: 44105 | BQ86: Yes | BR86: 44317 | BS86: 44378 | BT86: Yes | BU86: No | BV86: Mobile | BW86: 34 | BX86: Full Time | BY86: 43716 | BZ86: Item | CA86: sites/SAM/Restricted_HUB/Lists/MEL
A87: 640 | B87: Panayiotis (Peter) Tsoraidis | C87: T6001657 | D87: 6001657 | E87: Active | F87: 46146 | H87: Monitoring Specialist I (Junior) | I87: Montreal | J87: Bilingual-French | K87: Trainee | L87: peter.tsoraidis@telus.com | M87: Diegue, Kerry | N87: Pandza, Vinko | O87: 5149155735 | T87: SD00S5EC | X87: 15141294028 | Y87: 1060072 | AJ87: 1.00 - (34 - 37.5 Hours) | AK87: Specialist - Hourly | AQ87: Panayiotis (Peter) | AR87: Tsoraidis | AY87: Panayiotis (Peter) Tsoraidis | BA87: Pending/Required | BB87: _ | BC87: _ | BD87: _ | BE87: _ | BF87: _ | BU87: No | BV87: In office | BW87: 35 | BX87: Full Time | BZ87: Item | CA87: sites/SAM/Restricted_HUB/Lists/MEL
A88: 229 | B88: Pandey, Mridula | C88: T956359 | D88: 956359 | E88: Active | F88: 43045 | H88: Monitoring Specialist II (Regular) | I88: Calgary | J88: English | K88: 2 | L88: mridula.pandey@telus.com | M88: Gillingham, Shelley | N88: Khara, Tanu | O88: 587-429-4580 | R88: CM3P | S88: M0193 | T88: L111726 | U88: 100956359 | V88: T956359 | X88: 14031292132 | Y88: 1066539 | AF88: 45182 | AG88: 956359 | AJ88: 1.00 - (34 - 37.5 Hours) | AK88: Operator | AL88: 46115 | AM88: 0.41666667 | AN88: 0.79166667 | AQ88: Mridula | AR88: Pandey | AY88: Mridula Pandey | BA88: 699640 | BB88: _ | BC88: x | BD88: _ | BE88: x | BF88: _ | BG88: x | BH88: x | BJ88: Morning (from 05h00 - 10h30) | BL88: 43880 | BM88: 43946 | BN88: Yes | BU88: Yes | BV88: Virtual | BW88: 34 | BX88: Full Time | BY88: 43144 | BZ88: Item | CA88: sites/SAM/Restricted_HUB/Lists/MEL
A89: 230 | B89: Paquette, Adam | C89: T955844 | D89: 955844 | E89: Active | F89: 42824 | H89: Monitoring Specialist II (Senior) | I89: Montreal | J89: Bilingual-French | K89: 4 | L89: adam.paquette@telus.com | M89: Kollias, Peter | N89: Pandza, Vinko | O89: 438-888-7759 | R89: MA6P | S89: M0194 | T89: L112625 | U89: 100955844 | V89: adampaquette | X89: 15141294330 | Y89: 1066707 | Z89: AdamP | AD89: Video Verification;#4;#Complaint Line;#7;#Question Line;#6;#Video Monitoring;#5;#Backup MRC;#1;#SmartWear;#3 | AF89: 43125 | AG89: 25185 | AJ89: 1.00 - (34 - 37.5 Hours) | AK89: Operator | AL89: Week A (7/7) | AM89: 0.58333333 | AN89: 0 | AQ89: Adam | AR89: Paquette | AY89: Adam Paquette | BA89: 66015 | BB89: x | BC89: x | BD89: x | BE89: x | BF89: x | BG89: x | BH89: x | BJ89: Evening (from 10h45 - 17h00) | BN89: Yes | BO89: 45075 | BP89: 45198 | BQ89: Yes | BR89: 44873 | BS89: 45041 | BT89: Yes | BU89: No | BV89: Mobile | BW89: 35 | BX89: Full Time | BZ89: Item | CA89: sites/SAM/Restricted_HUB/Lists/MEL
A90: 647 | B90: Peter Brown | C90: T6001714 | D90: 6001714 | E90: Active | F90: 46146 | H90: Monitoring Specialist I (Junior) | I90: Calgary | J90: English | K90: Trainee | L90: peter.brown1@telus.com | M90: Diegue, Kerry | N90: Pandza, Vinko | O90: 4039038584 | T90: SD00S2FZ | X90: 15141294055 | Y90: 1060075 | AJ90: 1.00 - (34 - 37.5 Hours) | AQ90: Peter | AR90: Brown | AY90: Peter Brown | BA90: Pending/Required | BB90: _ | BC90: _ | BD90: _ | BE90: _ | BF90: _ | BU90: Yes | BV90: In office | BW90: 35 | BX90: Full Time | BZ90: Item | CA90: sites/SAM/Restricted_HUB/Lists/MEL
A91: 236 | B91: Petruska, Jennifer | C91: T956351 | D91: 956351 | E91: Active | F91: 40679 | H91: Monitoring Specialist II (Regular) | I91: Calgary | J91: English | K91: 2 | L91: jennifer.petruska@telus.com | M91: Gillingham, Shelley | N91: Khara, Tanu | O91: 403-813-1296 | R91: CJ2S | S91: M0195 | T91: L806783 | U91: 100956351 | V91: jstark | X91: 14031292094 | Y91: 1210806 | AD91: SME;#11 | AF91: 45194 | AG91: 968640 | AJ91: 1.00 - (34 - 37.5 Hours) | AK91: Operator | AL91: 46144 | AM91: 0.375 | AN91: 0.70833333 | AQ91: Jennifer | AR91: Petruska | AY91: Jennifer Petruska | BA91: 860467 | BB91: _ | BC91: x | BD91: x | BE91: x | BF91: x | BG91: x | BH91: _ | BJ91: Morning (from 05h00 - 10h30) | BL91: 40861 | BM91: 40935 | BN91: Yes | BU91: Yes | BV91: Virtual | BW91: 37.5 | BX91: Full Time | BY91: 40778 | BZ91: Item | CA91: sites/SAM/Restricted_HUB/Lists/MEL
A92: 621 | B92: Philemy, Weetler | C92: T6001435 | D92: 6001435 | E92: Active | F92: 46119 | H92: Monitoring Specialist I (Junior) | I92: Montreal | J92: Bilingual-French | K92: 1 | L92: weetler.philemy@telus.com | M92: Herrati, Houcine | N92: Khara, Tanu | O92: 5144737067 | S92: M0537 | T92: 5CG2301YG3 | U92: 106001435 | X92: 15141294007 | Y92: 1060005 | AJ92: 1.00 - (34 - 37.5 Hours) | AK92: Specialist - Hourly | AQ92: Weetler | AR92: Philemy | AY92: Weetler Philemy | BA92: 847563 | BB92: _ | BC92: _ | BD92: _ | BE92: _ | BF92: _ | BG92: _ | BH92: _ | BU92: No | BV92: Virtual | BW92: 35 | BX92: Full Time | BZ92: Item | CA92: sites/SAM/Restricted_HUB/Lists/MEL
A93: 239 | B93: Pierre, Christopher | C93: T955923 | D93: 955923 | E93: Active | F93: 43654 | H93: Monitoring Specialist II (Senior) | I93: Montreal | J93: Bilingual-English | K93: 4 | L93: christopher.pierre@telus.com | M93: Kollias, Peter | N93: Pandza, Vinko | O93: 5146861360 | R93: MC2P | S93: M0197 | T93: L112305 | U93: 100955923 | V93: christopherpierre | X93: 15141294145 | Y93: 1067168 | AD93: Complaint Line;#7;#Question Line;#6;#Video Verification;#4;#Video Monitoring;#5 | AF93: 43959 | AG93: 30258 | AJ93: 1.00 - (34 - 37.5 Hours) | AK93: Operator | AL93: Week B (7/7) | AM93: 0.625 | AN93: 0.041666667 | AQ93: Christopher | AR93: Pierre | AS93: Kevin Pierre | AT93: 5146866908 | AU93: Brother | AY93: Christopher Pierre | BA93: 66258 | BB93: x | BC93: x | BD93: x | BE93: x | BF93: x | BG93: x | BH93: x | BJ93: Evening (from 10h45 - 17h00) | BL93: 43851 | BN93: Yes | BQ93: Yes | BT93: Yes | BU93: No | BV93: Mobile | BW93: 35 | BX93: Full Time | BZ93: Item | CA93: sites/SAM/Restricted_HUB/Lists/MEL
A94: 242 | B94: Poirier, Aldeana | C94: T980139 | D94: 980139 | E94: Short Term Disability | F94: 44578 | H94: Monitoring Specialist I (Junior) | I94: Ottawa | J94: Bilingual-English | K94: 2 | L94: aldeana.poirier@telus.com | M94: Rwano, Guy Fremin | N94: Pandza, Vinko | O94: 6133309241 | R94: QA4P | S94: M0199 | T94: L805623 | U94: 100980139 | V94: t980139 | X94: 16131293014 | Y94: 1062016 | AJ94: 1.00 - (34 - 37.5 Hours) | AK94: Operator | AL94: 46115 | AM94: 0.625 | AN94: 0.97916667 | AQ94: Aldeana | AR94: Poirier | AY94: Aldeana Poirier | BB94: _ | BC94: x | BD94: x | BE94: _ | BF94: _ | BG94: x | BH94: x | BJ94: Evening (from 10h45 - 17h00) | BL94: 44718 | BU94: No | BV94: Virtual | BW94: 34 | BX94: Full Time | BY94: 44634 | BZ94: Item | CA94: sites/SAM/Restricted_HUB/Lists/MEL
A95: 431 | B95: Popovic, Jessica | C95: T998426 | D95: 998426 | E95: Active | F95: 45082 | H95: Monitoring Specialist II (Senior) | I95: Montreal | J95: Bilingual-English | K95: 4 | L95: jessica.popovic@telus.com | M95: Herrati, Houcine | N95: Khara, Tanu | O95: 5146909961 | S95: M0016 | T95: L111038 | U95: 100998426 | V95: T998426 | X95: 15141294001 | Y95: 1060036 | Z95: jpopovic | AD95: Backup MRC;#1;#SmartWear;#3;#Question Line;#6;#Complaint Line;#7;#Video Monitoring;#5 | AF95: 45349 | AG95: 969430 | AJ95: 1.00 - (34 - 37.5 Hours) | AK95: Operator | AL95: Week B (7/7) | AM95: 0.91666667 | AN95: 0.33333333 | AQ95: Jessica | AR95: Popovic | AY95: Jessica Popovic | BA95: 60056 | BB95: x | BC95: x | BD95: x | BE95: x | BF95: x | BG95: x | BH95: x | BJ95: Night (from 18h30 - 01h00) | BL95: 45201 | BM95: 45456 | BN95: Yes | BO95: 45720 | BP95: 45775 | BQ95: Yes | BR95: 45846 | BS95: 45921 | BT95: Yes | BU95: No | BV95: Mobile | BW95: 35 | BX95: Full Time | BY95: 45119 | BZ95: Item | CA95: sites/SAM/Restricted_HUB/Lists/MEL
A96: 244 | B96: Quero, Michael | C96: T955717 | D96: 955717 | E96: Active | F96: 39735 | H96: Monitoring Specialist II (Senior) | I96: Calgary | J96: English | K96: 3 | L96: michael.quero@telus.com | M96: Gillingham, Shelley | N96: Khara, Tanu | O96: 403-798-2322 | R96: CM1Q | S96: M0203 | T96: L111972 | U96: 100955717 | V96: T955717 | X96: 14031292131 | Y96: 1210391 | AD96: Complaint Line;#7;#Question Line;#6;#SME;#11;#SmartWear;#3 | AF96: 45176 | AG96: 968525 | AJ96: 1.00 - (34 - 37.5 Hours) | AK96: Operator | AL96: 46144 | AM96: 0.45833333 | AN96: 0.79166667 | AQ96: Michael | AR96: Quero | AY96: Michael Quero | BA96: 144691 | BB96: _ | BC96: x | BD96: x | BE96: x | BF96: x | BG96: x | BH96: _ | BJ96: Evening (from 10h45 - 17h00) | BL96: 39881 | BM96: 39944 | BN96: Yes | BO96: 40294 | BP96: 40360 | BQ96: Yes | BU96: Yes | BV96: Virtual | BW96: 37.5 | BX96: Full Time | BY96: 39833 | BZ96: Item | CA96: sites/SAM/Restricted_HUB/Lists/MEL
A97: 247 | B97: Ratz, Emily | C97: T952567 | D97: 952567 | E97: Active | F97: 43871 | H97: Monitoring Specialist II (Senior) | I97: Prince George | J97: English | K97: 4 | L97: emily.ratz@telus.com | M97: Diegue, Kerry | N97: Pandza, Vinko | O97: 2506173840 | R97: MPE1R | S97: M0204 | T97: PF3XS9BV | U97: 100952567 | V97: t952567 | X97: 16041295018 | Y97: 1067367 | AD97: SME;#11;#SmartWear;#3;#Complaint Line;#7;#Question Line;#6;#Basic Troubleshooting;#2;#Video Verification;#4 | AJ97: 0.75 - (28 - 33 Hours) | AK97: Operator | AL97: 46115 | AM97: 0.041666667 | AN97: 0.375 | AQ97: Emily | AR97: Ratz | AS97: Austin Varchol | AT97: 2509811943 | AU97: Boyfriend | AY97: Emily Ratz | BA97: Issued | BB97: x | BC97: _ | BD97: _ | BE97: x | BF97: x | BG97: x | BH97: _ | BJ97: Night (from 18h30 - 01h00) | BL97: 44472 | BM97: 44472 | BN97: No | BO97: 45720 | BP97: 45771 | BQ97: Yes | BR97: 45881 | BS97: 45947 | BT97: Yes | BU97: No | BV97: Virtual | BW97: 30 | BX97: Full Time | BY97: 44472 | BZ97: Item | CA97: sites/SAM/Restricted_HUB/Lists/MEL
A98: 250 | B98: Rea, Shannon | C98: T937529 | D98: 937529 | E98: Active | F98: 43276 | H98: Monitoring Specialist II (Senior) | I98: Prince George | J98: English | K98: 4 | L98: shannon.rea@telus.com | M98: Dhindsa, Sukhjinder | N98: Khara, Tanu | O98: 2506175836 | P98: 2505629232 | R98: MPS1R | S98: M0205 | T98: L108332 | U98: 100937529 | V98: t937529 | X98: 16041295019 | Y98: 1067368 | AD98: Basic Troubleshooting;#2;#Complaint Line;#7;#Video Monitoring;#5;#Video Verification;#4;#Question Line;#6;#SmartWear;#3;#SME;#11 | AF98: 44971 | AG98: 35981 | AJ98: 1.00 - (34 - 37.5 Hours) | AK98: Operator | AL98: 46115 | AM98: 0.58333333 | AN98: 0.95833333 | AQ98: Shannon | AR98: Rea | AY98: Shannon Rea | BA98: Issued | BB98: _ | BC98: x | BD98: x | BE98: _ | BF98: _ | BG98: x | BH98: x | BJ98: Evening (from 10h45 - 17h00) | BL98: 44472 | BM98: 44472 | BN98: Yes | BO98: 44986 | BP98: 45243 | BQ98: Yes | BR98: 44986 | BS98: 45271 | BT98: Yes | BU98: No | BV98: Virtual | BW98: 34 | BX98: Full Time | BY98: 44472 | BZ98: Item | CA98: sites/SAM/Restricted_HUB/Lists/MEL
A99: 392 | B99: Rebelo-Bayle, Antoine | C99: T996383 | D99: 996383 | E99: Active | F99: 44942 | H99: Monitoring Specialist II (Regular) | I99: Montreal | J99: Bilingual-French | K99: 2 | L99: antoine.rebelo-bayle@telus.com | M99: Rwano, Guy Fremin | N99: Pandza, Vinko | O99: 5142922997 | R99: MMA1R | S99: M0206 | T99: L111309 | U99: 100996383 | V99: T996383 | X99: 15141294046 | Y99: 1060017 | AJ99: 1.00 - (34 - 37.5 Hours) | AK99: Operator | AL99: 46115 | AM99: 0.72916667 | AN99: 0.083333333 | AQ99: Antoine | AR99: Rebelo-Bayle | AY99: Antoine Rebelo-Bayle | BA99: 56217 | BB99: _ | BC99: _ | BD99: x | BE99: x | BF99: x | BG99: _ | BH99: x | BJ99: Evening (from 10h45 - 17h00) | BL99: 45072 | BU99: No | BV99: Virtual | BW99: 34 | BX99: Full Time | BY99: 45036 | BZ99: Item | CA99: sites/SAM/Restricted_HUB/Lists/MEL
A100: 253 | B100: Rennie, Vida | C100: T937531 | D100: 937531 | E100: Active | F100: 40085 | H100: Monitoring Specialist II (Senior) | I100: Prince George | J100: English | K100: 4 | L100: vida.rennie@telus.com | M100: Kollias, Peter | N100: Pandza, Vinko | O100: 2506128453 | R100: MPV1R | S100: M0208 | T100: L113008 | U100: 100937531 | V100: t937531 | X100: 16041295020 | Y100: 1067369 | AD100: Basic Troubleshooting;#2;#Complaint Line;#7;#Question Line;#6;#Video Monitoring;#5;#Video Verification;#4;#Backup MRC;#1;#SmartWear;#3 | AJ100: 1.00 - (34 - 37.5 Hours) | AK100: Operator | AL100: Week B (7/7) | AM100: 0 | AN100: 0.4375 | AQ100: Vida | AR100: Rennie | AS100: Sheila Rennie | AT100: 2505655469 | AU100: Sister | AY100: Vida Rennie | BA100: Issued | BB100: x | BC100: x | BD100: x | BE100: x | BF100: x | BG100: x | BH100: x | BJ100: Night (from 18h30 - 01h00) | BL100: 44472 | BM100: 44472 | BN100: Yes | BO100: 44472 | BP100: 44472 | BQ100: Yes | BR100: 44472 | BS100: 44472 | BT100: Yes | BU100: No | BV100: Virtual | BW100: 70 | BX100: Full Time | BY100: 44472 | BZ100: Item | CA100: sites/SAM/Restricted_HUB/Lists/MEL
...

Sheet Current_Stats
A1: Agent | B1: Month of Ref Date | C1: Nb Worked Days | D1: Login (hr) | E1: In & Out by hr | F1: Total All Calls | G1: Inbound Time % | H1: Outbound Time % | I1: nb Transfers | J1: % Transf on Queue Calls | K1: Nb Calls Answ | L1: AHT | M1: Avg Talk Time | N1: Avg Hold Time | O1: Avg ACW Total | P1: Avg ACW to Calls | Q1: Outbound Calls | R1: Avg Talk Time Out | S1: Nb Extension In Calls | T1: Avg Talk Time Ext In
A2: Grand Total | C2: 1339 | D2: 8304.7 | E2: 12.4 | F2: 102599 | G2: 0.62 | H2: 0.38 | I2: 1086 | J2: 0.044 | K2: 24871 | L2: 0.0017653 | M2: 0.0011965 | N2: 0.0001496 | O2: 0.0004207 | P2: 0.0004207 | Q2: 77630 | R2: 0.0008561 | S2: 98 | T2: 0.0011755
A3: Abouda, Mohammed | B3: 46113 | C3: 14 | D3: 129 | E3: 17.1 | F3: 2208 | G3: 0.494 | H3: 0.506 | I3: 36 | J3: 0.056 | K3: 647 | L3: 0.0017509 | M3: 0.0012768 | N3: 0.0003625 | O3: 0.0001561 | P3: 0.0001561 | Q3: 1561 | R3: 0.0007344 | S3: 0
A4: Aidoud, Nabil | B4: 46113 | C4: 14 | D4: 117.7 | E4: 7.5 | F4: 880 | G4: 0.803 | H4: 0.197 | I4: 17 | J4: 0.057 | K4: 298 | L4: 0.0013444 | M4: 0.0010008 | N4: 9.873e-05 | O4: 0.000267 | P4: 0.000267 | Q4: 581 | R4: 0.0008228 | S4: 1 | T4: 0.0002199
A5: Akherraz, Hajar | B5: 46113 | C5: 23 | D5: 118.5 | E5: 6.7 | F5: 799 | G5: 0.556 | H5: 0.444 | I5: 3 | J5: 0.024 | K5: 126 | L5: 0.0020068 | M5: 0.0013315 | N5: 0.0003631 | O5: 0.0002821 | P5: 0.0002821 | Q5: 671 | R5: 0.0007069 | S5: 2 | T5: 0.0005498
A6: Aquilario, Lester | B6: 46113 | C6: 13 | D6: 100.3 | E6: 12.9 | F6: 1293 | G6: 0.31 | H6: 0.69 | I6: 9 | J6: 0.055 | K6: 164 | L6: 0.0019094 | M6: 0.0012117 | N6: 0.0002248 | O6: 0.0005624 | P6: 0.0005624 | Q6: 1129 | R6: 0.0008603 | S6: 0
A7: Audet, Dominic | B7: 46113 | C7: 22 | D7: 102.6 | E7: 11.8 | F7: 1208 | G7: 0.921 | H7: 0.079 | I7: 3 | J7: 0.023 | K7: 128 | L7: 0.0017381 | M7: 0.0014837 | N7: 0.0002407 | O7: 0.0001502 | P7: 0.0001502 | Q7: 1079 | R7: 0.0008689 | S7: 1 | T7: 0.0015625
A8: Auger, Adrien | B8: 46113 | C8: 16 | D8: 129.1 | E8: 11 | F8: 1422 | G8: 0.677 | H8: 0.323 | I8: 9 | J8: 0.023 | K8: 395 | L8: 0.0015833 | M8: 0.001033 | N8: 3.138e-05 | O8: 0.0004718 | P8: 0.0004718 | Q8: 1027 | R8: 0.0008949 | S8: 0
A9: Baisi, Jean-Gabriel | B9: 46113 | C9: 14 | D9: 128.2 | E9: 15.1 | F9: 1939 | G9: 0.295 | H9: 0.705 | I9: 10 | J9: 0.047 | K9: 213 | L9: 0.0027823 | M9: 0.0018832 | N9: 0.0007685 | O9: 0.0004489 | P9: 0.0004489 | Q9: 1722 | R9: 0.001145 | S9: 4 | T9: 0.0010735
A10: Bercier, France | B10: 46113 | C10: 12 | D10: 85.4 | E10: 18.9 | F10: 1615 | G10: 0.546 | H10: 0.454 | I10: 2 | J10: 0.071 | K10: 28 | L10: 0.0023727 | M10: 0.0020217 | N10: 0.000735 | O10: 0.0002464 | P10: 0.0002464 | Q10: 1586 | R10: 0.0009868 | S10: 1 | T10: 0.0004282
A11: Borromeo, Ronadell | B11: 46113 | C11: 14 | D11: 98.9 | E11: 10.9 | F11: 1076 | G11: 0.839 | H11: 0.161 | I11: 28 | J11: 0.038 | K11: 732 | L11: 0.0025817 | M11: 0.0017959 | N11: 0.000124 | O11: 0.0006225 | P11: 0.0006225 | Q11: 341 | R11: 0.0011186 | S11: 3 | T11: 0.0005594
A12: Brar, Dilpreet Kaur | B12: 46113 | C12: 8 | D12: 14.4 | E12: 2.2 | F12: 31 | G12: 0.222 | H12: 0.778 | I12: 0 | K12: 0 | Q12: 30 | R12: 0.0012157 | S12: 1 | T12: 0.0003125
A13: Brooks, Laura | B13: 46113 | C13: 9 | D13: 66.6 | E13: 7 | F13: 463 | G13: 0.515 | H13: 0.485 | I13: 7 | J13: 0.055 | K13: 128 | L13: 0.0025617 | M13: 0.0019273 | N13: 5.561e-05 | O13: 0.000466 | P13: 0.000466 | Q13: 335 | R13: 0.0011696 | S13: 0
A14: Calanza, Stevenson | B14: 46113 | C14: 14 | D14: 127.1 | E14: 20.6 | F14: 2612 | G14: 0.34 | H14: 0.66 | I14: 38 | J14: 0.078 | K14: 485 | L14: 0.001729 | M14: 0.0007517 | N14: 0.0001273 | O14: 0.0007085 | P14: 0.0007085 | Q14: 2126 | R14: 0.0004255 | S14: 1 | T14: 0.0001505
A15: Carvajal Yiptong, Diego Armando | B15: 46113 | C15: 13 | D15: 91.6 | E15: 11.7 | F15: 1070 | G15: 0.857 | H15: 0.143 | I15: 37 | J15: 0.08 | K15: 461 | L15: 0.0017906 | M15: 0.0012217 | N15: 0.0003322 | O15: 0.0003199 | P15: 0.0003199 | Q15: 608 | R15: 0.0009023 | S15: 1 | T15: 0.0004745
A16: Cerdas Calvo, Deyanira | B16: 46113 | C16: 16 | D16: 100.4 | E16: 16.5 | F16: 1661 | G16: 0.213 | H16: 0.787 | I16: 19 | J16: 0.099 | K16: 192 | L16: 0.0019162 | M16: 0.0015368 | N16: 0.0004798 | O16: 0.0001546 | P16: 0.0001546 | Q16: 1469 | R16: 0.0009032 | S16: 0
A17: Chan, Chinda | B17: 46113 | C17: 14 | D17: 128.1 | E17: 11.2 | F17: 1441 | G17: 0.59 | H17: 0.41 | I17: 12 | J17: 0.022 | K17: 548 | L17: 0.0019359 | M17: 0.0011224 | N17: 9.401e-05 | O17: 0.0007146 | P17: 0.0007146 | Q17: 891 | R17: 0.0009605 | S17: 2 | T17: 0.0003472
A18: Chenard, William | B18: 46113 | C18: 14 | D18: 90.5 | E18: 15.3 | F18: 1382 | G18: 0.601 | H18: 0.399 | I18: 39 | J18: 0.063 | K18: 618 | L18: 0.0014945 | M18: 0.0008982 | N18: 6.424e-05 | O18: 0.0004919 | P18: 0.0004919 | Q18: 764 | R18: 0.0008178 | S18: 0
A19: Chibane, Hakim | B19: 46113 | C19: 16 | D19: 127 | E19: 15.1 | F19: 1913 | G19: 0.608 | H19: 0.392 | I19: 12 | J19: 0.096 | K19: 125 | L19: 0.0032145 | M19: 0.0019044 | N19: 0.0008107 | O19: 0.0009081 | P19: 0.0009081 | Q19: 1788 | R19: 0.0008585 | S19: 0
A20: Cobrana, Mechille | B20: 46113 | C20: 7 | D20: 8.6 | E20: 4.4 | F20: 38 | G20: 0 | H20: 1 | I20: 0 | K20: 0 | Q20: 37 | R20: 0.00092 | S20: 1 | T20: 0.0001157
A21: Constant, Francesca | B21: 46113 | C21: 12 | D21: 77.6 | E21: 15.1 | F21: 1174 | G21: 0.381 | H21: 0.619 | I21: 17 | J21: 0.108 | K21: 158 | L21: 0.0020302 | M21: 0.0014925 | N21: 0.0004107 | O21: 0.0003622 | P21: 0.0003622 | Q21: 1015 | R21: 0.0008973 | S21: 1 | T21: 0.0003819
A22: Dansou, Senami Patrick | B22: 46113 | C22: 10 | D22: 36.2 | E22: 16.7 | F22: 606 | G22: 0.409 | H22: 0.591 | I22: 5 | J22: 0.044 | K22: 114 | L22: 0.0019322 | M22: 0.0009278 | N22: 6.396e-05 | O22: 0.0009194 | P22: 0.0009194 | Q22: 490 | R22: 0.000753 | S22: 2 | T22: 0.0003877
A23: Dazulme, Wildile | B23: 46113 | C23: 24 | D23: 96.8 | E23: 9.2 | F23: 887 | G23: 0.688 | H23: 0.312 | I23: 0 | J23: 0 | K23: 442 | L23: 0.0013176 | M23: 0.0010869 | N23: 8.641e-07 | O23: 0.0001874 | P23: 0.0001874 | Q23: 445 | R23: 0.0008474 | S23: 0
A24: Deschineau, Shelsey Ann | B24: 46113 | C24: 11 | D24: 69.4 | E24: 15.4 | F24: 1071 | G24: 0.51 | H24: 0.49 | I24: 11 | J24: 0.044 | K24: 248 | L24: 0.0020848 | M24: 0.0011995 | N24: 9.399e-05 | O24: 0.0007989 | P24: 0.0007989 | Q24: 820 | R24: 0.0008302 | S24: 3 | T24: 0.0002083
A25: Desjardins, Lucie | B25: 46113 | C25: 19 | D25: 105.2 | E25: 21.1 | F25: 2217 | G25: 0.887 | H25: 0.113 | I25: 4 | J25: 0.032 | K25: 126 | L25: 0.0014397 | M25: 0.0010727 | N25: 0.0001461 | O25: 0.0003033 | P25: 0.0003033 | Q25: 2091 | R25: 0.0007548 | S25: 0
A26: Di Tullio, Donato | B26: 46113 | C26: 24 | D26: 127.4 | E26: 18.4 | F26: 2348 | G26: 0.529 | H26: 0.471 | I26: 35 | J26: 0.047 | K26: 745 | L26: 0.0014368 | M26: 0.0009521 | N26: 4.111e-05 | O26: 0.0004449 | P26: 0.0004449 | Q26: 1603 | R26: 0.0008311 | S26: 0
A27: Drame, Abdoulaye | B27: 46113 | C27: 16 | D27: 130 | E27: 16.6 | F27: 2154 | G27: 0.435 | H27: 0.565 | I27: 9 | J27: 0.02 | K27: 444 | L27: 0.0020111 | M27: 0.0011113 | N27: 8.725e-05 | O27: 0.0006482 | P27: 0.0006482 | Q27: 1710 | R27: 0.0008619 | S27: 0
A28: Dupuis, Joanie | B28: 46113 | C28: 8 | D28: 51.3 | E28: 12.8 | F28: 655 | G28: 0.919 | H28: 0.081 | I28: 11 | J28: 0.045 | K28: 243 | L28: 0.0017827 | M28: 0.0009278 | N28: 0.0005713 | O28: 0.0004175 | P28: 0.0004175 | Q28: 410 | R28: 0.0008262 | S28: 2 | T28: 0.0001331
A29: El Hafsi, Hamza | B29: 46113 | C29: 15 | D29: 109.4 | E29: 8 | F29: 878 | G29: 0.415 | H29: 0.585 | I29: 2 | J29: 0.017 | K29: 118 | L29: 0.0018332 | M29: 0.0010017 | N29: 5.846e-05 | O29: 0.0006706 | P29: 0.0006706 | Q29: 760 | R29: 0.0008024 | S29: 0
A30: Fakhfakh, Souleymen | B30: 46113 | C30: 18 | D30: 82.4 | E30: 10.2 | F30: 838 | G30: 0.964 | H30: 0.036 | I30: 26 | J30: 0.104 | K30: 250 | L30: 0.0017722 | M30: 0.001344 | N30: 0.0004491 | O30: 0.0001079 | P30: 0.0001079 | Q30: 588 | R30: 0.0009243 | S30: 0
A31: Flanagan-Fortin, Shawn | B31: 46113 | C31: 7 | D31: 51.3 | E31: 6.1 | F31: 314 | G31: 0.632 | H31: 0.368 | I31: 0 | J31: 0 | K31: 64 | L31: 0.0006491 | M31: 0.000434 | N31: 6.872e-06 | O31: 0.0002148 | P31: 0.0002148 | Q31: 247 | R31: 0.0007303 | S31: 3 | T31: 0.000409
A32: Gabriel, Gamelyn | B32: 46113 | C32: 9 | D32: 31.1 | E32: 6.6 | F32: 206 | G32: 0.829 | H32: 0.171 | I32: 3 | J32: 0.061 | K32: 49 | L32: 0.0021072 | M32: 0.0018679 | N32: 0.0001301 | O32: 0.000149 | P32: 0.000149 | Q32: 156 | R32: 0.001027 | S32: 1 | T32: 0.0011227
A33: Gagnon, Nancy | B33: 46113 | C33: 18 | D33: 110.6 | E33: 7.4 | F33: 823 | G33: 0.765 | H33: 0.235 | I33: 1 | J33: 0.005 | K33: 184 | L33: 0.0016993 | M33: 0.0015622 | N33: 3.063e-05 | O33: 0.000112 | P33: 0.000112 | Q33: 638 | R33: 0.0008161 | S33: 1 | T33: 0.0086227
A34: Gil Cervino, Henrique Alexandre | B34: 46113 | C34: 9 | D34: 40 | E34: 3.1 | F34: 123 | G34: 0.845 | H34: 0.155 | I34: 1 | J34: 0.04 | K34: 25 | L34: 0.0026699 | M34: 0.0019417 | N34: 0.0003222 | O34: 0.0003838 | P34: 0.0003838 | Q34: 98 | R34: 0.0010482 | S34: 0
A35: Ginete, Maricel | B35: 46113 | C35: 7 | D35: 8.7 | E35: 4.6 | F35: 40 | G35: 0.455 | H35: 0.545 | I35: 0 | K35: 0 | Q35: 40 | R35: 0.0009112 | S35: 0
A36: Goddard, Adrien | B36: 46113 | C36: 12 | D36: 76.9 | E36: 14.2 | F36: 1089 | G36: 1 | H36: 0 | I36: 3 | J36: 0.019 | K36: 156 | L36: 0.0024484 | M36: 0.0012292 | N36: 0.0001483 | O36: 0.000346 | P36: 0.000346 | Q36: 931 | R36: 0.0010376 | S36: 2 | T36: 0.0001273
A37: Guzman, Alexandre | B37: 46113 | C37: 12 | D37: 100 | E37: 12.7 | F37: 1266 | G37: 0.622 | H37: 0.378 | I37: 19 | J37: 0.036 | K37: 525 | L37: 0.0018796 | M37: 0.0012131 | N37: 0.0001715 | O37: 0.000516 | P37: 0.000516 | Q37: 741 | R37: 0.000963 | S37: 0
A38: Herbst, Emily Blythe | B38: 46113 | C38: 13 | D38: 87.5 | E38: 12 | F38: 1051 | G38: 0.474 | H38: 0.526 | I38: 0 | J38: 0 | K38: 88 | L38: 0.0009113 | M38: 0.0007694 | N38: 9.917e-05 | O38: 0.0001299 | P38: 0.0001299 | Q38: 959 | R38: 0.0008703 | S38: 4 | T38: 0.0024855
A39: Hirst-Smith, Courtnay | B39: 46113 | C39: 16 | D39: 124.4 | E39: 13.4 | F39: 1665 | G39: 0.548 | H39: 0.452 | I39: 6 | J39: 0.045 | K39: 132 | L39: 0.0024048 | M39: 0.0014041 | N39: 0.0012834 | O39: 0.0005306 | P39: 0.0005306 | Q39: 1532 | R39: 0.0011585 | S39: 1 | T39: 0.0004861
A40: Hirwa, Jules Adam | B40: 46113 | C40: 11 | D40: 74.3 | E40: 11.5 | F40: 855 | G40: 0.694 | H40: 0.306 | I40: 10 | J40: 0.034 | K40: 290 | L40: 0.0022001 | M40: 0.0015014 | N40: 0.0002508 | O40: 0.0005087 | P40: 0.0005087 | Q40: 563 | R40: 0.0010227 | S40: 2 | T40: 0.0002778
A41: Ho, Destiny | B41: 46113 | C41: 13 | D41: 95 | E41: 10.7 | F41: 1013 | G41: 0.476 | H41: 0.524 | I41: 28 | J41: 0.085 | K41: 330 | L41: 0.0013838 | M41: 0.0009256 | N41: 4.917e-05 | O41: 0.0003871 | P41: 0.0003871 | Q41: 683 | R41: 0.0008584 | S41: 0
A42: Ininahazwe, Sabrina Amanda | B42: 46113 | C42: 13 | D42: 105.4 | E42: 7.4 | F42: 783 | G42: 0.677 | H42: 0.323 | I42: 1 | J42: 0.005 | K42: 221 | L42: 0.0008964 | M42: 0.0008091 | N42: 8.83e-05 | O42: 7.793e-05 | P42: 7.793e-05 | Q42: 561 | R42: 0.0008611 | S42: 1 | T42: 0.0004745
A43: Jaen Benitez, Roberto David | B43: 46113 | C43: 9 | D43: 64.6 | E43: 6.8 | F43: 438 | G43: 0.482 | H43: 0.518 | I43: 0 | J43: 0 | K43: 122 | L43: 0.0012535 | M43: 0.0008551 | N43: 9.098e-05 | O43: 0.0003013 | P43: 0.0003013 | Q43: 316 | R43: 0.0006458 | S43: 0
A44: Joseph, Whilston | B44: 46113 | C44: 14 | D44: 102.7 | E44: 11.1 | F44: 1137 | G44: 0.637 | H44: 0.363 | I44: 19 | J44: 0.054 | K44: 351 | L44: 0.0019136 | M44: 0.001171 | N44: 9.817e-05 | O44: 0.0005983 | P44: 0.0005983 | Q44: 785 | R44: 0.0008723 | S44: 1 | T44: 0.0003356
A45: Kaur, Manpreet | B45: 46113 | C45: 21 | D45: 99.8 | E45: 5.7 | F45: 571 | G45: 0.84 | H45: 0.16 | I45: 2 | J45: 0.011 | K45: 181 | L45: 0.0013299 | M45: 0.0009965 | N45: 8.211e-05 | O45: 0.0002619 | P45: 0.0002619 | Q45: 390 | R45: 0.0007361 | S45: 0
A46: Kenol, Sheila | B46: 46113 | C46: 24 | D46: 96.2 | E46: 15.6 | F46: 1505 | G46: 0.658 | H46: 0.342 | I46: 1 | J46: 0.019 | K46: 54 | L46: 0.0015205 | M46: 0.0013344 | N46: 0.0004514 | O46: 0.0001082 | P46: 0.0001082 | Q46: 1450 | R46: 0.0008867 | S46: 1 | T46: 0.0018634
A47: Khaled, Zakaria | B47: 46113 | C47: 14 | D47: 91.3 | E47: 13.7 | F47: 1249 | G47: 0.523 | H47: 0.477 | I47: 44 | J47: 0.088 | K47: 500 | L47: 0.0011579 | M47: 0.0009743 | N47: 9.942e-05 | O47: 9.174e-05 | P47: 9.174e-05 | Q47: 749 | R47: 0.0007983 | S47: 0
A48: Khattabi, Mohammed Najib | B48: 46113 | C48: 24 | D48: 124.4 | E48: 15.4 | F48: 1913 | G48: 0.93 | H48: 0.07 | I48: 17 | J48: 0.029 | K48: 580 | L48: 0.0016089 | M48: 0.0012556 | N48: 6.94e-05 | O48: 0.0002497 | P48: 0.0002497 | Q48: 1333 | R48: 0.0008974 | S48: 0
A49: Labbe-Geolier, Simon Oliver | B49: 46113 | C49: 5 | D49: 27.1 | E49: 9 | F49: 243 | G49: 0.311 | H49: 0.689 | I49: 1 | J49: 0.043 | K49: 23 | L49: 0.0014528 | M49: 0.0010336 | N49: 0.0001635 | O49: 0.0002325 | P49: 0.0002325 | Q49: 220 | R49: 0.000826 | S49: 0
A50: Lakhal, Oussama | B50: 46113 | C50: 18 | D50: 116 | E50: 8 | F50: 928 | G50: 0.725 | H50: 0.275 | I50: 23 | J50: 0.093 | K50: 248 | L50: 0.0017847 | M50: 0.0011575 | N50: 0.000133 | O50: 0.0001911 | P50: 0.0001911 | Q50: 678 | R50: 0.0007745 | S50: 2 | T50: 0.0002662
A51: Landry, Josianne | B51: 46113 | C51: 3 | D51: 0.1 | E51: 59.2 | F51: 6 | G51: 1 | H51: 0 | I51: 0 | K51: 0 | Q51: 6 | R51: 0.0005285 | S51: 0
A52: Lapointe, Renelle | B52: 46113 | C52: 14 | D52: 122.7 | E52: 11.5 | F52: 1417 | G52: 0.727 | H52: 0.273 | I52: 0 | J52: 0 | K52: 137 | L52: 0.0023857 | M52: 0.0014448 | N52: 0.0005053 | O52: 0.0005768 | P52: 0.0005768 | Q52: 1278 | R52: 0.0008965 | S52: 2 | T52: 0.0005093
A53: Larosa, Cynthia | B53: 46113 | C53: 1 | D53: 1.2 | E53: 0.9 | F53: 1 | G53: 0.002 | H53: 0.998 | I53: 0 | K53: 0 | Q53: 1 | R53: 0.0002546 | S53: 0
A54: Lee, Jadon | B54: 46113 | C54: 7 | D54: 4.5 | E54: 7.6 | F54: 34 | G54: 0.397 | H54: 0.603 | I54: 0 | K54: 0 | Q54: 33 | R54: 0.0008389 | S54: 1 | T54: 0.000544
A55: Lee, Robert | B55: 46113 | C55: 7 | D55: 6 | E55: 3.8 | F55: 23 | G55: 0 | H55: 1 | I55: 0 | K55: 0 | Q55: 21 | R55: 0.0010422 | S55: 2 | T55: 0.0005498
A56: Limon, Maria | B56: 46113 | C56: 2 | D56: 0.3 | E56: 5.7 | F56: 2 | G56: 0 | H56: 1 | I56: 0 | K56: 0 | Q56: 1 | R56: 0.0007755 | S56: 1 | T56: 0.0003356
A57: Malhi, Sandeep | B57: 46113 | C57: 13 | D57: 104.2 | E57: 10.2 | F57: 1064 | G57: 0.64 | H57: 0.36 | I57: 24 | J57: 0.067 | K57: 357 | L57: 0.0021213 | M57: 0.00164 | N57: 0.0001071 | O57: 0.0003534 | P57: 0.0003534 | Q57: 704 | R57: 0.0009608 | S57: 3 | T57: 0.0013349
A58: Malki, Amine | B58: 46113 | C58: 15 | D58: 111.1 | E58: 16.6 | F58: 1842 | G58: 0.35 | H58: 0.65 | I58: 12 | J58: 0.032 | K58: 372 | L58: 0.002014 | M58: 0.0012564 | N58: 7.778e-05 | O58: 0.000641 | P58: 0.000641 | Q58: 1470 | R58: 0.0009286 | S58: 0
A59: Mamputu, Patrick | B59: 46113 | C59: 16 | D59: 53.9 | E59: 11.2 | F59: 601 | G59: 0.467 | H59: 0.533 | I59: 1 | J59: 0.02 | K59: 49 | L59: 0.0020335 | M59: 0.0007937 | N59: 7.842e-05 | O59: 0.0011413 | P59: 0.0011413 | Q59: 552 | R59: 0.0008534 | S59: 0
A60: Mann, Talwinder | B60: 46113 | C60: 8 | D60: 50.3 | E60: 12.2 | F60: 613 | G60: 0.769 | H60: 0.231 | I60: 12 | J60: 0.04 | K60: 299 | L60: 0.0017968 | M60: 0.0009596 | N60: 0.0001846 | O60: 0.0005996 | P60: 0.0005996 | Q60: 313 | R60: 0.0008345 | S60: 1 | T60: 0.0004514
A61: Marcil, Carol | B61: 46113 | C61: 14 | D61: 101 | E61: 33.6 | F61: 3395 | G61: 0.618 | H61: 0.382 | I61: 5 | J61: 0.048 | K61: 105 | L61: 0.0019291 | M61: 0.0010744 | N61: 0.0001894 | O61: 0.0005229 | P61: 0.0005229 | Q61: 3289 | R61: 0.0005847 | S61: 1 | T61: 0.0001968
A62: Mazari, Hichem | B62: 46113 | C62: 16 | D62: 120.3 | E62: 10.9 | F62: 1312 | G62: 0.523 | H62: 0.477 | I62: 8 | J62: 0.021 | K62: 376 | L62: 0.0027511 | M62: 0.0011191 | N62: 3.438e-05 | O62: 0.0014947 | P62: 0.0014947 | Q62: 935 | R62: 0.0009478 | S62: 1 | T62: 0.0018287
A63: McCrory, Michael | B63: 46113 | C63: 5 | D63: 4.3 | E63: 7.5 | F63: 32 | G63: 0.002 | H63: 0.998 | I63: 0 | K63: 0 | Q63: 30 | R63: 0.0011655 | S63: 2 | T63: 0.0010938
A64: Medrano Sibrian, Yahshua | B64: 46113 | C64: 16 | D64: 119.9 | E64: 8.8 | F64: 1052 | G64: 0.749 | H64: 0.251 | I64: 7 | J64: 0.011 | K64: 648 | L64: 0.0012732 | M64: 0.0011193 | N64: 2.017e-05 | O64: 0.0001327 | P64: 0.0001327 | Q64: 404 | R64: 0.0007962 | S64: 0
A65: Melgar, Rafael | B65: 46113 | C65: 12 | D65: 80.6 | E65: 18.3 | F65: 1471 | G65: 0.528 | H65: 0.472 | I65: 14 | J65: 0.055 | K65: 256 | L65: 0.0015726 | M65: 0.0008128 | N65: 4.114e-06 | O65: 0.0006539 | P65: 0.0006539 | Q65: 1215 | R65: 0.0006359 | S65: 0
A66: Mertens, Antonia | B66: 46113 | C66: 15 | D66: 126.6 | E66: 17.3 | F66: 2195 | G66: 0.521 | H66: 0.479 | I66: 44 | J66: 0.065 | K66: 680 | L66: 0.0019169 | M66: 0.001445 | N66: 5.702e-05 | O66: 0.0003657 | P66: 0.0003657 | Q66: 1515 | R66: 0.0010119 | S66: 0
A67: Miclisse-Polat, Lorenzo Misael | B67: 46113 | C67: 16 | D67: 126.1 | E67: 10.7 | F67: 1349 | G67: 0.867 | H67: 0.133 | I67: 9 | J67: 0.03 | K67: 301 | L67: 0.0017853 | M67: 0.0009594 | N67: 0.000145 | O67: 0.0007091 | P67: 0.0007091 | Q67: 1047 | R67: 0.0007605 | S67: 1 | T67: 0.0006597
A68: Mondrzejewski, Dave | B68: 46113 | C68: 5 | D68: 40.2 | E68: 10.4 | F68: 419 | G68: 0.583 | H68: 0.417 | I68: 4 | J68: 0.053 | K68: 76 | L68: 0.0014615 | M68: 0.0008897 | N68: 0.0002374 | O68: 0.0003736 | P68: 0.0003736 | Q68: 340 | R68: 0.0010067 | S68: 3 | T68: 0.002446
A69: Narayanaparambath, Ekta | B69: 46113 | C69: 16 | D69: 119.5 | E69: 16 | F69: 1911 | G69: 0.426 | H69: 0.574 | I69: 33 | J69: 0.064 | K69: 513 | L69: 0.0018584 | M69: 0.0012142 | N69: 5.446e-05 | O69: 0.0005105 | P69: 0.0005105 | Q69: 1397 | R69: 0.0009251 | S69: 1 | T69: 0.0002083
A70: Ndihokubwayo, Twahiba Kashe | B70: 46113 | C70: 14 | D70: 59.4 | E70: 11.5 | F70: 681 | G70: 0.917 | H70: 0.083 | I70: 6 | J70: 0.022 | K70: 276 | L70: 0.0020939 | M70: 0.0014105 | N70: 0.0001221 | O70: 0.0004864 | P70: 0.0004864 | Q70: 403 | R70: 0.0009549 | S70: 2 | T70: 0.0003009
A71: Ndjiapanda, Arlette | B71: 46113 | C71: 14 | D71: 37.9 | E71: 10.7 | F71: 406 | G71: 0.835 | H71: 0.165 | I71: 2 | J71: 0.01 | K71: 207 | L71: 0.0013836 | M71: 0.0011393 | N71: 6.816e-05 | O71: 0.0001017 | P71: 0.0001017 | Q71: 197 | R71: 0.0008 | S71: 2 | T71: 0.0003356
A72: Nhek, Sotham | B72: 46113 | C72: 4 | D72: 9.1 | E72: 1.1 | F72: 10 | G72: 0 | H72: 1 | I72: 0 | K72: 0 | Q72: 10 | R72: 0.0013785 | S72: 0
A73: Nineza, Roxhannah | B73: 46113 | C73: 17 | D73: 101.3 | E73: 16.7 | F73: 1696 | G73: 0.496 | H73: 0.504 | I73: 29 | J73: 0.058 | K73: 498 | L73: 0.0017087 | M73: 0.0014061 | N73: 6.036e-05 | O73: 0.0002601 | P73: 0.0002601 | Q73: 1197 | R73: 0.0010142 | S73: 1 | T73: 0.0002662
A74: Ouchchane, Myriam | B74: 46113 | C74: 24 | D74: 127.5 | E74: 10.3 | F74: 1307 | G74: 0.959 | H74: 0.041 | I74: 1 | J74: 0.004 | K74: 284 | L74: 0.0014561 | M74: 0.0013443 | N74: 7.837e-05 | O74: 7.421e-05 | P74: 7.421e-05 | Q74: 1020 | R74: 0.0009494 | S74: 3 | T74: 0.0123225
A75: Pandey, Mridula | B75: 46113 | C75: 16 | D75: 116.1 | E75: 11.8 | F75: 1364 | G75: 0.487 | H75: 0.513 | I75: 29 | J75: 0.054 | K75: 538 | L75: 0.0017204 | M75: 0.001169 | N75: 0.0001799 | O75: 0.0003183 | P75: 0.0003183 | Q75: 823 | R75: 0.0007403 | S75: 3 | T75: 0.0003086
A76: Paquette, Adam | B76: 46113 | C76: 15 | D76: 97.6 | E76: 8.6 | F76: 836 | G76: 0.916 | H76: 0.084 | I76: 1 | J76: 0.006 | K76: 172 | L76: 0.0006218 | M76: 0.0005268 | N76: 6.897e-05 | O76: 8.607e-05 | P76: 8.607e-05 | Q76: 664 | R76: 0.0006491 | S76: 0
A77: Petruska, Jennifer | B77: 46113 | C77: 12 | D77: 76.8 | E77: 15.4 | F77: 1181 | G77: 0.369 | H77: 0.631 | I77: 17 | J77: 0.051 | K77: 336 | L77: 0.001479 | M77: 0.0010623 | N77: 0.0001184 | O77: 0.0003389 | P77: 0.0003389 | Q77: 844 | R77: 0.0009912 | S77: 1 | T77: 0.0001273
A78: Philemy, Weetler | B78: 46113 | C78: 5 | D78: 10.2 | E78: 4.4 | F78: 45 | G78: 0 | H78: 1 | I78: 0 | K78: 0 | Q78: 44 | R78: 0.0013939 | S78: 1 | T78: 0.000162
A79: Pierre, Christopher | B79: 46113 | C79: 16 | D79: 123.2 | E79: 19.5 | F79: 2401 | G79: 0.756 | H79: 0.244 | I79: 16 | J79: 0.038 | K79: 418 | L79: 0.0020354 | M79: 0.001424 | N79: 0.0003852 | O79: 0.0003215 | P79: 0.0003215 | Q79: 1982 | R79: 0.0008889 | S79: 1 | T79: 0.0001505
A80: Popovic, Jessica | B80: 46113 | C80: 16 | D80: 102.1 | E80: 5.7 | F80: 585 | G80: 0.823 | H80: 0.177 | I80: 0 | J80: 0 | K80: 193 | L80: 0.0010442 | M80: 0.0006765 | N80: 8.666e-05 | O80: 0.0002934 | P80: 0.0002934 | Q80: 392 | R80: 0.0007545 | S80: 0
A81: Quero, Michael | B81: 46113 | C81: 18 | D81: 113.3 | E81: 14.6 | F81: 1659 | G81: 0.63 | H81: 0.37 | I81: 46 | J81: 0.066 | K81: 699 | L81: 0.0017265 | M81: 0.0012125 | N81: 0.0001126 | O81: 0.0004418 | P81: 0.0004418 | Q81: 956 | R81: 0.0009201 | S81: 4 | T81: 0.0006395
A82: Ratz, Emily | B82: 46113 | C82: 13 | D82: 76.5 | E82: 7.1 | F82: 540 | G82: 0.624 | H82: 0.376 | I82: 2 | J82: 0.013 | K82: 156 | L82: 0.0019528 | M82: 0.0015726 | N82: 0.0001353 | O82: 0.0002512 | P82: 0.0002512 | Q82: 381 | R82: 0.0008251 | S82: 3 | T82: 0.0007562
A83: Rea, Shannon | B83: 46113 | C83: 16 | D83: 122.8 | E83: 12.9 | F83: 1587 | G83: 0.832 | H83: 0.168 | I83: 12 | J83: 0.048 | K83: 248 | L83: 0.0017776 | M83: 0.0011849 | N83: 0.0001195 | O83: 0.000542 | P83: 0.000542 | Q83: 1339 | R83: 0.0008177 | S83: 0
A84: Rebelo-Bayle, Antoine | B84: 46113 | C84: 16 | D84: 107.8 | E84: 17.2 | F84: 1853 | G84: 0.283 | H84: 0.717 | I84: 10 | J84: 0.039 | K84: 257 | L84: 0.0022935 | M84: 0.0013908 | N84: 0.000237 | O84: 0.0007411 | P84: 0.0007411 | Q84: 1596 | R84: 0.0008982 | S84: 0
A85: Rennie, Vida | B85: 46113 | C85: 12 | D85: 85.9 | E85: 6.4 | F85: 547 | G85: 0.794 | H85: 0.206 | I85: 5 | J85: 0.023 | K85: 216 | L85: 0.0012563 | M85: 0.0007814 | N85: 9.372e-05 | O85: 0.0003722 | P85: 0.0003722 | Q85: 330 | R85: 0.0008712 | S85: 1 | T85: 0.0014352
A86: Saint-Firmin, Alexandra | B86: 46113 | C86: 5 | D86: 6.8 | E86: 6.1 | F86: 42 | G86: 0.131 | H86: 0.869 | I86: 0 | J86: 0 | K86: 1 | L86: 0.000787 | M86: 0.000787 | N86: 0.0037847 | O86: 0 | P86: 0 | Q86: 41 | R86: 0.0011083 | S86: 0
A87: Sanon, Shana Geralda | B87: 46113 | C87: 19 | D87: 95.5 | E87: 12 | F87: 1145 | G87: 0.602 | H87: 0.398 | I87: 32 | J87: 0.057 | K87: 560 | L87: 0.0018829 | M87: 0.0012174 | N87: 0.0002395 | O87: 0.000421 | P87: 0.000421 | Q87: 585 | R87: 0.0007468 | S87: 0
A88: Sekhon, Gurmanjit | B88: 46113 | C88: 21 | D88: 52.8 | E88: 11.3 | F88: 599 | G88: 0.667 | H88: 0.333 | I88: 11 | J88: 0.057 | K88: 193 | L88: 0.0017335 | M88: 0.0010083 | N88: 1.841e-05 | O88: 0.0005759 | P88: 0.0005759 | Q88: 406 | R88: 0.0006541 | S88: 0
A89: Senechal, Manon | B89: 46113 | C89: 13 | D89: 105.4 | E89: 7.6 | F89: 799 | G89: 0.879 | H89: 0.121 | I89: 40 | J89: 0.086 | K89: 467 | L89: 0.0018508 | M89: 0.0016427 | N89: 2.35e-05 | O89: 0.0001779 | P89: 0.0001779 | Q89: 330 | R89: 0.001091 | S89: 2 | T89: 0.0019444
A90: Sivoravong, Kanitha | B90: 46113 | C90: 16 | D90: 97.3 | E90: 5.5 | F90: 534 | G90: 0.456 | H90: 0.544 | I90: 1 | J90: 0.009 | K90: 116 | L90: 0.0006902 | M90: 0.0004865 | N90: 0.0001717 | O90: 0.0001542 | P90: 0.0001542 | Q90: 417 | R90: 0.0008502 | S90: 1 | T90: 0.0003472
A91: Snelgrove, Sylvia | B91: 46113 | C91: 15 | D91: 106 | E91: 10.4 | F91: 1099 | G91: 0.548 | H91: 0.452 | I91: 13 | J91: 0.04 | K91: 321 | L91: 0.0016551 | M91: 0.0013395 | N91: 0.0001274 | O91: 0.0002176 | P91: 0.0002176 | Q91: 776 | R91: 0.0009364 | S91: 2 | T91: 0.0009722
A92: Tanguay-Roy, Marcel | B92: 46113 | C92: 7 | D92: 44.1 | E92: 16.4 | F92: 723 | G92: 0.392 | H92: 0.608 | I92: 6 | J92: 0.036 | K92: 168 | L92: 0.0015709 | M92: 0.0011303 | N92: 0.0002605 | O92: 0.0002617 | P92: 0.0002617 | Q92: 554 | R92: 0.0009128 | S92: 1 | T92: 0.0004514
A93: Tawa Soh, Basile | B93: 46113 | C93: 5 | D93: 7.3 | E93: 3 | F93: 22 | G93: 0.427 | H93: 0.573 | I93: 0 | K93: 0 | Q93: 22 | R93: 0.0008933 | S93: 0
A94: Thibert, Lise Valery | B94: 46113 | C94: 14 | D94: 120.3 | E94: 15.3 | F94: 1840 | G94: 0.279 | H94: 0.721 | I94: 17 | J94: 0.052 | K94: 330 | L94: 0.0013694 | M94: 0.0008868 | N94: 0.0002707 | O94: 0.0002848 | P94: 0.0002848 | Q94: 1510 | R94: 0.0006533 | S94: 0
A95: Thurston, Sean | B95: 46113 | C95: 7 | D95: 40 | E95: 10.1 | F95: 406 | G95: 0.729 | H95: 0.271 | I95: 3 | J95: 0.018 | K95: 166 | L95: 0.0019152 | M95: 0.0014582 | N95: 1.485e-05 | O95: 0.0003322 | P95: 0.0003322 | Q95: 240 | R95: 0.0009383 | S95: 0
A96: Tounsi, Taha | B96: 46113 | C96: 15 | D96: 89.6 | E96: 13.2 | F96: 1182 | G96: 0.544 | H96: 0.456 | I96: 3 | J96: 0.007 | K96: 414 | L96: 0.0010503 | M96: 0.0006931 | N96: 7.593e-05 | O96: 0.0002654 | P96: 0.0002654 | Q96: 768 | R96: 0.0007969 | S96: 0
A97: Tredwell, Chris | B97: 46113 | C97: 12 | D97: 76.9 | E97: 6.8 | F97: 526 | G97: 0.816 | H97: 0.184 | I97: 5 | J97: 0.051 | K97: 99 | L97: 0.0021945 | M97: 0.0011657 | N97: 3.367e-05 | O97: 0.0009366 | P97: 0.0009366 | Q97: 426 | R97: 0.0010956 | S97: 1 | T97: 0.0003935
A98: Tsan, Senh | B98: 46113 | C98: 16 | D98: 126.5 | E98: 11.7 | F98: 1479 | G98: 0.811 | H98: 0.189 | I98: 8 | J98: 0.02 | K98: 403 | L98: 0.0023262 | M98: 0.0017216 | N98: 3.435e-05 | O98: 0.0005348 | P98: 0.0005348 | Q98: 1075 | R98: 0.0011782 | S98: 1 | T98: 0.0003009
A99: Vachon, Genevieve | B99: 46113 | C99: 19 | D99: 82.4 | E99: 9 | F99: 745 | G99: 0.78 | H99: 0.22 | I99: 10 | J99: 0.06 | K99: 167 | L99: 0.0017539 | M99: 0.0009723 | N99: 0.0001257 | O99: 0.0006786 | P99: 0.0006786 | Q99: 576 | R99: 0.0008719 | S99: 2 | T99: 0.0015336
A100: Villanueva, Tara | B100: 46113 | C100: 8 | D100: 7.2 | E100: 5.4 | F100: 39 | G100: 0.027 | H100: 0.973 | I100: 0 | K100: 0 | Q100: 38 | R100: 0.001194 | S100: 1 | T100: 1.157e-05
...

Sheet Previous_Stats
A1: Agent | B1: Month of Ref Date | C1: Nb Worked Days | D1: Login (hr) | E1: In & Out by hr | F1: Total All Calls | G1: Inbound Time % | H1: Outbound Time % | I1: nb Transfers | J1: % Transf on Queue Calls | K1: Nb Calls Answ | L1: AHT | M1: Avg Talk Time | N1: Avg Hold Time | O1: Avg ACW Total | P1: Avg ACW to Calls | Q1: Outbound Calls | R1: Avg Talk Time Out | S1: Nb Extension In Calls | T1: Avg Talk Time Ext In
A2: Grand Total | C2: 798 | D2: 5076.5 | E2: 12.3 | F2: 62348 | G2: 0.619 | H2: 0.381 | I2: 655 | J2: 0.043 | K2: 15102 | L2: 0.0017467 | M2: 0.0011889 | N2: 0.000149 | O2: 0.0004129 | P2: 0.0004129 | Q2: 47190 | R2: 0.0008475 | S2: 56 | T2: 0.001577
A3: Abouda, Mohammed | B3: 46113 | C3: 9 | D3: 82.2 | E3: 15 | F3: 1230 | G3: 0.595 | H3: 0.405 | I3: 26 | J3: 0.053 | K3: 494 | L3: 0.0017665 | M3: 0.0012762 | N3: 0.0003716 | O3: 0.0001689 | P3: 0.0001689 | Q3: 736 | R3: 0.0007694 | S3: 0
A4: Aidoud, Nabil | B4: 46113 | C4: 9 | D4: 73.1 | E4: 10.2 | F4: 749 | G4: 0.699 | H4: 0.301 | I4: 14 | J4: 0.064 | K4: 219 | L4: 0.0014458 | M4: 0.0010665 | N4: 0.0001216 | O4: 0.0002956 | P4: 0.0002956 | Q4: 530 | R4: 0.0008306 | S4: 0
A5: Akherraz, Hajar | B5: 46113 | C5: 13 | D5: 64.7 | E5: 6.3 | F5: 407 | G5: 0.651 | H5: 0.349 | I5: 1 | J5: 0.012 | K5: 85 | L5: 0.0018521 | M5: 0.0011541 | N5: 0.00041 | O5: 0.0002888 | P5: 0.0002888 | Q5: 320 | R5: 0.0007124 | S5: 2 | T5: 0.0005498
A6: Aquilario, Lester | B6: 46113 | C6: 8 | D6: 62 | E6: 14.5 | F6: 897 | G6: 0.366 | H6: 0.634 | I6: 8 | J6: 0.06 | K6: 133 | L6: 0.0019573 | M6: 0.001188 | N6: 0.0002085 | O6: 0.00061 | P6: 0.00061 | Q6: 764 | R6: 0.0009002 | S6: 0
A7: Audet, Dominic | B7: 46113 | C7: 14 | D7: 60.3 | E7: 12.3 | F7: 741 | G7: 0.906 | H7: 0.094 | I7: 2 | J7: 0.03 | K7: 66 | L7: 0.0015837 | M7: 0.0012949 | N7: 0.0002632 | O7: 0.0001563 | P7: 0.0001563 | Q7: 674 | R7: 0.0008689 | S7: 1 | T7: 0.0015625
A8: Auger, Adrien | B8: 46113 | C8: 10 | D8: 76.8 | E8: 10.6 | F8: 815 | G8: 0.732 | H8: 0.268 | I8: 7 | J8: 0.026 | K8: 270 | L8: 0.0014504 | M8: 0.0010293 | N8: 1.878e-05 | O8: 0.0003721 | P8: 0.0003721 | Q8: 545 | R8: 0.0008561 | S8: 0
A9: Baisi, Jean-Gabriel | B9: 46113 | C9: 8 | D9: 73 | E9: 17.2 | F9: 1258 | G9: 0.133 | H9: 0.867 | I9: 3 | J9: 0.068 | K9: 44 | L9: 0.0028806 | M9: 0.0016627 | N9: 0.0023593 | O9: 0.0003801 | P9: 0.0003801 | Q9: 1212 | R9: 0.0011389 | S9: 2 | T9: 0.0021354
A10: Bercier, France | B10: 46113 | C10: 6 | D10: 46.9 | E10: 19.7 | F10: 922 | G10: 0.625 | H10: 0.375 | I10: 1 | J10: 0.043 | K10: 23 | L10: 0.0022459 | M10: 0.0019213 | N10: 0.00055 | O10: 0.0002687 | P10: 0.0002687 | Q10: 898 | R10: 0.0009676 | S10: 1 | T10: 0.0004282
A11: Borromeo, Ronadell | B11: 46113 | C11: 7 | D11: 49.9 | E11: 11.2 | F11: 558 | G11: 0.829 | H11: 0.171 | I11: 12 | J11: 0.032 | K11: 371 | L11: 0.0025946 | M11: 0.001762 | N11: 0.0001511 | O11: 0.0006479 | P11: 0.0006479 | Q11: 184 | R11: 0.0009822 | S11: 3 | T11: 0.0005594
A12: Brar, Dilpreet Kaur | B12: 46113 | C12: 2 | D12: 0.1 | E12: 24.6 | F12: 2 | G12: 0 | H12: 1 | I12: 0 | K12: 0 | Q12: 1 | R12: 0.0003241 | S12: 1 | T12: 0.0003125
A13: Brooks, Laura | B13: 46113 | C13: 9 | D13: 66.6 | E13: 7 | F13: 463 | G13: 0.515 | H13: 0.485 | I13: 7 | J13: 0.055 | K13: 128 | L13: 0.0025617 | M13: 0.0019273 | N13: 5.561e-05 | O13: 0.000466 | P13: 0.000466 | Q13: 335 | R13: 0.0011696 | S13: 0
A14: Calanza, Stevenson | B14: 46113 | C14: 9 | D14: 85.9 | E14: 20.9 | F14: 1792 | G14: 0.26 | H14: 0.74 | I14: 16 | J14: 0.064 | K14: 251 | L14: 0.0017433 | M14: 0.0007682 | N14: 0.0001446 | O14: 0.0007254 | P14: 0.0007254 | Q14: 1540 | R14: 0.0004599 | S14: 1 | T14: 0.0001505
A15: Carvajal Yiptong, Diego Armando | B15: 46113 | C15: 8 | D15: 55.3 | E15: 10.7 | F15: 593 | G15: 0.937 | H15: 0.063 | I15: 30 | J15: 0.088 | K15: 340 | L15: 0.0018292 | M15: 0.0012425 | N15: 0.0002272 | O15: 0.0003439 | P15: 0.0003439 | Q15: 252 | R15: 0.0008763 | S15: 1 | T15: 0.0004745
A16: Cerdas Calvo, Deyanira | B16: 46113 | C16: 9 | D16: 58 | E16: 15.9 | F16: 925 | G16: 0.189 | H16: 0.811 | I16: 8 | J16: 0.09 | K16: 89 | L16: 0.001988 | M16: 0.0015289 | N16: 0.0005951 | O16: 0.0001875 | P16: 0.0001875 | Q16: 836 | R16: 0.0009032 | S16: 0
A17: Chan, Chinda | B17: 46113 | C17: 8 | D17: 73.8 | E17: 11.1 | F17: 822 | G17: 0.648 | H17: 0.352 | I17: 6 | J17: 0.017 | K17: 349 | L17: 0.0019464 | M17: 0.0011315 | N17: 0.0001006 | O17: 0.0007131 | P17: 0.0007131 | Q17: 473 | R17: 0.0009914 | S17: 0
A18: Chenard, William | B18: 46113 | C18: 9 | D18: 61.7 | E18: 16 | F18: 986 | G18: 0.514 | H18: 0.486 | I18: 22 | J18: 0.058 | K18: 381 | L18: 0.0014224 | M18: 0.0008504 | N18: 9.651e-05 | O18: 0.0004585 | P18: 0.0004585 | Q18: 605 | R18: 0.0008112 | S18: 0
A19: Chibane, Hakim | B19: 46113 | C19: 11 | D19: 87.6 | E19: 14.9 | F19: 1309 | G19: 0.549 | H19: 0.451 | I19: 7 | J19: 0.079 | K19: 89 | L19: 0.0031921 | M19: 0.0019641 | N19: 0.0004267 | O19: 0.0009902 | P19: 0.0009902 | Q19: 1220 | R19: 0.000836 | S19: 0
A20: Cobrana, Michelle | B20: 46113 | C20: 3 | D20: 3.2 | E20: 0.3 | F20: 1 | G20: 0 | H20: 1 | I20: 0 | K20: 0 | Q20: 1 | R20: 0.0001157 | S20: 0
A21: Constant, Francesca | B21: 46113 | C21: 8 | D21: 52.2 | E21: 16.3 | F21: 849 | G21: 0.239 | H21: 0.761 | I21: 9 | J21: 0.176 | K21: 51 | L21: 0.0024483 | M21: 0.0017202 | N21: 0.0010296 | O21: 0.0003334 | P21: 0.0003334 | Q21: 797 | R21: 0.0009254 | S21: 1 | T21: 0.0003819
A22: Dansou, Senami Patrick | B22: 46113 | C22: 6 | D22: 22.5 | E22: 16.9 | F22: 379 | G22: 0.059 | H22: 0.941 | I22: 1 | J22: 0.091 | K22: 11 | L22: 0.001572 | M22: 0.0008154 | N22: 0.000282 | O22: 0.0006587 | P22: 0.0006587 | Q22: 366 | R22: 0.0007547 | S22: 2 | T22: 0.0003877
A23: Dazulme, Wildile | B23: 46113 | C23: 15 | D23: 68.5 | E23: 9.1 | F23: 621 | G23: 0.8 | H23: 0.2 | I23: 0 | J23: 0 | K23: 385 | L23: 0.0013475 | M23: 0.0011071 | N23: 9.921e-07 | O23: 0.0001975 | P23: 0.0001975 | Q23: 236 | R23: 0.0008566 | S23: 0
A24: Deschineau, Shelsey Ann | B24: 46113 | C24: 7 | D24: 44.6 | E24: 15.9 | F24: 710 | G24: 0.413 | H24: 0.587 | I24: 4 | J24: 0.038 | K24: 106 | L24: 0.0022647 | M24: 0.0012657 | N24: 0.00016 | O24: 0.0008741 | P24: 0.0008741 | Q24: 603 | R24: 0.0008294 | S24: 1 | T24: 0.0002083
A25: Desjardins, Lucie | B25: 46113 | C25: 12 | D25: 72.1 | E25: 20.9 | F25: 1503 | G25: 0.936 | H25: 0.064 | I25: 0 | J25: 0 | K25: 51 | L25: 0.0015525 | M25: 0.0011007 | N25: 0.0002483 | O25: 0.0003504 | P25: 0.0003504 | Q25: 1452 | R25: 0.0007587 | S25: 0
A26: Di Tullio, Donato | B26: 46113 | C26: 15 | D26: 79.8 | E26: 19.3 | F26: 1537 | G26: 0.49 | H26: 0.51 | I26: 17 | J26: 0.036 | K26: 469 | L26: 0.0013931 | M26: 0.0009178 | N26: 3.781e-05 | O26: 0.0004384 | P26: 0.0004384 | Q26: 1068 | R26: 0.0008062 | S26: 0
A27: Drame, Abdoulaye | B27: 46113 | C27: 10 | D27: 75.6 | E27: 16.9 | F27: 1274 | G27: 0.373 | H27: 0.627 | I27: 5 | J27: 0.022 | K27: 227 | L27: 0.0019688 | M27: 0.0011954 | N27: 0.0001175 | O27: 0.0006552 | P27: 0.0006552 | Q27: 1047 | R27: 0.0008652 | S27: 0
A28: Dupuis, Joanie | B28: 46113 | C28: 5 | D28: 30.3 | E28: 10.9 | F28: 330 | G28: 0.867 | H28: 0.133 | I28: 5 | J28: 0.098 | K28: 51 | L28: 0.0021262 | M28: 0.0010242 | N28: 0.0011222 | O28: 0.0002685 | P28: 0.0002685 | Q28: 278 | R28: 0.0008073 | S28: 1 | T28: 0.0001273
A29: El Hafsi, Hamza | B29: 46113 | C29: 8 | D29: 52.5 | E29: 7.5 | F29: 392 | G29: 0.397 | H29: 0.603 | I29: 2 | J29: 0.031 | K29: 65 | L29: 0.0018408 | M29: 0.0011163 | N29: 8.743e-05 | O29: 0.0006385 | P29: 0.0006385 | Q29: 327 | R29: 0.0008363 | S29: 0
A30: Fakhfakh, Souleymen | B30: 46113 | C30: 9 | D30: 43.1 | E30: 9 | F30: 387 | G30: 0.948 | H30: 0.052 | I30: 17 | J30: 0.103 | K30: 165 | L30: 0.001607 | M30: 0.0013122 | N30: 0.0001978 | O30: 9.989e-05 | P30: 9.989e-05 | Q30: 222 | R30: 0.0008985 | S30: 0
A31: Flanagan-Fortin, Shawn | B31: 46113 | C31: 7 | D31: 51.3 | E31: 6.1 | F31: 314 | G31: 0.632 | H31: 0.368 | I31: 0 | J31: 0 | K31: 64 | L31: 0.0006491 | M31: 0.000434 | N31: 6.872e-06 | O31: 0.0002148 | P31: 0.0002148 | Q31: 247 | R31: 0.0007303 | S31: 3 | T31: 0.000409
A32: Gabriel, Gamelyn | B32: 46113 | C32: 7 | D32: 23.8 | E32: 6.4 | F32: 153 | G32: 0.868 | H32: 0.132 | I32: 3 | J32: 0.063 | K32: 48 | L32: 0.0018687 | M32: 0.0016264 | N32: 0.0001329 | O32: 0.0001502 | P32: 0.0001502 | Q32: 105 | R32: 0.0009976 | S32: 0
A33: Gagnon, Nancy | B33: 46113 | C33: 11 | D33: 72 | E33: 7.1 | F33: 509 | G33: 0.693 | H33: 0.307 | I33: 0 | J33: 0 | K33: 108 | L33: 0.0021088 | M33: 0.0019955 | N33: 4.555e-05 | O33: 7.823e-05 | P33: 7.823e-05 | Q33: 400 | R33: 0.0009007 | S33: 1 | T33: 0.0086227
A34: Gil Cervino, Henrique Alexandre | B34: 46113 | C34: 8 | D34: 39.5 | E34: 2.9 | F34: 116 | G34: 0.855 | H34: 0.145 | I34: 1 | J34: 0.04 | K34: 25 | L34: 0.0026699 | M34: 0.0019417 | N34: 0.0003204 | O34: 0.0003838 | P34: 0.0003838 | Q34: 91 | R34: 0.0011143 | S34: 0
A35: Ginete, Maricel | B35: 46113 | C35: 3 | D35: 1.8 | E35: 0.6 | F35: 1 | G35: 0.498 | H35: 0.502 | I35: 0 | K35: 0 | Q35: 1 | R35: 0.000162 | S35: 0
A36: Goddard, Adrien | B36: 46113 | C36: 9 | D36: 55.8 | E36: 15 | F36: 835 | G36: 1 | H36: 0 | I36: 2 | J36: 0.022 | K36: 92 | L36: 0.0025298 | M36: 0.0012393 | N36: 0.0001412 | O36: 0.0003909 | P36: 0.0003909 | Q36: 741 | R36: 0.0010563 | S36: 2 | T36: 0.0001273
A37: Guzman, Alexandre | B37: 46113 | C37: 6 | D37: 49.1 | E37: 11 | F37: 540 | G37: 0.7 | H37: 0.3 | I37: 10 | J37: 0.038 | K37: 266 | L37: 0.002028 | M37: 0.0013063 | N37: 0.000248 | O37: 0.000506 | P37: 0.000506 | Q37: 274 | R37: 0.0009907 | S37: 0
A38: Herbst, Emily Blythe | B38: 46113 | C38: 7 | D38: 51.1 | E38: 12.1 | F38: 619 | G38: 0.336 | H38: 0.664 | I38: 0 | J38: 0 | K38: 33 | L38: 0.001143 | M38: 0.0008631 | N38: 0.0001838 | O38: 0.0002799 | P38: 0.0002799 | Q38: 585 | R38: 0.0009041 | S38: 1 | T38: 0.0006366
A39: Hirst-Smith, Courtnay | B39: 46113 | C39: 9 | D39: 77.6 | E39: 10.9 | F39: 845 | G39: 0.713 | H39: 0.287 | I39: 5 | J39: 0.045 | K39: 112 | L39: 0.0023082 | M39: 0.0013612 | N39: 0.0008231 | O39: 0.0005125 | P39: 0.0005125 | Q39: 733 | R39: 0.0012442 | S39: 0
A40: Hirwa, Jules Adam | B40: 46113 | C40: 5 | D40: 36.3 | E40: 10.5 | F40: 380 | G40: 0.855 | H40: 0.145 | I40: 10 | J40: 0.042 | K40: 236 | L40: 0.002252 | M40: 0.0015495 | N40: 0.0002255 | O40: 0.0004886 | P40: 0.0004886 | Q40: 144 | R40: 0.0009641 | S40: 0
A41: Ho, Destiny | B41: 46113 | C41: 9 | D41: 69 | E41: 9 | F41: 619 | G41: 0.504 | H41: 0.496 | I41: 18 | J41: 0.081 | K41: 223 | L41: 0.0013802 | M41: 0.0009457 | N41: 4.282e-05 | O41: 0.0003718 | P41: 0.0003718 | Q41: 396 | R41: 0.0008477 | S41: 0
A42: Ininahazwe, Sabrina Amanda | B42: 46113 | C42: 7 | D42: 60.2 | E42: 6.5 | F42: 391 | G42: 0.756 | H42: 0.244 | I42: 0 | J42: 0 | K42: 152 | L42: 0.0008331 | M42: 0.0007605 | N42: 7.127e-05 | O42: 7.257e-05 | P42: 7.257e-05 | Q42: 239 | R42: 0.0008754 | S42: 0
A43: Jaen Benitez, Roberto David | B43: 46113 | C43: 9 | D43: 64.6 | E43: 6.8 | F43: 438 | G43: 0.482 | H43: 0.518 | I43: 0 | J43: 0 | K43: 122 | L43: 0.0012535 | M43: 0.0008551 | N43: 9.098e-05 | O43: 0.0003013 | P43: 0.0003013 | Q43: 316 | R43: 0.0006458 | S43: 0
A44: Joseph, Whilston | B44: 46113 | C44: 9 | D44: 61.7 | E44: 10.2 | F44: 632 | G44: 0.706 | H44: 0.294 | I44: 17 | J44: 0.068 | K44: 251 | L44: 0.0019266 | M44: 0.0011722 | N44: 0.0001037 | O44: 0.0006142 | P44: 0.0006142 | Q44: 381 | R44: 0.0008839 | S44: 0
A45: Kaur, Manpreet | B45: 46113 | C45: 12 | D45: 54.4 | E45: 6 | F45: 327 | G45: 0.833 | H45: 0.167 | I45: 1 | J45: 0.009 | K45: 106 | L45: 0.0011338 | M45: 0.0008336 | N45: 1.376e-05 | O45: 0.0002754 | P45: 0.0002754 | Q45: 221 | R45: 0.0006912 | S45: 0
A46: Kenol, Sheila | B46: 46113 | C46: 15 | D46: 62.9 | E46: 16.4 | F46: 1030 | G46: 0.571 | H46: 0.429 | I46: 0 | J46: 0 | K46: 18 | L46: 0.0021515 | M46: 0.0019888 | N46: 0.0009999 | O46: 6.237e-05 | P46: 6.237e-05 | Q46: 1012 | R46: 0.0008986 | S46: 0
A47: Khaled, Zakaria | B47: 46113 | C47: 8 | D47: 66.2 | E47: 13.1 | F47: 867 | G47: 0.695 | H47: 0.305 | I47: 42 | J47: 0.086 | K47: 488 | L47: 0.0011481 | M47: 0.0009742 | N47: 8.571e-05 | O47: 9.181e-05 | P47: 9.181e-05 | Q47: 379 | R47: 0.0007936 | S47: 0
A48: Khattabi, Mohammed Najib | B48: 46113 | C48: 15 | D48: 79.5 | E48: 15.2 | F48: 1207 | G48: 0.894 | H48: 0.106 | I48: 9 | J48: 0.025 | K48: 353 | L48: 0.0015922 | M48: 0.0012226 | N48: 6.915e-05 | O48: 0.0002446 | P48: 0.0002446 | Q48: 854 | R48: 0.0008856 | S48: 0
A49: Labbe-Geolier, Simon Oliver | B49: 46113 | C49: 4 | D49: 21.5 | E49: 10.3 | F49: 221 | G49: 0.131 | H49: 0.869 | I49: 0 | J49: 0 | K49: 3 | L49: 0.0010725 | M49: 0.0009722 | N49: 0.0003202 | O49: 9.259e-05 | P49: 9.259e-05 | Q49: 218 | R49: 0.0008275 | S49: 0
A50: Lakhal, Oussama | B50: 46113 | C50: 10 | D50: 62.5 | E50: 8.5 | F50: 534 | G50: 0.743 | H50: 0.257 | I50: 11 | J50: 0.164 | K50: 67 | L50: 0.0018641 | M50: 0.0013448 | N50: 0.0002665 | O50: 0.000132 | P50: 0.000132 | Q50: 465 | R50: 0.0007688 | S50: 2 | T50: 0.0002662
A51: Landry, Josianne | B51: 46113 | C51: 2 | D51: 0.1 | E51: 49.1 | F51: 4 | G51: 1 | H51: 0 | I51: 0 | K51: 0 | Q51: 4 | R51: 0.0006684 | S51: 0
A52: Lapointe, Renelle | B52: 46113 | C52: 9 | D52: 78.9 | E52: 12.1 | F52: 951 | G52: 0.692 | H52: 0.308 | I52: 0 | J52: 0 | K52: 36 | L52: 0.0025367 | M52: 0.0017605 | N52: 0.000751 | O52: 0.0002331 | P52: 0.0002331 | Q52: 914 | R52: 0.0009029 | S52: 1 | T52: 0.0002778
A53: Larosa, Cynthia | B53: 46113 | C53: 1 | D53: 1.2 | E53: 0.9 | F53: 1 | G53: 0.002 | H53: 0.998 | I53: 0 | K53: 0 | Q53: 1 | R53: 0.0002546 | S53: 0
A54: Lee, Jadon | B54: 46113 | C54: 2 | D54: 0.2 | E54: 8.7 | F54: 2 | G54: 0.001 | H54: 0.999 | I54: 0 | K54: 0 | Q54: 1 | R54: 0.0002431 | S54: 1 | T54: 0.000544
A55: Lee, Robert | B55: 46113 | C55: 1 | D55: 0.1 | E55: 10.7 | F55: 1 | G55: 0 | H55: 1 | I55: 0 | K55: 0 | Q55: 1 | R55: 0.0003125 | S55: 0
A56: Limon, Maria | B56: 46113 | C56: 2 | D56: 0.3 | E56: 5.7 | F56: 2 | G56: 0 | H56: 1 | I56: 0 | K56: 0 | Q56: 1 | R56: 0.0007755 | S56: 1 | T56: 0.0003356
A57: Malhi, Sandeep | B57: 46113 | C57: 6 | D57: 47.3 | E57: 5.6 | F57: 263 | G57: 0.68 | H57: 0.32 | I57: 3 | J57: 0.091 | K57: 33 | L57: 0.0038724 | M57: 0.0019413 | N57: 0.0002585 | O57: 0.0014513 | P57: 0.0014513 | Q57: 227 | R57: 0.0010275 | S57: 3 | T57: 0.0013349
A58: Malki, Amine | B58: 46113 | C58: 10 | D58: 80.3 | E58: 16.4 | F58: 1320 | G58: 0.332 | H58: 0.668 | I58: 9 | J58: 0.038 | K58: 240 | L58: 0.0021785 | M58: 0.0012991 | N58: 6.65e-05 | O58: 0.0007102 | P58: 0.0007102 | Q58: 1080 | R58: 0.0009414 | S58: 0
A59: Mamputu, Patrick | B59: 46113 | C59: 9 | D59: 29.3 | E59: 12.4 | F59: 363 | G59: 0.404 | H59: 0.596 | I59: 0 | J59: 0 | K59: 15 | L59: 0.0017716 | M59: 0.0007168 | N59: 0.0001937 | O59: 0.0007955 | P59: 0.0007955 | Q59: 348 | R59: 0.000811 | S59: 0
A60: Mann, Talwinder | B60: 46113 | C60: 4 | D60: 25.9 | E60: 11.3 | F60: 292 | G60: 0.837 | H60: 0.163 | I60: 7 | J60: 0.042 | K60: 166 | L60: 0.001795 | M60: 0.0009575 | N60: 0.000205 | O60: 0.0006295 | P60: 0.0006295 | Q60: 126 | R60: 0.0008564 | S60: 0
A61: Marcil, Carol | B61: 46113 | C61: 9 | D61: 66.1 | E61: 36.3 | F61: 2401 | G61: 0.471 | H61: 0.529 | I61: 0 | J61: 0 | K61: 17 | L61: 0.0015264 | M61: 0.0011901 | N61: 0.0003901 | O61: 0.0001934 | P61: 0.0001934 | Q61: 2383 | R61: 0.000589 | S61: 1 | T61: 0.0001968
A62: Mazari, Hichem | B62: 46113 | C62: 11 | D62: 86.3 | E62: 9.7 | F62: 835 | G62: 0.609 | H62: 0.391 | I62: 7 | J62: 0.023 | K62: 306 | L62: 0.0027839 | M62: 0.0011026 | N62: 3.173e-05 | O62: 0.0015684 | P62: 0.0015684 | Q62: 528 | R62: 0.0009208 | S62: 1 | T62: 0.0018287
A63: McCrory, Michael | B63: 46113 | C63: 2 | D63: 0.2 | E63: 13.5 | F63: 3 | G63: 0.042 | H63: 0.958 | I63: 0 | K63: 0 | Q63: 1 | R63: 0.0002546 | S63: 2 | T63: 0.0010938
A64: Medrano Sibrian, Yahshua | B64: 46113 | C64: 11 | D64: 75.7 | E64: 9.3 | F64: 700 | G64: 0.665 | H64: 0.335 | I64: 6 | J64: 0.016 | K64: 379 | L64: 0.0012945 | M64: 0.0011518 | N64: 2.321e-05 | O64: 0.0001176 | P64: 0.0001176 | Q64: 321 | R64: 0.0007723 | S64: 0
A65: Melgar, Rafael | B65: 46113 | C65: 9 | D65: 56.5 | E65: 17.9 | F65: 1012 | G65: 0.574 | H65: 0.426 | I65: 10 | J65: 0.06 | K65: 168 | L65: 0.0014747 | M65: 0.0008246 | N65: 3.858e-06 | O65: 0.0005368 | P65: 0.0005368 | Q65: 844 | R65: 0.0006316 | S65: 0
A66: Mertens, Antonia | B66: 46113 | C66: 10 | D66: 82.4 | E66: 16.9 | F66: 1390 | G66: 0.519 | H66: 0.481 | I66: 22 | J66: 0.052 | K66: 421 | L66: 0.0018814 | M66: 0.001418 | N66: 7.709e-05 | O66: 0.0003346 | P66: 0.0003346 | Q66: 969 | R66: 0.0009992 | S66: 0
A67: Miclisse-Polat, Lorenzo Misael | B67: 46113 | C67: 10 | D67: 77.6 | E67: 9.8 | F67: 758 | G67: 0.909 | H67: 0.091 | I67: 8 | J67: 0.038 | K67: 210 | L67: 0.0018322 | M67: 0.0009983 | N67: 0.0001594 | O67: 0.000693 | P67: 0.000693 | Q67: 547 | R67: 0.0008011 | S67: 1 | T67: 0.0006597
A68: Mondrzejewski, Dave | B68: 46113 | C68: 5 | D68: 40.2 | E68: 10.4 | F68: 419 | G68: 0.583 | H68: 0.417 | I68: 4 | J68: 0.053 | K68: 76 | L68: 0.0014615 | M68: 0.0008897 | N68: 0.0002374 | O68: 0.0003736 | P68: 0.0003736 | Q68: 340 | R68: 0.0010067 | S68: 3 | T68: 0.002446
A69: Narayanaparambath, Ekta | B69: 46113 | C69: 9 | D69: 70.4 | E69: 17.2 | F69: 1211 | G69: 0.414 | H69: 0.586 | I69: 23 | J69: 0.076 | K69: 303 | L69: 0.001842 | M69: 0.0011694 | N69: 7.422e-05 | O69: 0.0005254 | P69: 0.0005254 | Q69: 907 | R69: 0.0009458 | S69: 1 | T69: 0.0002083
A70: Ndihokubwayo, Twahiba Kashe | B70: 46113 | C70: 8 | D70: 35.1 | E70: 10.7 | F70: 377 | G70: 0.96 | H70: 0.04 | I70: 2 | J70: 0.013 | K70: 157 | L70: 0.0020716 | M70: 0.0013255 | N70: 0.0001588 | O70: 0.0004558 | P70: 0.0004558 | Q70: 220 | R70: 0.0009574 | S70: 0
A71: Ndjiapanda, Arlette | B71: 46113 | C71: 9 | D71: 26.7 | E71: 10.2 | F71: 273 | G71: 0.773 | H71: 0.227 | I71: 2 | J71: 0.016 | K71: 123 | L71: 0.0015296 | M71: 0.0012105 | N71: 0.0001024 | O71: 9.222e-05 | P71: 9.222e-05 | Q71: 149 | R71: 0.0007592 | S71: 1 | T71: 0.0001968
A72: Nhek, Sotham | B72: 46113 | C72: 1 | D72: 0.1 | E72: 18.8 | F72: 1 | G72: 0 | H72: 1 | I72: 0 | K72: 0 | Q72: 1 | R72: 0.0001157 | S72: 0
A73: Nineza, Roxhannah | B73: 46113 | C73: 9 | D73: 60.2 | E73: 15.9 | F73: 955 | G73: 0.572 | H73: 0.428 | I73: 17 | J73: 0.049 | K73: 349 | L73: 0.0017039 | M73: 0.0014049 | N73: 5.436e-05 | O73: 0.0002569 | P73: 0.0002569 | Q73: 605 | R73: 0.0009884 | S73: 1 | T73: 0.0002662
A74: Ouchchane, Myriam | B74: 46113 | C74: 15 | D74: 77.3 | E74: 8.6 | F74: 663 | G74: 0.954 | H74: 0.046 | I74: 0 | J74: 0 | K74: 165 | L74: 0.0013251 | M74: 0.0012123 | N74: 7.877e-05 | O74: 7.611e-05 | P74: 7.611e-05 | Q74: 496 | R74: 0.0009519 | S74: 2 | T74: 0.0184838
A75: Pandey, Mridula | B75: 46113 | C75: 10 | D75: 72 | E75: 10.6 | F75: 761 | G75: 0.528 | H75: 0.472 | I75: 19 | J75: 0.057 | K75: 333 | L75: 0.0017426 | M75: 0.001213 | N75: 0.0001613 | O75: 0.0003111 | P75: 0.0003111 | Q75: 426 | R75: 0.0006891 | S75: 2 | T75: 0.000353
A76: Paquette, Adam | B76: 46113 | C76: 9 | D76: 53 | E76: 9 | F76: 475 | G76: 0.958 | H76: 0.042 | I76: 0 | J76: 0 | K76: 72 | L76: 0.0007303 | M76: 0.0006552 | N76: 7.073e-05 | O76: 6.961e-05 | P76: 6.961e-05 | Q76: 403 | R76: 0.0006496 | S76: 0
A77: Petruska, Jennifer | B77: 46113 | C77: 5 | D77: 34 | E77: 14.9 | F77: 505 | G77: 0.549 | H77: 0.451 | I77: 12 | J77: 0.053 | K77: 225 | L77: 0.0014818 | M77: 0.0010386 | N77: 0.0001102 | O77: 0.0003441 | P77: 0.0003441 | Q77: 280 | R77: 0.0009247 | S77: 0
A78: Philemy, Weetler | B78: 46113 | C78: 1 | D78: 0.1 | E78: 13.4 | F78: 1 | G78: 0 | H78: 1 | I78: 0 | K78: 0 | Q78: 1 | R78: 0.0002315 | S78: 0
A79: Pierre, Christopher | B79: 46113 | C79: 10 | D79: 77.7 | E79: 18.5 | F79: 1435 | G79: 0.813 | H79: 0.187 | I79: 13 | J79: 0.048 | K79: 269 | L79: 0.0021065 | M79: 0.0014942 | N79: 0.0003313 | O79: 0.0003275 | P79: 0.0003275 | Q79: 1166 | R79: 0.000854 | S79: 0
A80: Popovic, Jessica | B80: 46113 | C80: 9 | D80: 59.7 | E80: 5.3 | F80: 315 | G80: 0.887 | H80: 0.113 | I80: 0 | J80: 0 | K80: 124 | L80: 0.0009423 | M80: 0.0006255 | N80: 1.017e-05 | O80: 0.0002963 | P80: 0.0002963 | Q80: 191 | R80: 0.000785 | S80: 0
A81: Quero, Michael | B81: 46113 | C81: 11 | D81: 67.9 | E81: 15.7 | F81: 1067 | G81: 0.565 | H81: 0.435 | I81: 32 | J81: 0.072 | K81: 442 | L81: 0.001777 | M81: 0.0012655 | N81: 0.0001135 | O81: 0.0004254 | P81: 0.0004254 | Q81: 624 | R81: 0.0009056 | S81: 1 | T81: 0.0007176
A82: Ratz, Emily | B82: 46113 | C82: 8 | D82: 52.4 | E82: 7.6 | F82: 397 | G82: 0.571 | H82: 0.429 | I82: 2 | J82: 0.02 | K82: 99 | L82: 0.0020366 | M82: 0.0016118 | N82: 0.0001348 | O82: 0.0002902 | P82: 0.0002902 | Q82: 297 | R82: 0.0007839 | S82: 1 | T82: 0.000463
A83: Rea, Shannon | B83: 46113 | C83: 9 | D83: 68.6 | E83: 11.7 | F83: 800 | G83: 0.778 | H83: 0.222 | I83: 5 | J83: 0.04 | K83: 124 | L83: 0.0016758 | M83: 0.0011786 | N83: 0.0001362 | O83: 0.0004547 | P83: 0.0004547 | Q83: 676 | R83: 0.0008236 | S83: 0
A84: Rebelo-Bayle, Antoine | B84: 46113 | C84: 10 | D84: 70.3 | E84: 16.7 | F84: 1172 | G84: 0.236 | H84: 0.764 | I84: 6 | J84: 0.043 | K84: 141 | L84: 0.0023543 | M84: 0.0014911 | N84: 0.0003257 | O84: 0.0006717 | P84: 0.0006717 | Q84: 1031 | R84: 0.0008504 | S84: 0
A85: Rennie, Vida | B85: 46113 | C85: 7 | D85: 46.8 | E85: 6.6 | F85: 308 | G85: 0.699 | H85: 0.301 | I85: 0 | J85: 0 | K85: 90 | L85: 0.0007424 | M85: 0.0005782 | N85: 7.395e-05 | O85: 0.0001286 | P85: 0.0001286 | Q85: 218 | R85: 0.0008358 | S85: 0
A86: Saint-Firmin, Alexandra | B86: 46113 | C86: 2 | D86: 0.3 | E86: 3.7 | F86: 1 | G86: 0 | H86: 1 | I86: 0 | K86: 0 | Q86: 1 | R86: 0.0001042 | S86: 0
A87: Sanon, Shana Geralda | B87: 46113 | C87: 13 | D87: 69.6 | E87: 11.7 | F87: 818 | G87: 0.597 | H87: 0.403 | I87: 22 | J87: 0.053 | K87: 418 | L87: 0.0018283 | M87: 0.0012121 | N87: 0.0001907 | O87: 0.0004202 | P87: 0.0004202 | Q87: 400 | R87: 0.0007897 | S87: 0
A88: Sekhon, Gurmanjit | B88: 46113 | C88: 12 | D88: 31.5 | E88: 12.2 | F88: 383 | G88: 0.557 | H88: 0.443 | I88: 3 | J88: 0.027 | K88: 113 | L88: 0.0015847 | M88: 0.0008929 | N88: 1.844e-06 | O88: 0.0005709 | P88: 0.0005709 | Q88: 270 | R88: 0.0006544 | S88: 0
A89: Senechal, Manon | B89: 46113 | C89: 8 | D89: 65.2 | E89: 6.2 | F89: 402 | G89: 0.909 | H89: 0.091 | I89: 19 | J89: 0.069 | K89: 275 | L89: 0.0017995 | M89: 0.0016407 | N89: 2.05e-05 | O89: 0.0001384 | P89: 0.0001384 | Q89: 125 | R89: 0.0010399 | S89: 2 | T89: 0.0019444
A90: Sivoravong, Kanitha | B90: 46113 | C90: 10 | D90: 67.1 | E90: 5.2 | F90: 350 | G90: 0.441 | H90: 0.559 | I90: 1 | J90: 0.012 | K90: 81 | L90: 0.0007692 | M90: 0.0004927 | N90: 0.000185 | O90: 0.0002056 | P90: 0.0002056 | Q90: 268 | R90: 0.0008637 | S90: 1 | T90: 0.0003472
A91: Snelgrove, Sylvia | B91: 46113 | C91: 9 | D91: 66.9 | E91: 11.2 | F91: 752 | G91: 0.505 | H91: 0.495 | I91: 8 | J91: 0.037 | K91: 217 | L91: 0.0016216 | M91: 0.0013082 | N91: 0.0001345 | O91: 0.0002039 | P91: 0.0002039 | Q91: 533 | R91: 0.0009564 | S91: 2 | T91: 0.0009722
A92: Tanguay-Roy, Marcel | B92: 46113 | C92: 5 | D92: 31.4 | E92: 16.3 | F92: 510 | G92: 0.355 | H92: 0.645 | I92: 1 | J92: 0.009 | K92: 109 | L92: 0.0014987 | M92: 0.0011328 | N92: 0.0002301 | O92: 0.0002613 | P92: 0.0002613 | Q92: 400 | R92: 0.0009171 | S92: 1 | T92: 0.0004514
A93: Tawa Soh, Basile | B93: 46113 | C93: 1 | D93: 0.3 | E93: 3.3 | F93: 1 | G93: 0 | H93: 1 | I93: 0 | K93: 0 | Q93: 1 | R93: 5.787e-05 | S93: 0
A94: Thibert, Lise Valery | B94: 46113 | C94: 8 | D94: 74.6 | E94: 16.4 | F94: 1224 | G94: 0.308 | H94: 0.692 | I94: 11 | J94: 0.042 | K94: 259 | L94: 0.001317 | M94: 0.000842 | N94: 0.0002566 | O94: 0.0002914 | P94: 0.0002914 | Q94: 965 | R94: 0.000628 | S94: 0
A95: Tounsi, Taha | B95: 46113 | C95: 8 | D95: 52 | E95: 12.5 | F95: 648 | G95: 0.516 | H95: 0.484 | I95: 1 | J95: 0.005 | K95: 194 | L95: 0.0010207 | M95: 0.0006955 | N95: 3.138e-05 | O95: 0.0002784 | P95: 0.0002784 | Q95: 454 | R95: 0.0008007 | S95: 0
A96: Tredwell, Chris | B96: 46113 | C96: 6 | D96: 32.5 | E96: 8.2 | F96: 266 | G96: 0.646 | H96: 0.354 | I96: 1 | J96: 0.023 | K96: 43 | L96: 0.0020849 | M96: 0.0011073 | N96: 2.449e-05 | O96: 0.0008021 | P96: 0.0008021 | Q96: 223 | R96: 0.001125 | S96: 0
A97: Tsan, Senh | B97: 46113 | C97: 9 | D97: 71.7 | E97: 11.8 | F97: 844 | G97: 0.711 | H97: 0.289 | I97: 7 | J97: 0.036 | K97: 196 | L97: 0.0023256 | M97: 0.001681 | N97: 4.665e-05 | O97: 0.0005737 | P97: 0.0005737 | Q97: 648 | R97: 0.0011666 | S97: 0
A98: Vachon, Genevieve | B98: 46113 | C98: 12 | D98: 45.6 | E98: 9.3 | F98: 426 | G98: 0.737 | H98: 0.263 | I98: 9 | J98: 0.082 | K98: 110 | L98: 0.0018688 | M98: 0.000952 | N98: 0.0001656 | O98: 0.0007774 | P98: 0.0007774 | Q98: 315 | R98: 0.0008383 | S98: 1 | T98: 0.002037
A99: Villanueva, Tara | B99: 46113 | C99: 3 | D99: 0.2 | E99: 4.3 | F99: 1 | G99: 0.02 | H99: 0.98 | I99: 0 | K99: 0 | Q99: 1 | R99: 0.0001505 | S99: 0
A100: Wong, Jordan | B100: 46113 | C100: 9 | D100: 66.6 | E100: 9.2 | F100: 613 | G100: 0.645 | H100: 0.355 | I100: 4 | J100: 0.02 | K100: 200 | L100: 0.0019798 | M100: 0.0012821 | N100: 1.539e-05 | O100: 0.000677 | P100: 0.000677 | Q100: 413 | R100: 0.0006839 | S100: 0
...

Sheet Refined_Data
A1: Active Agents | B1: Status | C1: LvL. | D1: Language | E1: Shift | F1: Office Loc | G1: Telus ID | H1: MMM Initials | I1: MAS ID | J1: Avaya Login | K1: SAFE ? | L1: Troubleshooting ? | M1: BMRC ? | N1: Coach | O1: GEN Report Name | P1: Free
A2: =IFERROR(__xludf.DUMMYFUNCTION("FILTER(RAW_Data!B2:B1030, RAW_Data!E2:E1030=""Active"")"),"Abouda, Mohammed") -> Abouda, Mohammed | B2: =VLOOKUP(A2, RAW_Data!B:Z, 4, FALSE) -> Active | C2: =VLOOKUP(A2, RAW_Data!B:Z, 10, FALSE) -> 2 | D2: =VLOOKUP(A2, RAW_Data!B:Z, 9, FALSE) -> Bilingual-French | E2: =IFERROR(__xludf.DUMMYFUNCTION("LET( x, IFERROR(VLOOKUP(A2, RAW_Data!B:BZ, 61, FALSE), """"), IFS( REGEXMATCH(x, ""Morning""), ""Day"", REGEXMATCH(x, ""Evening""), ""Evening"", REGEXMATCH(x, ""Night""), ""Night"", x="""", """", TRUE, ""Variable"" ) )"),"Day") -> Day | F2: =VLOOKUP(A2, RAW_Data!B:Z, 8, FALSE) -> Ottawa | G2: =VLOOKUP(A2, RAW_Data!B:Z, 2, FALSE) -> T773560 | H2: =VLOOKUP(A2, RAW_Data!B:Z, 18, FALSE) -> M0511 | I2: =VLOOKUP(A2, RAW_Data!B:Z, 20, FALSE) -> 100773560 | J2: =VLOOKUP(A2, RAW_Data!B:Z, 24, FALSE) -> 1060061 | K2: =IFERROR(__xludf.DUMMYFUNCTION("IF(REGEXMATCH(VLOOKUP(A2, RAW_Data!B:BZ, 29, FALSE), ""Smart""), ""Yes"", ""No"")"),"No") -> No | L2: =IFERROR(__xludf.DUMMYFUNCTION("IF(REGEXMATCH(VLOOKUP(A2, RAW_Data!B:BZ, 29, FALSE), ""Trouble""), ""Yes"", ""No"")"),"No") -> No | M2: =IFERROR(__xludf.DUMMYFUNCTION("IF(REGEXMATCH(VLOOKUP(A2, RAW_Data!B:BZ, 29, FALSE), ""MRC""), ""Yes"", ""No"")"),"No") -> No | N2: =VLOOKUP(A2, RAW_Data!B:Z, 12, FALSE) -> Lo, Mamadou | O2: Abouda, Mohammed
A3: =IFERROR(__xludf.DUMMYFUNCTION("""COMPUTED_VALUE"""),"Adrien, Goddard") -> Adrien, Goddard | B3: =VLOOKUP(A3, RAW_Data!B:Z, 4, FALSE) -> Active | C3: =VLOOKUP(A3, RAW_Data!B:Z, 10, FALSE) -> 4 | D3: =VLOOKUP(A3, RAW_Data!B:Z, 9, FALSE) -> Bilingual-French | E3: =IFERROR(__xludf.DUMMYFUNCTION("LET( x, IFERROR(VLOOKUP(A3, RAW_Data!B:BZ, 61, FALSE), """"), IFS( REGEXMATCH(x, ""Morning""), ""Day"", REGEXMATCH(x, ""Evening""), ""Evening"", REGEXMATCH(x, ""Night""), ""Night"", x="""", """", TRUE, ""Variable"" ) )"),"Day") -> Day | F3: =VLOOKUP(A3, RAW_Data!B:Z, 8, FALSE) -> Montreal | G3: =VLOOKUP(A3, RAW_Data!B:Z, 2, FALSE) -> T955706 | H3: =VLOOKUP(A3, RAW_Data!B:Z, 18, FALSE) -> M0062 | I3: =VLOOKUP(A3, RAW_Data!B:Z, 20, FALSE) -> 100955706 | J3: =VLOOKUP(A3, RAW_Data!B:Z, 24, FALSE) -> 1066843 | K3: =IFERROR(__xludf.DUMMYFUNCTION("IF(REGEXMATCH(VLOOKUP(A3, RAW_Data!B:BZ, 29, FALSE), ""Smart""), ""Yes"", ""No"")"),"No") -> No | L3: =IFERROR(__xludf.DUMMYFUNCTION("IF(REGEXMATCH(VLOOKUP(A3, RAW_Data!B:BZ, 29, FALSE), ""Trouble""), ""Yes"", ""No"")"),"No") -> No | M3: =IFERROR(__xludf.DUMMYFUNCTION("IF(REGEXMATCH(VLOOKUP(A3, RAW_Data!B:BZ, 29, FALSE), ""MRC""), ""Yes"", ""No"")"),"No") -> No | N3: =VLOOKUP(A3, RAW_Data!B:Z, 12, FALSE) -> Lo, Mamadou | O3: Goddard, Adrien
A4: =IFERROR(__xludf.DUMMYFUNCTION("""COMPUTED_VALUE"""),"Aidoud, Nabil") -> Aidoud, Nabil | B4: =VLOOKUP(A4, RAW_Data!B:Z, 4, FALSE) -> Active | C4: =VLOOKUP(A4, RAW_Data!B:Z, 10, FALSE) -> 4 | D4: =VLOOKUP(A4, RAW_Data!B:Z, 9, FALSE) -> Bilingual-French | E4: =IFERROR(__xludf.DUMMYFUNCTION("LET( x, IFERROR(VLOOKUP(A4, RAW_Data!B:BZ, 61, FALSE), """"), IFS( REGEXMATCH(x, ""Morning""), ""Day"", REGEXMATCH(x, ""Evening""), ""Evening"", REGEXMATCH(x, ""Night""), ""Night"", x="""", """", TRUE, ""Variable"" ) )"),"Day") -> Day | F4: =VLOOKUP(A4, RAW_Data!B:Z, 8, FALSE) -> Ottawa | G4: =VLOOKUP(A4, RAW_Data!B:Z, 2, FALSE) -> T955715 | H4: =VLOOKUP(A4, RAW_Data!B:Z, 18, FALSE) -> M0064 | I4: =VLOOKUP(A4, RAW_Data!B:Z, 20, FALSE) -> 100955715 | J4: =VLOOKUP(A4, RAW_Data!B:Z, 24, FALSE) -> 1062011 | K4: =IFERROR(__xludf.DUMMYFUNCTION("IF(REGEXMATCH(VLOOKUP(A4, RAW_Data!B:BZ, 29, FALSE), ""Smart""), ""Yes"", ""No"")"),"Yes") -> Yes | L4: =IFERROR(__xludf.DUMMYFUNCTION("IF(REGEXMATCH(VLOOKUP(A4, RAW_Data!B:BZ, 29, FALSE), ""Trouble""), ""Yes"", ""No"")"),"Yes") -> Yes | M4: =IFERROR(__xludf.DUMMYFUNCTION("IF(REGEXMATCH(VLOOKUP(A4, RAW_Data!B:BZ, 29, FALSE), ""MRC""), ""Yes"", ""No"")"),"No") -> No | N4: =VLOOKUP(A4, RAW_Data!B:Z, 12, FALSE) -> Dhindsa, Sukhjinder | O4: Aidoud, Nabil
A5: =IFERROR(__xludf.DUMMYFUNCTION("""COMPUTED_VALUE"""),"Akherraz, Hajar") -> Akherraz, Hajar | B5: =VLOOKUP(A5, RAW_Data!B:Z, 4, FALSE) -> Active | C5: =VLOOKUP(A5, RAW_Data!B:Z, 10, FALSE) -> 4 | D5: =VLOOKUP(A5, RAW_Data!B:Z, 9, FALSE) -> French | E5: =IFERROR(__xludf.DUMMYFUNCTION("LET( x, IFERROR(VLOOKUP(A5, RAW_Data!B:BZ, 61, FALSE), """"), IFS( REGEXMATCH(x, ""Morning""), ""Day"", REGEXMATCH(x, ""Evening""), ""Evening"", REGEXMATCH(x, ""Night""), ""Night"", x="""", """", TRUE, ""Variable"" ) )"),"Night") -> Night | F5: =VLOOKUP(A5, RAW_Data!B:Z, 8, FALSE) -> Remote Area | G5: =VLOOKUP(A5, RAW_Data!B:Z, 2, FALSE) -> T996872 | H5: =VLOOKUP(A5, RAW_Data!B:Z, 18, FALSE) -> M0065 | I5: =VLOOKUP(A5, RAW_Data!B:Z, 20, FALSE) -> 100996872 | J5: =VLOOKUP(A5, RAW_Data!B:Z, 24, FALSE) -> 1110197 | K5: =IFERROR(__xludf.DUMMYFUNCTION("IF(REGEXMATCH(VLOOKUP(A5, RAW_Data!B:BZ, 29, FALSE), ""Smart""), ""Yes"", ""No"")"),"No") -> No | L5: =IFERROR(__xludf.DUMMYFUNCTION("IF(REGEXMATCH(VLOOKUP(A5, RAW_Data!B:BZ, 29, FALSE), ""Trouble""), ""Yes"", ""No"")"),"No") -> No | M5: =IFERROR(__xludf.DUMMYFUNCTION("IF(REGEXMATCH(VLOOKUP(A5, RAW_Data!B:BZ, 29, FALSE), ""MRC""), ""Yes"", ""No"")"),"No") -> No | N5: =VLOOKUP(A5, RAW_Data!B:Z, 12, FALSE) -> Herrati, Houcine | O5: Akherraz, Hajar
A6: =IFERROR(__xludf.DUMMYFUNCTION("""COMPUTED_VALUE"""),"Aquilario, Lester") -> Aquilario, Lester | B6: =VLOOKUP(A6, RAW_Data!B:Z, 4, FALSE) -> Active | C6: =VLOOKUP(A6, RAW_Data!B:Z, 10, FALSE) -> 3 | D6: =VLOOKUP(A6, RAW_Data!B:Z, 9, FALSE) -> English | E6: =IFERROR(__xludf.DUMMYFUNCTION("LET( x, IFERROR(VLOOKUP(A6, RAW_Data!B:BZ, 61, FALSE), """"), IFS( REGEXMATCH(x, ""Morning""), ""Day"", REGEXMATCH(x, ""Evening""), ""Evening"", REGEXMATCH(x, ""Night""), ""Night"", x="""", """", TRUE, ""Variable"" ) )"),"Day") -> Day | F6: =VLOOKUP(A6, RAW_Data!B:Z, 8, FALSE) -> Burnaby | G6: =VLOOKUP(A6, RAW_Data!B:Z, 2, FALSE) -> T988376 | H6: =VLOOKUP(A6, RAW_Data!B:Z, 18, FALSE) -> M0024 | I6: =VLOOKUP(A6, RAW_Data!B:Z, 20, FALSE) -> 100988376 | J6: =VLOOKUP(A6, RAW_Data!B:Z, 24, FALSE) -> 1030029 | K6: =IFERROR(__xludf.DUMMYFUNCTION("IF(REGEXMATCH(VLOOKUP(A6, RAW_Data!B:BZ, 29, FALSE), ""Smart""), ""Yes"", ""No"")"),"Yes") -> Yes | L6: =IFERROR(__xludf.DUMMYFUNCTION("IF(REGEXMATCH(VLOOKUP(A6, RAW_Data!B:BZ, 29, FALSE), ""Trouble""), ""Yes"", ""No"")"),"Yes") -> Yes | M6: =IFERROR(__xludf.DUMMYFUNCTION("IF(REGEXMATCH(VLOOKUP(A6, RAW_Data!B:BZ, 29, FALSE), ""MRC""), ""Yes"", ""No"")"),"No") -> No | N6: =VLOOKUP(A6, RAW_Data!B:Z, 12, FALSE) -> Dhindsa, Sukhjinder | O6: Aquilario, Lester
A7: =IFERROR(__xludf.DUMMYFUNCTION("""COMPUTED_VALUE"""),"Audet, Dominic") -> Audet, Dominic | B7: =VLOOKUP(A7, RAW_Data!B:Z, 4, FALSE) -> Active | C7: =VLOOKUP(A7, RAW_Data!B:Z, 10, FALSE) -> 4 | D7: =VLOOKUP(A7, RAW_Data!B:Z, 9, FALSE) -> French | E7: =IFERROR(__xludf.DUMMYFUNCTION("LET( x, IFERROR(VLOOKUP(A7, RAW_Data!B:BZ, 61, FALSE), """"), IFS( REGEXMATCH(x, ""Morning""), ""Day"", REGEXMATCH(x, ""Evening""), ""Evening"", REGEXMATCH(x, ""Night""), ""Night"", x="""", """", TRUE, ""Variable"" ) )"),"Evening") -> Evening | F7: =VLOOKUP(A7, RAW_Data!B:Z, 8, FALSE) -> Montreal | G7: =VLOOKUP(A7, RAW_Data!B:Z, 2, FALSE) -> T996384 | H7: =VLOOKUP(A7, RAW_Data!B:Z, 18, FALSE) -> M0068 | I7: =VLOOKUP(A7, RAW_Data!B:Z, 20, FALSE) -> 100996384 | J7: =VLOOKUP(A7, RAW_Data!B:Z, 24, FALSE) -> 1060018 | K7: =IFERROR(__xludf.DUMMYFUNCTION("IF(REGEXMATCH(VLOOKUP(A7, RAW_Data!B:BZ, 29, FALSE), ""Smart""), ""Yes"", ""No"")"),"No") -> No | L7: =IFERROR(__xludf.DUMMYFUNCTION("IF(REGEXMATCH(VLOOKUP(A7, RAW_Data!B:BZ, 29, FALSE), ""Trouble""), ""Yes"", ""No"")"),"Yes") -> Yes | M7: =IFERROR(__xludf.DUMMYFUNCTION("IF(REGEXMATCH(VLOOKUP(A7, RAW_Data!B:BZ, 29, FALSE), ""MRC""), ""Yes"", ""No"")"),"No") -> No | N7: =VLOOKUP(A7, RAW_Data!B:Z, 12, FALSE) -> Diegue, Kerry | O7: Audet, Dominic
A8: =IFERROR(__xludf.DUMMYFUNCTION("""COMPUTED_VALUE"""),"Auger, Adrien") -> Auger, Adrien | B8: =VLOOKUP(A8, RAW_Data!B:Z, 4, FALSE) -> Active | C8: =VLOOKUP(A8, RAW_Data!B:Z, 10, FALSE) -> 4 | D8: =VLOOKUP(A8, RAW_Data!B:Z, 9, FALSE) -> English | E8: =IFERROR(__xludf.DUMMYFUNCTION("LET( x, IFERROR(VLOOKUP(A8, RAW_Data!B:BZ, 61, FALSE), """"), IFS( REGEXMATCH(x, ""Morning""), ""Day"", REGEXMATCH(x, ""Evening""), ""Evening"", REGEXMATCH(x, ""Night""), ""Night"", x="""", """", TRUE, ""Variable"" ) )"),"Night") -> Night | F8: =VLOOKUP(A8, RAW_Data!B:Z, 8, FALSE) -> Victoria | G8: =VLOOKUP(A8, RAW_Data!B:Z, 2, FALSE) -> T973054 | H8: =VLOOKUP(A8, RAW_Data!B:Z, 18, FALSE) -> M0069 | I8: =VLOOKUP(A8, RAW_Data!B:Z, 20, FALSE) -> 100973054 | J8: =VLOOKUP(A8, RAW_Data!B:Z, 24, FALSE) -> 1030139 | K8: =IFERROR(__xludf.DUMMYFUNCTION("IF(REGEXMATCH(VLOOKUP(A8, RAW_Data!B:BZ, 29, FALSE), ""Smart""), ""Yes"", ""No"")"),"Yes") -> Yes | L8: =IFERROR(__xludf.DUMMYFUNCTION("IF(REGEXMATCH(VLOOKUP(A8, RAW_Data!B:BZ, 29, FALSE), ""Trouble""), ""Yes"", ""No"")"),"Yes") -> Yes | M8: =IFERROR(__xludf.DUMMYFUNCTION("IF(REGEXMATCH(VLOOKUP(A8, RAW_Data!B:BZ, 29, FALSE), ""MRC""), ""Yes"", ""No"")"),"No") -> No | N8: =VLOOKUP(A8, RAW_Data!B:Z, 12, FALSE) -> Rwano, Guy Fremin | O8: Auger, Adrien
A9: =IFERROR(__xludf.DUMMYFUNCTION("""COMPUTED_VALUE"""),"Baisi , Jean-Gabriel") -> Baisi , Jean-Gabriel | B9: =VLOOKUP(A9, RAW_Data!B:Z, 4, FALSE) -> Active | C9: =VLOOKUP(A9, RAW_Data!B:Z, 10, FALSE) -> 2 | D9: =VLOOKUP(A9, RAW_Data!B:Z, 9, FALSE) -> Bilingual-French | E9: =IFERROR(__xludf.DUMMYFUNCTION("LET( x, IFERROR(VLOOKUP(A9, RAW_Data!B:BZ, 61, FALSE), """"), IFS( REGEXMATCH(x, ""Morning""), ""Day"", REGEXMATCH(x, ""Evening""), ""Evening"", REGEXMATCH(x, ""Night""), ""Night"", x="""", """", TRUE, ""Variable"" ) )"),"Day") -> Day | F9: =VLOOKUP(A9, RAW_Data!B:Z, 8, FALSE) -> Ottawa | G9: =VLOOKUP(A9, RAW_Data!B:Z, 2, FALSE) -> T773726 | H9: =VLOOKUP(A9, RAW_Data!B:Z, 18, FALSE) -> M0516 | I9: =VLOOKUP(A9, RAW_Data!B:Z, 20, FALSE) -> 100773726 | J9: =VLOOKUP(A9, RAW_Data!B:Z, 24, FALSE) -> 1060067 | K9: =IFERROR(__xludf.DUMMYFUNCTION("IF(REGEXMATCH(VLOOKUP(A9, RAW_Data!B:BZ, 29, FALSE), ""Smart""), ""Yes"", ""No"")"),"No") -> No | L9: =IFERROR(__xludf.DUMMYFUNCTION("IF(REGEXMATCH(VLOOKUP(A9, RAW_Data!B:BZ, 29, FALSE), ""Trouble""), ""Yes"", ""No"")"),"No") -> No | M9: =IFERROR(__xludf.DUMMYFUNCTION("IF(REGEXMATCH(VLOOKUP(A9, RAW_Data!B:BZ, 29, FALSE), ""MRC""), ""Yes"", ""No"")"),"No") -> No | N9: =VLOOKUP(A9, RAW_Data!B:Z, 12, FALSE) -> Rwano, Guy Fremin | O9: Baisi, Jean-Gabriel
A10: =IFERROR(__xludf.DUMMYFUNCTION("""COMPUTED_VALUE"""),"Bercier, France") -> Bercier, France | B10: =VLOOKUP(A10, RAW_Data!B:Z, 4, FALSE) -> Active | C10: =VLOOKUP(A10, RAW_Data!B:Z, 10, FALSE) -> 4 | D10: =VLOOKUP(A10, RAW_Data!B:Z, 9, FALSE) -> Bilingual-French | E10: =IFERROR(__xludf.DUMMYFUNCTION("LET( x, IFERROR(VLOOKUP(A10, RAW_Data!B:BZ, 61, FALSE), """"), IFS( REGEXMATCH(x, ""Morning""), ""Day"", REGEXMATCH(x, ""Evening""), ""Evening"", REGEXMATCH(x, ""Night""), ""Night"", x="""", """", TRUE, ""Variable"" ) )"),"Day") -> Day | F10: =VLOOKUP(A10, RAW_Data!B:Z, 8, FALSE) -> Ottawa | G10: =VLOOKUP(A10, RAW_Data!B:Z, 2, FALSE) -> T956514 | H10: =VLOOKUP(A10, RAW_Data!B:Z, 18, FALSE) -> M0075 | I10: =VLOOKUP(A10, RAW_Data!B:Z, 20, FALSE) -> 100956514 | J10: =VLOOKUP(A10, RAW_Data!B:Z, 24, FALSE) -> 1062436 | K10: =IFERROR(__xludf.DUMMYFUNCTION("IF(REGEXMATCH(VLOOKUP(A10, RAW_Data!B:BZ, 29, FALSE), ""Smart""), ""Yes"", ""No"")"),"Yes") -> Yes | L10: =IFERROR(__xludf.DUMMYFUNCTION("IF(REGEXMATCH(VLOOKUP(A10, RAW_Data!B:BZ, 29, FALSE), ""Trouble""), ""Yes"", ""No"")"),"No") -> No | M10: =IFERROR(__xludf.DUMMYFUNCTION("IF(REGEXMATCH(VLOOKUP(A10, RAW_Data!B:BZ, 29, FALSE), ""MRC""), ""Yes"", ""No"")"),"No") -> No | N10: =VLOOKUP(A10, RAW_Data!B:Z, 12, FALSE) -> Rwano, Guy Fremin | O10: Bercier, France
A11: =IFERROR(__xludf.DUMMYFUNCTION("""COMPUTED_VALUE"""),"Bindhu Harikrishnan") -> Bindhu Harikrishnan | B11: =VLOOKUP(A11, RAW_Data!B:Z, 4, FALSE) -> Active | C11: =VLOOKUP(A11, RAW_Data!B:Z, 10, FALSE) -> Trainee | D11: =VLOOKUP(A11, RAW_Data!B:Z, 9, FALSE) -> English | E11: =IFERROR(__xludf.DUMMYFUNCTION("LET( x, IFERROR(VLOOKUP(A11, RAW_Data!B:BZ, 61, FALSE), """"), IFS( REGEXMATCH(x, ""Morning""), ""Day"", REGEXMATCH(x, ""Evening""), ""Evening"", REGEXMATCH(x, ""Night""), ""Night"", x="""", """", TRUE, ""Variable"" ) )"),"") | F11: =VLOOKUP(A11, RAW_Data!B:Z, 8, FALSE) -> Calgary | G11: =VLOOKUP(A11, RAW_Data!B:Z, 2, FALSE) -> T6001665 | H11: =VLOOKUP(A11, RAW_Data!B:Z, 18, FALSE) | I11: =VLOOKUP(A11, RAW_Data!B:Z, 20, FALSE) | J11: =VLOOKUP(A11, RAW_Data!B:Z, 24, FALSE) -> 1060069 | K11: =IFERROR(__xludf.DUMMYFUNCTION("IF(REGEXMATCH(VLOOKUP(A11, RAW_Data!B:BZ, 29, FALSE), ""Smart""), ""Yes"", ""No"")"),"No") -> No | L11: =IFERROR(__xludf.DUMMYFUNCTION("IF(REGEXMATCH(VLOOKUP(A11, RAW_Data!B:BZ, 29, FALSE), ""Trouble""), ""Yes"", ""No"")"),"No") -> No | M11: =IFERROR(__xludf.DUMMYFUNCTION("IF(REGEXMATCH(VLOOKUP(A11, RAW_Data!B:BZ, 29, FALSE), ""MRC""), ""Yes"", ""No"")"),"No") -> No | N11: =VLOOKUP(A11, RAW_Data!B:Z, 12, FALSE) -> Diegue, Kerry
A12: =IFERROR(__xludf.DUMMYFUNCTION("""COMPUTED_VALUE"""),"Brooks, Laura") -> Brooks, Laura | B12: =VLOOKUP(A12, RAW_Data!B:Z, 4, FALSE) -> Active | C12: =VLOOKUP(A12, RAW_Data!B:Z, 10, FALSE) -> 4 | D12: =VLOOKUP(A12, RAW_Data!B:Z, 9, FALSE) -> English | E12: =IFERROR(__xludf.DUMMYFUNCTION("LET( x, IFERROR(VLOOKUP(A12, RAW_Data!B:BZ, 61, FALSE), """"), IFS( REGEXMATCH(x, ""Morning""), ""Day"", REGEXMATCH(x, ""Evening""), ""Evening"", REGEXMATCH(x, ""Night""), ""Night"", x="""", """", TRUE, ""Variable"" ) )"),"Night") -> Night | F12: =VLOOKUP(A12, RAW_Data!B:Z, 8, FALSE) -> Calgary | G12: =VLOOKUP(A12, RAW_Data!B:Z, 2, FALSE) -> T956364 | H12: =VLOOKUP(A12, RAW_Data!B:Z, 18, FALSE) -> M0082 | I12: =VLOOKUP(A12, RAW_Data!B:Z, 20, FALSE) -> 100956364 | J12: =VLOOKUP(A12, RAW_Data!B:Z, 24, FALSE) -> 1210687 | K12: =IFERROR(__xludf.DUMMYFUNCTION("IF(REGEXMATCH(VLOOKUP(A12, RAW_Data!B:BZ, 29, FALSE), ""Smart""), ""Yes"", ""No"")"),"Yes") -> Yes | L12: =IFERROR(__xludf.DUMMYFUNCTION("IF(REGEXMATCH(VLOOKUP(A12, RAW_Data!B:BZ, 29, FALSE), ""Trouble""), ""Yes"", ""No"")"),"Yes") -> Yes | M12: =IFERROR(__xludf.DUMMYFUNCTION("IF(REGEXMATCH(VLOOKUP(A12, RAW_Data!B:BZ, 29, FALSE), ""MRC""), ""Yes"", ""No"")"),"No") -> No | N12: =VLOOKUP(A12, RAW_Data!B:Z, 12, FALSE) -> Coghiel, Caren | O12: Brooks, Laura
A13: =IFERROR(__xludf.DUMMYFUNCTION("""COMPUTED_VALUE"""),"Calanza, Stevenson") -> Calanza, Stevenson | B13: =VLOOKUP(A13, RAW_Data!B:Z, 4, FALSE) -> Active | C13: =VLOOKUP(A13, RAW_Data!B:Z, 10, FALSE) -> 2 | D13: =VLOOKUP(A13, RAW_Data!B:Z, 9, FALSE) -> English | E13: =IFERROR(__xludf.DUMMYFUNCTION("LET( x, IFERROR(VLOOKUP(A13, RAW_Data!B:BZ, 61, FALSE), """"), IFS( REGEXMATCH(x, ""Morning""), ""Day"", REGEXMATCH(x, ""Evening""), ""Evening"", REGEXMATCH(x, ""Night""), ""Night"", x="""", """", TRUE, ""Variable"" ) )"),"Day") -> Day | F13: =VLOOKUP(A13, RAW_Data!B:Z, 8, FALSE) -> Calgary | G13: =VLOOKUP(A13, RAW_Data!B:Z, 2, FALSE) -> T955759 | H13: =VLOOKUP(A13, RAW_Data!B:Z, 18, FALSE) -> M0086 | I13: =VLOOKUP(A13, RAW_Data!B:Z, 20, FALSE) -> 100955759 | J13: =VLOOKUP(A13, RAW_Data!B:Z, 24, FALSE) -> 1020213 | K13: =IFERROR(__xludf.DUMMYFUNCTION("IF(REGEXMATCH(VLOOKUP(A13, RAW_Data!B:BZ, 29, FALSE), ""Smart""), ""Yes"", ""No"")"),"No") -> No | L13: =IFERROR(__xludf.DUMMYFUNCTION("IF(REGEXMATCH(VLOOKUP(A13, RAW_Data!B:BZ, 29, FALSE), ""Trouble""), ""Yes"", ""No"")"),"Yes") -> Yes | M13: =IFERROR(__xludf.DUMMYFUNCTION("IF(REGEXMATCH(VLOOKUP(A13, RAW_Data!B:BZ, 29, FALSE), ""MRC""), ""Yes"", ""No"")"),"No") -> No | N13: =VLOOKUP(A13, RAW_Data!B:Z, 12, FALSE) -> Gillingham, Shelley | O13: Calanza, Stevenson
A14: =IFERROR(__xludf.DUMMYFUNCTION("""COMPUTED_VALUE"""),"Carl-Luigi Pierre") -> Carl-Luigi Pierre | B14: =VLOOKUP(A14, RAW_Data!B:Z, 4, FALSE) -> Active | C14: =VLOOKUP(A14, RAW_Data!B:Z, 10, FALSE) -> Trainee | D14: =VLOOKUP(A14, RAW_Data!B:Z, 9, FALSE) -> Bilingual-French | E14: =IFERROR(__xludf.DUMMYFUNCTION("LET( x, IFERROR(VLOOKUP(A14, RAW_Data!B:BZ, 61, FALSE), """"), IFS( REGEXMATCH(x, ""Morning""), ""Day"", REGEXMATCH(x, ""Evening""), ""Evening"", REGEXMATCH(x, ""Night""), ""Night"", x="""", """", TRUE, ""Variable"" ) )"),"") | F14: =VLOOKUP(A14, RAW_Data!B:Z, 8, FALSE) -> Ottawa | G14: =VLOOKUP(A14, RAW_Data!B:Z, 2, FALSE) -> T6001661 | H14: =VLOOKUP(A14, RAW_Data!B:Z, 18, FALSE) | I14: =VLOOKUP(A14, RAW_Data!B:Z, 20, FALSE) | J14: =VLOOKUP(A14, RAW_Data!B:Z, 24, FALSE) -> 1060068 | K14: =IFERROR(__xludf.DUMMYFUNCTION("IF(REGEXMATCH(VLOOKUP(A14, RAW_Data!B:BZ, 29, FALSE), ""Smart""), ""Yes"", ""No"")"),"No") -> No | L14: =IFERROR(__xludf.DUMMYFUNCTION("IF(REGEXMATCH(VLOOKUP(A14, RAW_Data!B:BZ, 29, FALSE), ""Trouble""), ""Yes"", ""No"")"),"No") -> No | M14: =IFERROR(__xludf.DUMMYFUNCTION("IF(REGEXMATCH(VLOOKUP(A14, RAW_Data!B:BZ, 29, FALSE), ""MRC""), ""Yes"", ""No"")"),"No") -> No | N14: =VLOOKUP(A14, RAW_Data!B:Z, 12, FALSE) -> Diegue, Kerry
A15: =IFERROR(__xludf.DUMMYFUNCTION("""COMPUTED_VALUE"""),"Carvajal-Yiptong, Diego Armando") -> Carvajal-Yiptong, Diego Armando | B15: =VLOOKUP(A15, RAW_Data!B:Z, 4, FALSE) -> Active | C15: =VLOOKUP(A15, RAW_Data!B:Z, 10, FALSE) -> 4 | D15: =VLOOKUP(A15, RAW_Data!B:Z, 9, FALSE) -> Bilingual-French | E15: =IFERROR(__xludf.DUMMYFUNCTION("LET( x, IFERROR(VLOOKUP(A15, RAW_Data!B:BZ, 61, FALSE), """"), IFS( REGEXMATCH(x, ""Morning""), ""Day"", REGEXMATCH(x, ""Evening""), ""Evening"", REGEXMATCH(x, ""Night""), ""Night"", x="""", """", TRUE, ""Variable"" ) )"),"Day") -> Day | F15: =VLOOKUP(A15, RAW_Data!B:Z, 8, FALSE) -> Montreal | G15: =VLOOKUP(A15, RAW_Data!B:Z, 2, FALSE) -> T955811 | H15: =VLOOKUP(A15, RAW_Data!B:Z, 18, FALSE) -> M0087 | I15: =VLOOKUP(A15, RAW_Data!B:Z, 20, FALSE) -> 100955811 | J15: =VLOOKUP(A15, RAW_Data!B:Z, 24, FALSE) -> 1067281 | K15: =IFERROR(__xludf.DUMMYFUNCTION("IF(REGEXMATCH(VLOOKUP(A15, RAW_Data!B:BZ, 29, FALSE), ""Smart""), ""Yes"", ""No"")"),"Yes") -> Yes | L15: =IFERROR(__xludf.DUMMYFUNCTION("IF(REGEXMATCH(VLOOKUP(A15, RAW_Data!B:BZ, 29, FALSE), ""Trouble""), ""Yes"", ""No"")"),"Yes") -> Yes | M15: =IFERROR(__xludf.DUMMYFUNCTION("IF(REGEXMATCH(VLOOKUP(A15, RAW_Data!B:BZ, 29, FALSE), ""MRC""), ""Yes"", ""No"")"),"No") -> No | N15: =VLOOKUP(A15, RAW_Data!B:Z, 12, FALSE) -> Dhindsa, Sukhjinder | O15: Carvajal Yiptong, Diego Armando
A16: =IFERROR(__xludf.DUMMYFUNCTION("""COMPUTED_VALUE"""),"Cerdas Calvo, Deyanira") -> Cerdas Calvo, Deyanira | B16: =VLOOKUP(A16, RAW_Data!B:Z, 4, FALSE) -> Active | C16: =VLOOKUP(A16, RAW_Data!B:Z, 10, FALSE) -> 2 | D16: =VLOOKUP(A16, RAW_Data!B:Z, 9, FALSE) -> English | E16: =IFERROR(__xludf.DUMMYFUNCTION("LET( x, IFERROR(VLOOKUP(A16, RAW_Data!B:BZ, 61, FALSE), """"), IFS( REGEXMATCH(x, ""Morning""), ""Day"", REGEXMATCH(x, ""Evening""), ""Evening"", REGEXMATCH(x, ""Night""), ""Night"", x="""", """", TRUE, ""Variable"" ) )"),"Evening") -> Evening | F16: =VLOOKUP(A16, RAW_Data!B:Z, 8, FALSE) -> Calgary | G16: =VLOOKUP(A16, RAW_Data!B:Z, 2, FALSE) -> T956355 | H16: =VLOOKUP(A16, RAW_Data!B:Z, 18, FALSE) -> M0088 | I16: =VLOOKUP(A16, RAW_Data!B:Z, 20, FALSE) -> 100956355 | J16: =VLOOKUP(A16, RAW_Data!B:Z, 24, FALSE) -> 1020004 | K16: =IFERROR(__xludf.DUMMYFUNCTION("IF(REGEXMATCH(VLOOKUP(A16, RAW_Data!B:BZ, 29, FALSE), ""Smart""), ""Yes"", ""No"")"),"Yes") -> Yes | L16: =IFERROR(__xludf.DUMMYFUNCTION("IF(REGEXMATCH(VLOOKUP(A16, RAW_Data!B:BZ, 29, FALSE), ""Trouble""), ""Yes"", ""No"")"),"No") -> No | M16: =IFERROR(__xludf.DUMMYFUNCTION("IF(REGEXMATCH(VLOOKUP(A16, RAW_Data!B:BZ, 29, FALSE), ""MRC""), ""Yes"", ""No"")"),"No") -> No | N16: =VLOOKUP(A16, RAW_Data!B:Z, 12, FALSE) -> Gillingham, Shelley | O16: Cerdas Calvo, Deyanira
A17: =IFERROR(__xludf.DUMMYFUNCTION("""COMPUTED_VALUE"""),"Chan, Chinda") -> Chan, Chinda | B17: =VLOOKUP(A17, RAW_Data!B:Z, 4, FALSE) -> Active | C17: =VLOOKUP(A17, RAW_Data!B:Z, 10, FALSE) -> 2 | D17: =VLOOKUP(A17, RAW_Data!B:Z, 9, FALSE) -> Bilingual-French | E17: =IFERROR(__xludf.DUMMYFUNCTION("LET( x, IFERROR(VLOOKUP(A17, RAW_Data!B:BZ, 61, FALSE), """"), IFS( REGEXMATCH(x, ""Morning""), ""Day"", REGEXMATCH(x, ""Evening""), ""Evening"", REGEXMATCH(x, ""Night""), ""Night"", x="""", """", TRUE, ""Variable"" ) )"),"Night") -> Night | F17: =VLOOKUP(A17, RAW_Data!B:Z, 8, FALSE) -> Montreal | G17: =VLOOKUP(A17, RAW_Data!B:Z, 2, FALSE) -> T766860 | H17: =VLOOKUP(A17, RAW_Data!B:Z, 18, FALSE) -> M0397 | I17: =VLOOKUP(A17, RAW_Data!B:Z, 20, FALSE) -> 100766860 | J17: =VLOOKUP(A17, RAW_Data!B:Z, 24, FALSE) -> 1060052 | K17: =IFERROR(__xludf.DUMMYFUNCTION("IF(REGEXMATCH(VLOOKUP(A17, RAW_Data!B:BZ, 29, FALSE), ""Smart""), ""Yes"", ""No"")"),"No") -> No | L17: =IFERROR(__xludf.DUMMYFUNCTION("IF(REGEXMATCH(VLOOKUP(A17, RAW_Data!B:BZ, 29, FALSE), ""Trouble""), ""Yes"", ""No"")"),"No") -> No | M17: =IFERROR(__xludf.DUMMYFUNCTION("IF(REGEXMATCH(VLOOKUP(A17, RAW_Data!B:BZ, 29, FALSE), ""MRC""), ""Yes"", ""No"")"),"No") -> No | N17: =VLOOKUP(A17, RAW_Data!B:Z, 12, FALSE) -> Rwano, Guy Fremin | O17: Chan, Chinda
A18: =IFERROR(__xludf.DUMMYFUNCTION("""COMPUTED_VALUE"""),"Chénard, William") -> Chénard, William | B18: =VLOOKUP(A18, RAW_Data!B:Z, 4, FALSE) -> Active | C18: =VLOOKUP(A18, RAW_Data!B:Z, 10, FALSE) -> 2 | D18: =VLOOKUP(A18, RAW_Data!B:Z, 9, FALSE) -> Bilingual-French | E18: =IFERROR(__xludf.DUMMYFUNCTION("LET( x, IFERROR(VLOOKUP(A18, RAW_Data!B:BZ, 61, FALSE), """"), IFS( REGEXMATCH(x, ""Morning""), ""Day"", REGEXMATCH(x, ""Evening""), ""Evening"", REGEXMATCH(x, ""Night""), ""Night"", x="""", """", TRUE, ""Variable"" ) )"),"Day") -> Day | F18: =VLOOKUP(A18, RAW_Data!B:Z, 8, FALSE) -> Montreal | G18: =VLOOKUP(A18, RAW_Data!B:Z, 2, FALSE) -> T995563 | H18: =VLOOKUP(A18, RAW_Data!B:Z, 18, FALSE) -> M0090 | I18: =VLOOKUP(A18, RAW_Data!B:Z, 20, FALSE) -> 100995563 | J18: =VLOOKUP(A18, RAW_Data!B:Z, 24, FALSE) -> 1060011 | K18: =IFERROR(__xludf.DUMMYFUNCTION("IF(REGEXMATCH(VLOOKUP(A18, RAW_Data!B:BZ, 29, FALSE), ""Smart""), ""Yes"", ""No"")"),"No") -> No | L18: =IFERROR(__xludf.DUMMYFUNCTION("IF(REGEXMATCH(VLOOKUP(A18, RAW_Data!B:BZ, 29, FALSE), ""Trouble""), ""Yes"", ""No"")"),"No") -> No | M18: =IFERROR(__xludf.DUMMYFUNCTION("IF(REGEXMATCH(VLOOKUP(A18, RAW_Data!B:BZ, 29, FALSE), ""MRC""), ""Yes"", ""No"")"),"No") -> No | N18: =VLOOKUP(A18, RAW_Data!B:Z, 12, FALSE) -> Lo, Mamadou | O18: Chenard, William
A19: =IFERROR(__xludf.DUMMYFUNCTION("""COMPUTED_VALUE"""),"Chibane, Hakim") -> Chibane, Hakim | B19: =VLOOKUP(A19, RAW_Data!B:Z, 4, FALSE) -> Active | C19: =VLOOKUP(A19, RAW_Data!B:Z, 10, FALSE) -> 4 | D19: =VLOOKUP(A19, RAW_Data!B:Z, 9, FALSE) -> French | E19: =IFERROR(__xludf.DUMMYFUNCTION("LET( x, IFERROR(VLOOKUP(A19, RAW_Data!B:BZ, 61, FALSE), """"), IFS( REGEXMATCH(x, ""Morning""), ""Day"", REGEXMATCH(x, ""Evening""), ""Evening"", REGEXMATCH(x, ""Night""), ""Night"", x="""", """", TRUE, ""Variable"" ) )"),"Evening") -> Evening | F19: =VLOOKUP(A19, RAW_Data!B:Z, 8, FALSE) -> Remote Area | G19: =VLOOKUP(A19, RAW_Data!B:Z, 2, FALSE) -> T992448 | H19: =VLOOKUP(A19, RAW_Data!B:Z, 18, FALSE) -> M0091 | I19: =VLOOKUP(A19, RAW_Data!B:Z, 20, FALSE) -> 100992448 | J19: =VLOOKUP(A19, RAW_Data!B:Z, 24, FALSE) -> 1066154 | K19: =IFERROR(__xludf.DUMMYFUNCTION("IF(REGEXMATCH(VLOOKUP(A19, RAW_Data!B:BZ, 29, FALSE), ""Smart""), ""Yes"", ""No"")"),"No") -> No | L19: =IFERROR(__xludf.DUMMYFUNCTION("IF(REGEXMATCH(VLOOKUP(A19, RAW_Data!B:BZ, 29, FALSE), ""Trouble""), ""Yes"", ""No"")"),"Yes") -> Yes | M19: =IFERROR(__xludf.DUMMYFUNCTION("IF(REGEXMATCH(VLOOKUP(A19, RAW_Data!B:BZ, 29, FALSE), ""MRC""), ""Yes"", ""No"")"),"No") -> No | N19: =VLOOKUP(A19, RAW_Data!B:Z, 12, FALSE) -> Kollias, Peter | O19: Chibane, Hakim
A20: =IFERROR(__xludf.DUMMYFUNCTION("""COMPUTED_VALUE"""),"Christian Langcuyan") -> Christian Langcuyan | B20: =VLOOKUP(A20, RAW_Data!B:Z, 4, FALSE) -> Active | C20: =VLOOKUP(A20, RAW_Data!B:Z, 10, FALSE) -> Trainee | D20: =VLOOKUP(A20, RAW_Data!B:Z, 9, FALSE) -> English | E20: =IFERROR(__xludf.DUMMYFUNCTION("LET( x, IFERROR(VLOOKUP(A20, RAW_Data!B:BZ, 61, FALSE), """"), IFS( REGEXMATCH(x, ""Morning""), ""Day"", REGEXMATCH(x, ""Evening""), ""Evening"", REGEXMATCH(x, ""Night""), ""Night"", x="""", """", TRUE, ""Variable"" ) )"),"") | F20: =VLOOKUP(A20, RAW_Data!B:Z, 8, FALSE) -> Calgary | G20: =VLOOKUP(A20, RAW_Data!B:Z, 2, FALSE) -> T6001712 | H20: =VLOOKUP(A20, RAW_Data!B:Z, 18, FALSE) | I20: =VLOOKUP(A20, RAW_Data!B:Z, 20, FALSE) | J20: =VLOOKUP(A20, RAW_Data!B:Z, 24, FALSE) -> 1060074 | K20: =IFERROR(__xludf.DUMMYFUNCTION("IF(REGEXMATCH(VLOOKUP(A20, RAW_Data!B:BZ, 29, FALSE), ""Smart""), ""Yes"", ""No"")"),"No") -> No | L20: =IFERROR(__xludf.DUMMYFUNCTION("IF(REGEXMATCH(VLOOKUP(A20, RAW_Data!B:BZ, 29, FALSE), ""Trouble""), ""Yes"", ""No"")"),"No") -> No | M20: =IFERROR(__xludf.DUMMYFUNCTION("IF(REGEXMATCH(VLOOKUP(A20, RAW_Data!B:BZ, 29, FALSE), ""MRC""), ""Yes"", ""No"")"),"No") -> No | N20: =VLOOKUP(A20, RAW_Data!B:Z, 12, FALSE) -> Diegue, Kerry
A21: =IFERROR(__xludf.DUMMYFUNCTION("""COMPUTED_VALUE"""),"Cobrana, Mechille") -> Cobrana, Mechille | B21: =VLOOKUP(A21, RAW_Data!B:Z, 4, FALSE) -> Active | C21: =VLOOKUP(A21, RAW_Data!B:Z, 10, FALSE) -> 1 | D21: =VLOOKUP(A21, RAW_Data!B:Z, 9, FALSE) -> English | E21: =IFERROR(__xludf.DUMMYFUNCTION("LET( x, IFERROR(VLOOKUP(A21, RAW_Data!B:BZ, 61, FALSE), """"), IFS( REGEXMATCH(x, ""Morning""), ""Day"", REGEXMATCH(x, ""Evening""), ""Evening"", REGEXMATCH(x, ""Night""), ""Night"", x="""", """", TRUE, ""Variable"" ) )"),"") | F21: =VLOOKUP(A21, RAW_Data!B:Z, 8, FALSE) -> Calgary | G21: =VLOOKUP(A21, RAW_Data!B:Z, 2, FALSE) -> T6001471 | H21: =VLOOKUP(A21, RAW_Data!B:Z, 18, FALSE) -> M0535 | I21: =VLOOKUP(A21, RAW_Data!B:Z, 20, FALSE) -> 106001471 | J21: =VLOOKUP(A21, RAW_Data!B:Z, 24, FALSE) -> 1060013 | K21: =IFERROR(__xludf.DUMMYFUNCTION("IF(REGEXMATCH(VLOOKUP(A21, RAW_Data!B:BZ, 29, FALSE), ""Smart""), ""Yes"", ""No"")"),"No") -> No | L21: =IFERROR(__xludf.DUMMYFUNCTION("IF(REGEXMATCH(VLOOKUP(A21, RAW_Data!B:BZ, 29, FALSE), ""Trouble""), ""Yes"", ""No"")"),"No") -> No | M21: =IFERROR(__xludf.DUMMYFUNCTION("IF(REGEXMATCH(VLOOKUP(A21, RAW_Data!B:BZ, 29, FALSE), ""MRC""), ""Yes"", ""No"")"),"No") -> No | N21: =VLOOKUP(A21, RAW_Data!B:Z, 12, FALSE) -> Gillingham, Shelley | O21: Cobrana, Michelle
A22: =IFERROR(__xludf.DUMMYFUNCTION("""COMPUTED_VALUE"""),"Constant, Francesca") -> Constant, Francesca | B22: =VLOOKUP(A22, RAW_Data!B:Z, 4, FALSE) -> Active | C22: =VLOOKUP(A22, RAW_Data!B:Z, 10, FALSE) -> 2 | D22: =VLOOKUP(A22, RAW_Data!B:Z, 9, FALSE) -> French | E22: =IFERROR(__xludf.DUMMYFUNCTION("LET( x, IFERROR(VLOOKUP(A22, RAW_Data!B:BZ, 61, FALSE), """"), IFS( REGEXMATCH(x, ""Morning""), ""Day"", REGEXMATCH(x, ""Evening""), ""Evening"", REGEXMATCH(x, ""Night""), ""Night"", x="""", """", TRUE, ""Variable"" ) )"),"Day") -> Day | F22: =VLOOKUP(A22, RAW_Data!B:Z, 8, FALSE) -> Montreal | G22: =VLOOKUP(A22, RAW_Data!B:Z, 2, FALSE) -> T992326 | H22: =VLOOKUP(A22, RAW_Data!B:Z, 18, FALSE) -> M0093 | I22: =VLOOKUP(A22, RAW_Data!B:Z, 20, FALSE) -> 100992326 | J22: =VLOOKUP(A22, RAW_Data!B:Z, 24, FALSE) -> 1066150 | K22: =IFERROR(__xludf.DUMMYFUNCTION("IF(REGEXMATCH(VLOOKUP(A22, RAW_Data!B:BZ, 29, FALSE), ""Smart""), ""Yes"", ""No"")"),"No") -> No | L22: =IFERROR(__xludf.DUMMYFUNCTION("IF(REGEXMATCH(VLOOKUP(A22, RAW_Data!B:BZ, 29, FALSE), ""Trouble""), ""Yes"", ""No"")"),"Yes") -> Yes | M22: =IFERROR(__xludf.DUMMYFUNCTION("IF(REGEXMATCH(VLOOKUP(A22, RAW_Data!B:BZ, 29, FALSE), ""MRC""), ""Yes"", ""No"")"),"No") -> No | N22: =VLOOKUP(A22, RAW_Data!B:Z, 12, FALSE) -> Lo, Mamadou | O22: Constant, Francesca
A23: =IFERROR(__xludf.DUMMYFUNCTION("""COMPUTED_VALUE"""),"Dansou, Senami") -> Dansou, Senami | B23: =VLOOKUP(A23, RAW_Data!B:Z, 4, FALSE) -> Active | C23: =VLOOKUP(A23, RAW_Data!B:Z, 10, FALSE) -> 4 | D23: =VLOOKUP(A23, RAW_Data!B:Z, 9, FALSE) -> Bilingual-French | E23: =IFERROR(__xludf.DUMMYFUNCTION("LET( x, IFERROR(VLOOKUP(A23, RAW_Data!B:BZ, 61, FALSE), """"), IFS( REGEXMATCH(x, ""Morning""), ""Day"", REGEXMATCH(x, ""Evening""), ""Evening"", REGEXMATCH(x, ""Night""), ""Night"", x="""", """", TRUE, ""Variable"" ) )"),"Evening") -> Evening | F23: =VLOOKUP(A23, RAW_Data!B:Z, 8, FALSE) -> Ottawa | G23: =VLOOKUP(A23, RAW_Data!B:Z, 2, FALSE) -> T955704 | H23: =VLOOKUP(A23, RAW_Data!B:Z, 18, FALSE) -> M0096 | I23: =VLOOKUP(A23, RAW_Data!B:Z, 20, FALSE) -> 100955704 | J23: =VLOOKUP(A23, RAW_Data!B:Z, 24, FALSE) -> 1062301 | K23: =IFERROR(__xludf.DUMMYFUNCTION("IF(REGEXMATCH(VLOOKUP(A23, RAW_Data!B:BZ, 29, FALSE), ""Smart""), ""Yes"", ""No"")"),"No") -> No | L23: =IFERROR(__xludf.DUMMYFUNCTION("IF(REGEXMATCH(VLOOKUP(A23, RAW_Data!B:BZ, 29, FALSE), ""Trouble""), ""Yes"", ""No"")"),"Yes") -> Yes | M23: =IFERROR(__xludf.DUMMYFUNCTION("IF(REGEXMATCH(VLOOKUP(A23, RAW_Data!B:BZ, 29, FALSE), ""MRC""), ""Yes"", ""No"")"),"No") -> No | N23: =VLOOKUP(A23, RAW_Data!B:Z, 12, FALSE) -> Rwano, Guy Fremin | O23: Dansou, Senami Patrick
A24: =IFERROR(__xludf.DUMMYFUNCTION("""COMPUTED_VALUE"""),"Deschineau, Shelsey Ann") -> Deschineau, Shelsey Ann | B24: =VLOOKUP(A24, RAW_Data!B:Z, 4, FALSE) -> Active | C24: =VLOOKUP(A24, RAW_Data!B:Z, 10, FALSE) -> 4 | D24: =VLOOKUP(A24, RAW_Data!B:Z, 9, FALSE) -> Bilingual-French | E24: =IFERROR(__xludf.DUMMYFUNCTION("LET( x, IFERROR(VLOOKUP(A24, RAW_Data!B:BZ, 61, FALSE), """"), IFS( REGEXMATCH(x, ""Morning""), ""Day"", REGEXMATCH(x, ""Evening""), ""Evening"", REGEXMATCH(x, ""Night""), ""Night"", x="""", """", TRUE, ""Variable"" ) )"),"Day") -> Day | F24: =VLOOKUP(A24, RAW_Data!B:Z, 8, FALSE) -> Montreal | G24: =VLOOKUP(A24, RAW_Data!B:Z, 2, FALSE) -> T966528 | H24: =VLOOKUP(A24, RAW_Data!B:Z, 18, FALSE) -> M0099 | I24: =VLOOKUP(A24, RAW_Data!B:Z, 20, FALSE) -> 100966528 | J24: =VLOOKUP(A24, RAW_Data!B:Z, 24, FALSE) -> 1066475 | K24: =IFERROR(__xludf.DUMMYFUNCTION("IF(REGEXMATCH(VLOOKUP(A24, RAW_Data!B:BZ, 29, FALSE), ""Smart""), ""Yes"", ""No"")"),"No") -> No | L24: =IFERROR(__xludf.DUMMYFUNCTION("IF(REGEXMATCH(VLOOKUP(A24, RAW_Data!B:BZ, 29, FALSE), ""Trouble""), ""Yes"", ""No"")"),"Yes") -> Yes | M24: =IFERROR(__xludf.DUMMYFUNCTION("IF(REGEXMATCH(VLOOKUP(A24, RAW_Data!B:BZ, 29, FALSE), ""MRC""), ""Yes"", ""No"")"),"No") -> No | N24: =VLOOKUP(A24, RAW_Data!B:Z, 12, FALSE) -> Diegue, Kerry | O24: Deschineau, Shelsey Ann
A25: =IFERROR(__xludf.DUMMYFUNCTION("""COMPUTED_VALUE"""),"Desjardins, Lucie") -> Desjardins, Lucie | B25: =VLOOKUP(A25, RAW_Data!B:Z, 4, FALSE) -> Active | C25: =VLOOKUP(A25, RAW_Data!B:Z, 10, FALSE) -> 4 | D25: =VLOOKUP(A25, RAW_Data!B:Z, 9, FALSE) -> Bilingual-French | E25: =IFERROR(__xludf.DUMMYFUNCTION("LET( x, IFERROR(VLOOKUP(A25, RAW_Data!B:BZ, 61, FALSE), """"), IFS( REGEXMATCH(x, ""Morning""), ""Day"", REGEXMATCH(x, ""Evening""), ""Evening"", REGEXMATCH(x, ""Night""), ""Night"", x="""", """", TRUE, ""Variable"" ) )"),"Day") -> Day | F25: =VLOOKUP(A25, RAW_Data!B:Z, 8, FALSE) -> Montreal | G25: =VLOOKUP(A25, RAW_Data!B:Z, 2, FALSE) -> T956365 | H25: =VLOOKUP(A25, RAW_Data!B:Z, 18, FALSE) -> M0100 | I25: =VLOOKUP(A25, RAW_Data!B:Z, 20, FALSE) -> 100956365 | J25: =VLOOKUP(A25, RAW_Data!B:Z, 24, FALSE) -> 1066097 | K25: =IFERROR(__xludf.DUMMYFUNCTION("IF(REGEXMATCH(VLOOKUP(A25, RAW_Data!B:BZ, 29, FALSE), ""Smart""), ""Yes"", ""No"")"),"No") -> No | L25: =IFERROR(__xludf.DUMMYFUNCTION("IF(REGEXMATCH(VLOOKUP(A25, RAW_Data!B:BZ, 29, FALSE), ""Trouble""), ""Yes"", ""No"")"),"No") -> No | M25: =IFERROR(__xludf.DUMMYFUNCTION("IF(REGEXMATCH(VLOOKUP(A25, RAW_Data!B:BZ, 29, FALSE), ""MRC""), ""Yes"", ""No"")"),"No") -> No | N25: =VLOOKUP(A25, RAW_Data!B:Z, 12, FALSE) -> Kollias, Peter | O25: Desjardins, Lucie
A26: =IFERROR(__xludf.DUMMYFUNCTION("""COMPUTED_VALUE"""),"Di Tullio, Donato") -> Di Tullio, Donato | B26: =VLOOKUP(A26, RAW_Data!B:Z, 4, FALSE) -> Active | C26: =VLOOKUP(A26, RAW_Data!B:Z, 10, FALSE) -> 2 | D26: =VLOOKUP(A26, RAW_Data!B:Z, 9, FALSE) -> Bilingual-French | E26: =IFERROR(__xludf.DUMMYFUNCTION("LET( x, IFERROR(VLOOKUP(A26, RAW_Data!B:BZ, 61, FALSE), """"), IFS( REGEXMATCH(x, ""Morning""), ""Day"", REGEXMATCH(x, ""Evening""), ""Evening"", REGEXMATCH(x, ""Night""), ""Night"", x="""", """", TRUE, ""Variable"" ) )"),"Evening") -> Evening | F26: =VLOOKUP(A26, RAW_Data!B:Z, 8, FALSE) -> Montreal | G26: =VLOOKUP(A26, RAW_Data!B:Z, 2, FALSE) -> T773558 | H26: =VLOOKUP(A26, RAW_Data!B:Z, 18, FALSE) -> M0510 | I26: =VLOOKUP(A26, RAW_Data!B:Z, 20, FALSE) -> 100773558 | J26: =VLOOKUP(A26, RAW_Data!B:Z, 24, FALSE) -> 1060060 | K26: =IFERROR(__xludf.DUMMYFUNCTION("IF(REGEXMATCH(VLOOKUP(A26, RAW_Data!B:BZ, 29, FALSE), ""Smart""), ""Yes"", ""No"")"),"No") -> No | L26: =IFERROR(__xludf.DUMMYFUNCTION("IF(REGEXMATCH(VLOOKUP(A26, RAW_Data!B:BZ, 29, FALSE), ""Trouble""), ""Yes"", ""No"")"),"No") -> No | M26: =IFERROR(__xludf.DUMMYFUNCTION("IF(REGEXMATCH(VLOOKUP(A26, RAW_Data!B:BZ, 29, FALSE), ""MRC""), ""Yes"", ""No"")"),"No") -> No | N26: =VLOOKUP(A26, RAW_Data!B:Z, 12, FALSE) -> Herrati, Houcine | O26: Di Tullio, Donato
A27: =IFERROR(__xludf.DUMMYFUNCTION("""COMPUTED_VALUE"""),"Drame, Abdoulaye") -> Drame, Abdoulaye | B27: =VLOOKUP(A27, RAW_Data!B:Z, 4, FALSE) -> Active | C27: =VLOOKUP(A27, RAW_Data!B:Z, 10, FALSE) -> 2 | D27: =VLOOKUP(A27, RAW_Data!B:Z, 9, FALSE) -> Bilingual-French | E27: =IFERROR(__xludf.DUMMYFUNCTION("LET( x, IFERROR(VLOOKUP(A27, RAW_Data!B:BZ, 61, FALSE), """"), IFS( REGEXMATCH(x, ""Morning""), ""Day"", REGEXMATCH(x, ""Evening""), ""Evening"", REGEXMATCH(x, ""Night""), ""Night"", x="""", """", TRUE, ""Variable"" ) )"),"Evening") -> Evening | F27: =VLOOKUP(A27, RAW_Data!B:Z, 8, FALSE) -> Ottawa | G27: =VLOOKUP(A27, RAW_Data!B:Z, 2, FALSE) -> T773665 | H27: =VLOOKUP(A27, RAW_Data!B:Z, 18, FALSE) -> M0514 | I27: =VLOOKUP(A27, RAW_Data!B:Z, 20, FALSE) -> 100773665 | J27: =VLOOKUP(A27, RAW_Data!B:Z, 24, FALSE) -> 1060063 | K27: =IFERROR(__xludf.DUMMYFUNCTION("IF(REGEXMATCH(VLOOKUP(A27, RAW_Data!B:BZ, 29, FALSE), ""Smart""), ""Yes"", ""No"")"),"No") -> No | L27: =IFERROR(__xludf.DUMMYFUNCTION("IF(REGEXMATCH(VLOOKUP(A27, RAW_Data!B:BZ, 29, FALSE), ""Trouble""), ""Yes"", ""No"")"),"No") -> No | M27: =IFERROR(__xludf.DUMMYFUNCTION("IF(REGEXMATCH(VLOOKUP(A27, RAW_Data!B:BZ, 29, FALSE), ""MRC""), ""Yes"", ""No"")"),"No") -> No | N27: =VLOOKUP(A27, RAW_Data!B:Z, 12, FALSE) -> Dhindsa, Sukhjinder | O27: Drame, Abdoulaye
A28: =IFERROR(__xludf.DUMMYFUNCTION("""COMPUTED_VALUE"""),"Dupuis, Joanie") -> Dupuis, Joanie | B28: =VLOOKUP(A28, RAW_Data!B:Z, 4, FALSE) -> Active | C28: =VLOOKUP(A28, RAW_Data!B:Z, 10, FALSE) -> 4 | D28: =VLOOKUP(A28, RAW_Data!B:Z, 9, FALSE) -> Bilingual-French | E28: =IFERROR(__xludf.DUMMYFUNCTION("LET( x, IFERROR(VLOOKUP(A28, RAW_Data!B:BZ, 61, FALSE), """"), IFS( REGEXMATCH(x, ""Morning""), ""Day"", REGEXMATCH(x, ""Evening""), ""Evening"", REGEXMATCH(x, ""Night""), ""Night"", x="""", """", TRUE, ""Variable"" ) )"),"Day") -> Day | F28: =VLOOKUP(A28, RAW_Data!B:Z, 8, FALSE) -> Montreal | G28: =VLOOKUP(A28, RAW_Data!B:Z, 2, FALSE) -> T956521 | H28: =VLOOKUP(A28, RAW_Data!B:Z, 18, FALSE) -> M0107 | I28: =VLOOKUP(A28, RAW_Data!B:Z, 20, FALSE) -> 100956521 | J28: =VLOOKUP(A28, RAW_Data!B:Z, 24, FALSE) -> 1067025 | K28: =IFERROR(__xludf.DUMMYFUNCTION("IF(REGEXMATCH(VLOOKUP(A28, RAW_Data!B:BZ, 29, FALSE), ""Smart""), ""Yes"", ""No"")"),"Yes") -> Yes | L28: =IFERROR(__xludf.DUMMYFUNCTION("IF(REGEXMATCH(VLOOKUP(A28, RAW_Data!B:BZ, 29, FALSE), ""Trouble""), ""Yes"", ""No"")"),"Yes") -> Yes | M28: =IFERROR(__xludf.DUMMYFUNCTION("IF(REGEXMATCH(VLOOKUP(A28, RAW_Data!B:BZ, 29, FALSE), ""MRC""), ""Yes"", ""No"")"),"No") -> No | N28: =VLOOKUP(A28, RAW_Data!B:Z, 12, FALSE) -> Diegue, Kerry | O28: Dupuis, Joanie
A29: =IFERROR(__xludf.DUMMYFUNCTION("""COMPUTED_VALUE"""),"El Hafsi, Hamza") -> El Hafsi, Hamza | B29: =VLOOKUP(A29, RAW_Data!B:Z, 4, FALSE) -> Active | C29: =VLOOKUP(A29, RAW_Data!B:Z, 10, FALSE) -> 2 | D29: =VLOOKUP(A29, RAW_Data!B:Z, 9, FALSE) -> French | E29: =IFERROR(__xludf.DUMMYFUNCTION("LET( x, IFERROR(VLOOKUP(A29, RAW_Data!B:BZ, 61, FALSE), """"), IFS( REGEXMATCH(x, ""Morning""), ""Day"", REGEXMATCH(x, ""Evening""), ""Evening"", REGEXMATCH(x, ""Night""), ""Night"", x="""", """", TRUE, ""Variable"" ) )"),"Night") -> Night | F29: =VLOOKUP(A29, RAW_Data!B:Z, 8, FALSE) -> Remote Area | G29: =VLOOKUP(A29, RAW_Data!B:Z, 2, FALSE) -> T996928 | H29: =VLOOKUP(A29, RAW_Data!B:Z, 18, FALSE) -> M0109 | I29: =VLOOKUP(A29, RAW_Data!B:Z, 20, FALSE) -> 100996928 | J29: =VLOOKUP(A29, RAW_Data!B:Z, 24, FALSE) -> 1060028 | K29: =IFERROR(__xludf.DUMMYFUNCTION("IF(REGEXMATCH(VLOOKUP(A29, RAW_Data!B:BZ, 29, FALSE), ""Smart""), ""Yes"", ""No"")"),"No") -> No | L29: =IFERROR(__xludf.DUMMYFUNCTION("IF(REGEXMATCH(VLOOKUP(A29, RAW_Data!B:BZ, 29, FALSE), ""Trouble""), ""Yes"", ""No"")"),"No") -> No | M29: =IFERROR(__xludf.DUMMYFUNCTION("IF(REGEXMATCH(VLOOKUP(A29, RAW_Data!B:BZ, 29, FALSE), ""MRC""), ""Yes"", ""No"")"),"No") -> No | N29: =VLOOKUP(A29, RAW_Data!B:Z, 12, FALSE) -> Diegue, Kerry | O29: El Hafsi, Hamza
A30: =IFERROR(__xludf.DUMMYFUNCTION("""COMPUTED_VALUE"""),"Fakhfakh, Souleymen") -> Fakhfakh, Souleymen | B30: =VLOOKUP(A30, RAW_Data!B:Z, 4, FALSE) -> Active | C30: =VLOOKUP(A30, RAW_Data!B:Z, 10, FALSE) -> 4 | D30: =VLOOKUP(A30, RAW_Data!B:Z, 9, FALSE) -> French | E30: =IFERROR(__xludf.DUMMYFUNCTION("LET( x, IFERROR(VLOOKUP(A30, RAW_Data!B:BZ, 61, FALSE), """"), IFS( REGEXMATCH(x, ""Morning""), ""Day"", REGEXMATCH(x, ""Evening""), ""Evening"", REGEXMATCH(x, ""Night""), ""Night"", x="""", """", TRUE, ""Variable"" ) )"),"Evening") -> Evening | F30: =VLOOKUP(A30, RAW_Data!B:Z, 8, FALSE) -> Remote Area | G30: =VLOOKUP(A30, RAW_Data!B:Z, 2, FALSE) -> T995918 | H30: =VLOOKUP(A30, RAW_Data!B:Z, 18, FALSE) -> M0111 | I30: =VLOOKUP(A30, RAW_Data!B:Z, 20, FALSE) -> 100995918 | J30: =VLOOKUP(A30, RAW_Data!B:Z, 24, FALSE) -> 1110128 | K30: =IFERROR(__xludf.DUMMYFUNCTION("IF(REGEXMATCH(VLOOKUP(A30, RAW_Data!B:BZ, 29, FALSE), ""Smart""), ""Yes"", ""No"")"),"No") -> No | L30: =IFERROR(__xludf.DUMMYFUNCTION("IF(REGEXMATCH(VLOOKUP(A30, RAW_Data!B:BZ, 29, FALSE), ""Trouble""), ""Yes"", ""No"")"),"Yes") -> Yes | M30: =IFERROR(__xludf.DUMMYFUNCTION("IF(REGEXMATCH(VLOOKUP(A30, RAW_Data!B:BZ, 29, FALSE), ""MRC""), ""Yes"", ""No"")"),"No") -> No | N30: =VLOOKUP(A30, RAW_Data!B:Z, 12, FALSE) -> Diegue, Kerry | O30: Fakhfakh, Souleymen
A31: =IFERROR(__xludf.DUMMYFUNCTION("""COMPUTED_VALUE"""),"Flanagan-Fortin, Shawn") -> Flanagan-Fortin, Shawn | B31: =VLOOKUP(A31, RAW_Data!B:Z, 4, FALSE) -> Active | C31: =VLOOKUP(A31, RAW_Data!B:Z, 10, FALSE) -> 4 | D31: =VLOOKUP(A31, RAW_Data!B:Z, 9, FALSE) -> English | E31: =IFERROR(__xludf.DUMMYFUNCTION("LET( x, IFERROR(VLOOKUP(A31, RAW_Data!B:BZ, 61, FALSE), """"), IFS( REGEXMATCH(x, ""Morning""), ""Day"", REGEXMATCH(x, ""Evening""), ""Evening"", REGEXMATCH(x, ""Night""), ""Night"", x="""", """", TRUE, ""Variable"" ) )"),"Evening") -> Evening | F31: =VLOOKUP(A31, RAW_Data!B:Z, 8, FALSE) -> Vancouver | G31: =VLOOKUP(A31, RAW_Data!B:Z, 2, FALSE) -> T967974 | H31: =VLOOKUP(A31, RAW_Data!B:Z, 18, FALSE) -> M0113 | I31: =VLOOKUP(A31, RAW_Data!B:Z, 20, FALSE) -> 100967974 | J31: =VLOOKUP(A31, RAW_Data!B:Z, 24, FALSE) -> 1067360 | K31: =IFERROR(__xludf.DUMMYFUNCTION("IF(REGEXMATCH(VLOOKUP(A31, RAW_Data!B:BZ, 29, FALSE), ""Smart""), ""Yes"", ""No"")"),"Yes") -> Yes | L31: =IFERROR(__xludf.DUMMYFUNCTION("IF(REGEXMATCH(VLOOKUP(A31, RAW_Data!B:BZ, 29, FALSE), ""Trouble""), ""Yes"", ""No"")"),"No") -> No | M31: =IFERROR(__xludf.DUMMYFUNCTION("IF(REGEXMATCH(VLOOKUP(A31, RAW_Data!B:BZ, 29, FALSE), ""MRC""), ""Yes"", ""No"")"),"Yes") -> Yes | N31: =VLOOKUP(A31, RAW_Data!B:Z, 12, FALSE) -> Dhindsa, Sukhjinder | O31: Flanagan-Fortin, Shawn
A32: =IFERROR(__xludf.DUMMYFUNCTION("""COMPUTED_VALUE"""),"Gabriel, Gamelyn") -> Gabriel, Gamelyn | B32: =VLOOKUP(A32, RAW_Data!B:Z, 4, FALSE) -> Active | C32: =VLOOKUP(A32, RAW_Data!B:Z, 10, FALSE) -> 4 | D32: =VLOOKUP(A32, RAW_Data!B:Z, 9, FALSE) -> Bilingual-French | E32: =IFERROR(__xludf.DUMMYFUNCTION("LET( x, IFERROR(VLOOKUP(A32, RAW_Data!B:BZ, 61, FALSE), """"), IFS( REGEXMATCH(x, ""Morning""), ""Day"", REGEXMATCH(x, ""Evening""), ""Evening"", REGEXMATCH(x, ""Night""), ""Night"", x="""", """", TRUE, ""Variable"" ) )"),"Evening") -> Evening | F32: =VLOOKUP(A32, RAW_Data!B:Z, 8, FALSE) -> Montreal | G32: =VLOOKUP(A32, RAW_Data!B:Z, 2, FALSE) -> T955761 | H32: =VLOOKUP(A32, RAW_Data!B:Z, 18, FALSE) -> M0115 | I32: =VLOOKUP(A32, RAW_Data!B:Z, 20, FALSE) -> 100955761 | J32: =VLOOKUP(A32, RAW_Data!B:Z, 24, FALSE) -> 1066319 | K32: =IFERROR(__xludf.DUMMYFUNCTION("IF(REGEXMATCH(VLOOKUP(A32, RAW_Data!B:BZ, 29, FALSE), ""Smart""), ""Yes"", ""No"")"),"Yes") -> Yes | L32: =IFERROR(__xludf.DUMMYFUNCTION("IF(REGEXMATCH(VLOOKUP(A32, RAW_Data!B:BZ, 29, FALSE), ""Trouble""), ""Yes"", ""No"")"),"Yes") -> Yes | M32: =IFERROR(__xludf.DUMMYFUNCTION("IF(REGEXMATCH(VLOOKUP(A32, RAW_Data!B:BZ, 29, FALSE), ""MRC""), ""Yes"", ""No"")"),"No") -> No | N32: =VLOOKUP(A32, RAW_Data!B:Z, 12, FALSE) -> Rwano, Guy Fremin | O32: Gabriel, Gamelyn
A33: =IFERROR(__xludf.DUMMYFUNCTION("""COMPUTED_VALUE"""),"Gagnon, Nancy") -> Gagnon, Nancy | B33: =VLOOKUP(A33, RAW_Data!B:Z, 4, FALSE) -> Active | C33: =VLOOKUP(A33, RAW_Data!B:Z, 10, FALSE) -> 4 | D33: =VLOOKUP(A33, RAW_Data!B:Z, 9, FALSE) -> Bilingual-French | E33: =IFERROR(__xludf.DUMMYFUNCTION("LET( x, IFERROR(VLOOKUP(A33, RAW_Data!B:BZ, 61, FALSE), """"), IFS( REGEXMATCH(x, ""Morning""), ""Day"", REGEXMATCH(x, ""Evening""), ""Evening"", REGEXMATCH(x, ""Night""), ""Night"", x="""", """", TRUE, ""Variable"" ) )"),"Night") -> Night | F33: =VLOOKUP(A33, RAW_Data!B:Z, 8, FALSE) -> Ottawa | G33: =VLOOKUP(A33, RAW_Data!B:Z, 2, FALSE) -> T966280 | H33: =VLOOKUP(A33, RAW_Data!B:Z, 18, FALSE) -> M0116 | I33: =VLOOKUP(A33, RAW_Data!B:Z, 20, FALSE) -> 44370265 | J33: =VLOOKUP(A33, RAW_Data!B:Z, 24, FALSE) -> 1066465 | K33: =IFERROR(__xludf.DUMMYFUNCTION("IF(REGEXMATCH(VLOOKUP(A33, RAW_Data!B:BZ, 29, FALSE), ""Smart""), ""Yes"", ""No"")"),"Yes") -> Yes | L33: =IFERROR(__xludf.DUMMYFUNCTION("IF(REGEXMATCH(VLOOKUP(A33, RAW_Data!B:BZ, 29, FALSE), ""Trouble""), ""Yes"", ""No"")"),"No") -> No | M33: =IFERROR(__xludf.DUMMYFUNCTION("IF(REGEXMATCH(VLOOKUP(A33, RAW_Data!B:BZ, 29, FALSE), ""MRC""), ""Yes"", ""No"")"),"Yes") -> Yes | N33: =VLOOKUP(A33, RAW_Data!B:Z, 12, FALSE) -> Herrati, Houcine | O33: Gagnon, Nancy
A34: =IFERROR(__xludf.DUMMYFUNCTION("""COMPUTED_VALUE"""),"Gil Cervino, Henrique Alexandre") -> Gil Cervino, Henrique Alexandre | B34: =VLOOKUP(A34, RAW_Data!B:Z, 4, FALSE) -> Active | C34: =VLOOKUP(A34, RAW_Data!B:Z, 10, FALSE) -> 4 | D34: =VLOOKUP(A34, RAW_Data!B:Z, 9, FALSE) -> Bilingual-French | E34: =IFERROR(__xludf.DUMMYFUNCTION("LET( x, IFERROR(VLOOKUP(A34, RAW_Data!B:BZ, 61, FALSE), """"), IFS( REGEXMATCH(x, ""Morning""), ""Day"", REGEXMATCH(x, ""Evening""), ""Evening"", REGEXMATCH(x, ""Night""), ""Night"", x="""", """", TRUE, ""Variable"" ) )"),"Day") -> Day | F34: =VLOOKUP(A34, RAW_Data!B:Z, 8, FALSE) -> Montreal | G34: =VLOOKUP(A34, RAW_Data!B:Z, 2, FALSE) -> T960919 | H34: =VLOOKUP(A34, RAW_Data!B:Z, 18, FALSE) -> M0120 | I34: =VLOOKUP(A34, RAW_Data!B:Z, 20, FALSE) -> 100960919 | J34: =VLOOKUP(A34, RAW_Data!B:Z, 24, FALSE) -> 1066723 | K34: =IFERROR(__xludf.DUMMYFUNCTION("IF(REGEXMATCH(VLOOKUP(A34, RAW_Data!B:BZ, 29, FALSE), ""Smart""), ""Yes"", ""No"")"),"Yes") -> Yes | L34: =IFERROR(__xludf.DUMMYFUNCTION("IF(REGEXMATCH(VLOOKUP(A34, RAW_Data!B:BZ, 29, FALSE), ""Trouble""), ""Yes"", ""No"")"),"Yes") -> Yes | M34: =IFERROR(__xludf.DUMMYFUNCTION("IF(REGEXMATCH(VLOOKUP(A34, RAW_Data!B:BZ, 29, FALSE), ""MRC""), ""Yes"", ""No"")"),"No") -> No | N34: =VLOOKUP(A34, RAW_Data!B:Z, 12, FALSE) -> Dhindsa, Sukhjinder | O34: Gil Cervino, Henrique Alexandre
A35: =IFERROR(__xludf.DUMMYFUNCTION("""COMPUTED_VALUE"""),"Ginete, Maricel") -> Ginete, Maricel | B35: =VLOOKUP(A35, RAW_Data!B:Z, 4, FALSE) -> Active | C35: =VLOOKUP(A35, RAW_Data!B:Z, 10, FALSE) -> 1 | D35: =VLOOKUP(A35, RAW_Data!B:Z, 9, FALSE) -> English | E35: =IFERROR(__xludf.DUMMYFUNCTION("LET( x, IFERROR(VLOOKUP(A35, RAW_Data!B:BZ, 61, FALSE), """"), IFS( REGEXMATCH(x, ""Morning""), ""Day"", REGEXMATCH(x, ""Evening""), ""Evening"", REGEXMATCH(x, ""Night""), ""Night"", x="""", """", TRUE, ""Variable"" ) )"),"") | F35: =VLOOKUP(A35, RAW_Data!B:Z, 8, FALSE) -> Calgary | G35: =VLOOKUP(A35, RAW_Data!B:Z, 2, FALSE) -> T6001432 | H35: =VLOOKUP(A35, RAW_Data!B:Z, 18, FALSE) -> M0538 | I35: =VLOOKUP(A35, RAW_Data!B:Z, 20, FALSE) -> 106001432 | J35: =VLOOKUP(A35, RAW_Data!B:Z, 24, FALSE) -> 1060008 | K35: =IFERROR(__xludf.DUMMYFUNCTION("IF(REGEXMATCH(VLOOKUP(A35, RAW_Data!B:BZ, 29, FALSE), ""Smart""), ""Yes"", ""No"")"),"No") -> No | L35: =IFERROR(__xludf.DUMMYFUNCTION("IF(REGEXMATCH(VLOOKUP(A35, RAW_Data!B:BZ, 29, FALSE), ""Trouble""), ""Yes"", ""No"")"),"No") -> No | M35: =IFERROR(__xludf.DUMMYFUNCTION("IF(REGEXMATCH(VLOOKUP(A35, RAW_Data!B:BZ, 29, FALSE), ""MRC""), ""Yes"", ""No"")"),"No") -> No | N35: =VLOOKUP(A35, RAW_Data!B:Z, 12, FALSE) -> Coghiel, Caren | O35: Ginete, Maricel
A36: =IFERROR(__xludf.DUMMYFUNCTION("""COMPUTED_VALUE"""),"Guzman, Alexandre") -> Guzman, Alexandre | B36: =VLOOKUP(A36, RAW_Data!B:Z, 4, FALSE) -> Active | C36: =VLOOKUP(A36, RAW_Data!B:Z, 10, FALSE) -> 2 | D36: =VLOOKUP(A36, RAW_Data!B:Z, 9, FALSE) -> Bilingual-French | E36: =IFERROR(__xludf.DUMMYFUNCTION("LET( x, IFERROR(VLOOKUP(A36, RAW_Data!B:BZ, 61, FALSE), """"), IFS( REGEXMATCH(x, ""Morning""), ""Day"", REGEXMATCH(x, ""Evening""), ""Evening"", REGEXMATCH(x, ""Night""), ""Night"", x="""", """", TRUE, ""Variable"" ) )"),"Evening") -> Evening | F36: =VLOOKUP(A36, RAW_Data!B:Z, 8, FALSE) -> Montreal | G36: =VLOOKUP(A36, RAW_Data!B:Z, 2, FALSE) -> T773718 | H36: =VLOOKUP(A36, RAW_Data!B:Z, 18, FALSE) -> M0515 | I36: =VLOOKUP(A36, RAW_Data!B:Z, 20, FALSE) -> 100773718 | J36: =VLOOKUP(A36, RAW_Data!B:Z, 24, FALSE) -> 1060064 | K36: =IFERROR(__xludf.DUMMYFUNCTION("IF(REGEXMATCH(VLOOKUP(A36, RAW_Data!B:BZ, 29, FALSE), ""Smart""), ""Yes"", ""No"")"),"No") -> No | L36: =IFERROR(__xludf.DUMMYFUNCTION("IF(REGEXMATCH(VLOOKUP(A36, RAW_Data!B:BZ, 29, FALSE), ""Trouble""), ""Yes"", ""No"")"),"Yes") -> Yes | M36: =IFERROR(__xludf.DUMMYFUNCTION("IF(REGEXMATCH(VLOOKUP(A36, RAW_Data!B:BZ, 29, FALSE), ""MRC""), ""Yes"", ""No"")"),"No") -> No | N36: =VLOOKUP(A36, RAW_Data!B:Z, 12, FALSE) -> Herrati, Houcine | O36: Guzman, Alexandre
A37: =IFERROR(__xludf.DUMMYFUNCTION("""COMPUTED_VALUE"""),"Herbst, Emily") -> Herbst, Emily | B37: =VLOOKUP(A37, RAW_Data!B:Z, 4, FALSE) -> Active | C37: =VLOOKUP(A37, RAW_Data!B:Z, 10, FALSE) -> 4 | D37: =VLOOKUP(A37, RAW_Data!B:Z, 9, FALSE) -> Bilingual-English | E37: =IFERROR(__xludf.DUMMYFUNCTION("LET( x, IFERROR(VLOOKUP(A37, RAW_Data!B:BZ, 61, FALSE), """"), IFS( REGEXMATCH(x, ""Morning""), ""Day"", REGEXMATCH(x, ""Evening""), ""Evening"", REGEXMATCH(x, ""Night""), ""Night"", x="""", """", TRUE, ""Variable"" ) )"),"Day") -> Day | F37: =VLOOKUP(A37, RAW_Data!B:Z, 8, FALSE) -> Ottawa | G37: =VLOOKUP(A37, RAW_Data!B:Z, 2, FALSE) -> T956515 | H37: =VLOOKUP(A37, RAW_Data!B:Z, 18, FALSE) -> M0128 | I37: =VLOOKUP(A37, RAW_Data!B:Z, 20, FALSE) -> 100956515 | J37: =VLOOKUP(A37, RAW_Data!B:Z, 24, FALSE) -> 1062106 | K37: =IFERROR(__xludf.DUMMYFUNCTION("IF(REGEXMATCH(VLOOKUP(A37, RAW_Data!B:BZ, 29, FALSE), ""Smart""), ""Yes"", ""No"")"),"Yes") -> Yes | L37: =IFERROR(__xludf.DUMMYFUNCTION("IF(REGEXMATCH(VLOOKUP(A37, RAW_Data!B:BZ, 29, FALSE), ""Trouble""), ""Yes"", ""No"")"),"No") -> No | M37: =IFERROR(__xludf.DUMMYFUNCTION("IF(REGEXMATCH(VLOOKUP(A37, RAW_Data!B:BZ, 29, FALSE), ""MRC""), ""Yes"", ""No"")"),"Yes") -> Yes | N37: =VLOOKUP(A37, RAW_Data!B:Z, 12, FALSE) -> Rwano, Guy Fremin | O37: Herbst, Emily Blythe
A38: =IFERROR(__xludf.DUMMYFUNCTION("""COMPUTED_VALUE"""),"Hirst-Smith, Courtnay") -> Hirst-Smith, Courtnay | B38: =VLOOKUP(A38, RAW_Data!B:Z, 4, FALSE) -> Active | C38: =VLOOKUP(A38, RAW_Data!B:Z, 10, FALSE) -> 4 | D38: =VLOOKUP(A38, RAW_Data!B:Z, 9, FALSE) -> Bilingual-English | E38: =IFERROR(__xludf.DUMMYFUNCTION("LET( x, IFERROR(VLOOKUP(A38, RAW_Data!B:BZ, 61, FALSE), """"), IFS( REGEXMATCH(x, ""Morning""), ""Day"", REGEXMATCH(x, ""Evening""), ""Evening"", REGEXMATCH(x, ""Night""), ""Night"", x="""", """", TRUE, ""Variable"" ) )"),"Day") -> Day | F38: =VLOOKUP(A38, RAW_Data!B:Z, 8, FALSE) -> Prince George | G38: =VLOOKUP(A38, RAW_Data!B:Z, 2, FALSE) -> T980256 | H38: =VLOOKUP(A38, RAW_Data!B:Z, 18, FALSE) -> M0129 | I38: =VLOOKUP(A38, RAW_Data!B:Z, 20, FALSE) -> 100980256 | J38: =VLOOKUP(A38, RAW_Data!B:Z, 24, FALSE) -> 1067381 | K38: =IFERROR(__xludf.DUMMYFUNCTION("IF(REGEXMATCH(VLOOKUP(A38, RAW_Data!B:BZ, 29, FALSE), ""Smart""), ""Yes"", ""No"")"),"Yes") -> Yes | L38: =IFERROR(__xludf.DUMMYFUNCTION("IF(REGEXMATCH(VLOOKUP(A38, RAW_Data!B:BZ, 29, FALSE), ""Trouble""), ""Yes"", ""No"")"),"No") -> No | M38: =IFERROR(__xludf.DUMMYFUNCTION("IF(REGEXMATCH(VLOOKUP(A38, RAW_Data!B:BZ, 29, FALSE), ""MRC""), ""Yes"", ""No"")"),"No") -> No | N38: =VLOOKUP(A38, RAW_Data!B:Z, 12, FALSE) -> Gillingham, Shelley | O38: Hirst-Smith, Courtnay
A39: =IFERROR(__xludf.DUMMYFUNCTION("""COMPUTED_VALUE"""),"Hirwa, Jules Adam") -> Hirwa, Jules Adam | B39: =VLOOKUP(A39, RAW_Data!B:Z, 4, FALSE) -> Active | C39: =VLOOKUP(A39, RAW_Data!B:Z, 10, FALSE) -> 4 | D39: =VLOOKUP(A39, RAW_Data!B:Z, 9, FALSE) -> Bilingual-French | E39: =IFERROR(__xludf.DUMMYFUNCTION("LET( x, IFERROR(VLOOKUP(A39, RAW_Data!B:BZ, 61, FALSE), """"), IFS( REGEXMATCH(x, ""Morning""), ""Day"", REGEXMATCH(x, ""Evening""), ""Evening"", REGEXMATCH(x, ""Night""), ""Night"", x="""", """", TRUE, ""Variable"" ) )"),"Day") -> Day | F39: =VLOOKUP(A39, RAW_Data!B:Z, 8, FALSE) -> Ottawa | G39: =VLOOKUP(A39, RAW_Data!B:Z, 2, FALSE) -> T955723 | H39: =VLOOKUP(A39, RAW_Data!B:Z, 18, FALSE) -> M0130 | I39: =VLOOKUP(A39, RAW_Data!B:Z, 20, FALSE) -> 100955723 | J39: =VLOOKUP(A39, RAW_Data!B:Z, 24, FALSE) -> 1062322 | K39: =IFERROR(__xludf.DUMMYFUNCTION("IF(REGEXMATCH(VLOOKUP(A39, RAW_Data!B:BZ, 29, FALSE), ""Smart""), ""Yes"", ""No"")"),"Yes") -> Yes | L39: =IFERROR(__xludf.DUMMYFUNCTION("IF(REGEXMATCH(VLOOKUP(A39, RAW_Data!B:BZ, 29, FALSE), ""Trouble""), ""Yes"", ""No"")"),"No") -> No | M39: =IFERROR(__xludf.DUMMYFUNCTION("IF(REGEXMATCH(VLOOKUP(A39, RAW_Data!B:BZ, 29, FALSE), ""MRC""), ""Yes"", ""No"")"),"No") -> No | N39: =VLOOKUP(A39, RAW_Data!B:Z, 12, FALSE) -> Rwano, Guy Fremin | O39: Hirwa, Jules Adam
A40: =IFERROR(__xludf.DUMMYFUNCTION("""COMPUTED_VALUE"""),"Ho, Hong (Destiny)") -> Ho, Hong (Destiny) | B40: =VLOOKUP(A40, RAW_Data!B:Z, 4, FALSE) -> Active | C40: =VLOOKUP(A40, RAW_Data!B:Z, 10, FALSE) -> 2 | D40: =VLOOKUP(A40, RAW_Data!B:Z, 9, FALSE) -> English | E40: =IFERROR(__xludf.DUMMYFUNCTION("LET( x, IFERROR(VLOOKUP(A40, RAW_Data!B:BZ, 61, FALSE), """"), IFS( REGEXMATCH(x, ""Morning""), ""Day"", REGEXMATCH(x, ""Evening""), ""Evening"", REGEXMATCH(x, ""Night""), ""Night"", x="""", """", TRUE, ""Variable"" ) )"),"Day") -> Day | F40: =VLOOKUP(A40, RAW_Data!B:Z, 8, FALSE) -> Calgary | G40: =VLOOKUP(A40, RAW_Data!B:Z, 2, FALSE) -> T956362 | H40: =VLOOKUP(A40, RAW_Data!B:Z, 18, FALSE) -> M0131 | I40: =VLOOKUP(A40, RAW_Data!B:Z, 20, FALSE) -> 100956362 | J40: =VLOOKUP(A40, RAW_Data!B:Z, 24, FALSE) -> 1020178 | K40: =IFERROR(__xludf.DUMMYFUNCTION("IF(REGEXMATCH(VLOOKUP(A40, RAW_Data!B:BZ, 29, FALSE), ""Smart""), ""Yes"", ""No"")"),"Yes") -> Yes | L40: =IFERROR(__xludf.DUMMYFUNCTION("IF(REGEXMATCH(VLOOKUP(A40, RAW_Data!B:BZ, 29, FALSE), ""Trouble""), ""Yes"", ""No"")"),"No") -> No | M40: =IFERROR(__xludf.DUMMYFUNCTION("IF(REGEXMATCH(VLOOKUP(A40, RAW_Data!B:BZ, 29, FALSE), ""MRC""), ""Yes"", ""No"")"),"No") -> No | N40: =VLOOKUP(A40, RAW_Data!B:Z, 12, FALSE) -> Gillingham, Shelley | O40: Ho, Destiny
A41: =IFERROR(__xludf.DUMMYFUNCTION("""COMPUTED_VALUE"""),"Ininahazwe, Sabrina Amanda") -> Ininahazwe, Sabrina Amanda | B41: =VLOOKUP(A41, RAW_Data!B:Z, 4, FALSE) -> Active | C41: =VLOOKUP(A41, RAW_Data!B:Z, 10, FALSE) -> 4 | D41: =VLOOKUP(A41, RAW_Data!B:Z, 9, FALSE) -> Bilingual-French | E41: =IFERROR(__xludf.DUMMYFUNCTION("LET( x, IFERROR(VLOOKUP(A41, RAW_Data!B:BZ, 61, FALSE), """"), IFS( REGEXMATCH(x, ""Morning""), ""Day"", REGEXMATCH(x, ""Evening""), ""Evening"", REGEXMATCH(x, ""Night""), ""Night"", x="""", """", TRUE, ""Variable"" ) )"),"Day") -> Day | F41: =VLOOKUP(A41, RAW_Data!B:Z, 8, FALSE) -> Ottawa | G41: =VLOOKUP(A41, RAW_Data!B:Z, 2, FALSE) -> T956381 | H41: =VLOOKUP(A41, RAW_Data!B:Z, 18, FALSE) -> M0133 | I41: =VLOOKUP(A41, RAW_Data!B:Z, 20, FALSE) -> 100956381 | J41: =VLOOKUP(A41, RAW_Data!B:Z, 24, FALSE) -> 1062242 | K41: =IFERROR(__xludf.DUMMYFUNCTION("IF(REGEXMATCH(VLOOKUP(A41, RAW_Data!B:BZ, 29, FALSE), ""Smart""), ""Yes"", ""No"")"),"Yes") -> Yes | L41: =IFERROR(__xludf.DUMMYFUNCTION("IF(REGEXMATCH(VLOOKUP(A41, RAW_Data!B:BZ, 29, FALSE), ""Trouble""), ""Yes"", ""No"")"),"Yes") -> Yes | M41: =IFERROR(__xludf.DUMMYFUNCTION("IF(REGEXMATCH(VLOOKUP(A41, RAW_Data!B:BZ, 29, FALSE), ""MRC""), ""Yes"", ""No"")"),"Yes") -> Yes | N41: =VLOOKUP(A41, RAW_Data!B:Z, 12, FALSE) -> Diegue, Kerry | O41: Ininahazwe, Sabrina Amanda
A42: =IFERROR(__xludf.DUMMYFUNCTION("""COMPUTED_VALUE"""),"Inosimeh Barisua") -> Inosimeh Barisua | B42: =VLOOKUP(A42, RAW_Data!B:Z, 4, FALSE) -> Active | C42: =VLOOKUP(A42, RAW_Data!B:Z, 10, FALSE) -> Trainee | D42: =VLOOKUP(A42, RAW_Data!B:Z, 9, FALSE) -> English | E42: =IFERROR(__xludf.DUMMYFUNCTION("LET( x, IFERROR(VLOOKUP(A42, RAW_Data!B:BZ, 61, FALSE), """"), IFS( REGEXMATCH(x, ""Morning""), ""Day"", REGEXMATCH(x, ""Evening""), ""Evening"", REGEXMATCH(x, ""Night""), ""Night"", x="""", """", TRUE, ""Variable"" ) )"),"") | F42: =VLOOKUP(A42, RAW_Data!B:Z, 8, FALSE) -> Calgary | G42: =VLOOKUP(A42, RAW_Data!B:Z, 2, FALSE) -> T6001663 | H42: =VLOOKUP(A42, RAW_Data!B:Z, 18, FALSE) | I42: =VLOOKUP(A42, RAW_Data!B:Z, 20, FALSE) | J42: =VLOOKUP(A42, RAW_Data!B:Z, 24, FALSE) | K42: =IFERROR(__xludf.DUMMYFUNCTION("IF(REGEXMATCH(VLOOKUP(A42, RAW_Data!B:BZ, 29, FALSE), ""Smart""), ""Yes"", ""No"")"),"No") -> No | L42: =IFERROR(__xludf.DUMMYFUNCTION("IF(REGEXMATCH(VLOOKUP(A42, RAW_Data!B:BZ, 29, FALSE), ""Trouble""), ""Yes"", ""No"")"),"No") -> No | M42: =IFERROR(__xludf.DUMMYFUNCTION("IF(REGEXMATCH(VLOOKUP(A42, RAW_Data!B:BZ, 29, FALSE), ""MRC""), ""Yes"", ""No"")"),"No") -> No | N42: =VLOOKUP(A42, RAW_Data!B:Z, 12, FALSE) -> Diegue, Kerry
A43: =IFERROR(__xludf.DUMMYFUNCTION("""COMPUTED_VALUE"""),"Jaén-Benitez, Roberto-David") -> Jaén-Benitez, Roberto-David | B43: =VLOOKUP(A43, RAW_Data!B:Z, 4, FALSE) -> Active | C43: =VLOOKUP(A43, RAW_Data!B:Z, 10, FALSE) -> 4 | D43: =VLOOKUP(A43, RAW_Data!B:Z, 9, FALSE) -> Bilingual-English | E43: =IFERROR(__xludf.DUMMYFUNCTION("LET( x, IFERROR(VLOOKUP(A43, RAW_Data!B:BZ, 61, FALSE), """"), IFS( REGEXMATCH(x, ""Morning""), ""Day"", REGEXMATCH(x, ""Evening""), ""Evening"", REGEXMATCH(x, ""Night""), ""Night"", x="""", """", TRUE, ""Variable"" ) )"),"Night") -> Night | F43: =VLOOKUP(A43, RAW_Data!B:Z, 8, FALSE) -> Montreal | G43: =VLOOKUP(A43, RAW_Data!B:Z, 2, FALSE) -> T955709 | H43: =VLOOKUP(A43, RAW_Data!B:Z, 18, FALSE) -> M0135 | I43: =VLOOKUP(A43, RAW_Data!B:Z, 20, FALSE) -> 100955709 | J43: =VLOOKUP(A43, RAW_Data!B:Z, 24, FALSE) -> 1066930 | K43: =IFERROR(__xludf.DUMMYFUNCTION("IF(REGEXMATCH(VLOOKUP(A43, RAW_Data!B:BZ, 29, FALSE), ""Smart""), ""Yes"", ""No"")"),"Yes") -> Yes | L43: =IFERROR(__xludf.DUMMYFUNCTION("IF(REGEXMATCH(VLOOKUP(A43, RAW_Data!B:BZ, 29, FALSE), ""Trouble""), ""Yes"", ""No"")"),"Yes") -> Yes | M43: =IFERROR(__xludf.DUMMYFUNCTION("IF(REGEXMATCH(VLOOKUP(A43, RAW_Data!B:BZ, 29, FALSE), ""MRC""), ""Yes"", ""No"")"),"Yes") -> Yes | N43: =VLOOKUP(A43, RAW_Data!B:Z, 12, FALSE) -> Herrati, Houcine | O43: Jaen Benitez, Roberto David
