Workbook
Name SundayChatNight: Sunday!$B$240:$J$748

Sheet Week Overview
B2: MRC Operation Logbook
B3: Week Starting: | C3: 45844
B4: Versions of IDP | D4: Versions of OT Tracker | H4: Maintenance / Critical Flag | J4: Sunday | K4: Monday | L4: Tuesday | M4: Wednesday | N4: Thursday | O4: Friday | P4: Saturday
B5: IDP Refresh Date | C5: 45842 | D5: OT Refresh Date | H5: Night Shift | J5: =IFERROR(IF(OR(NOT(ISBLANK(Sunday!D211)), NOT(ISBLANK(Sunday!D211))), "!", ""), "") | K5: =IFERROR(IF(OR(NOT(ISBLANK(Monday!D211)), NOT(ISBLANK(Monday!D211))), "!", ""), "") -> ! | L5: =IFERROR(IF(OR(NOT(ISBLANK(Tuesday!D211)), NOT(ISBLANK(Tuesday!D211))), "!", ""), "") -> ! | M5: =IFERROR(IF(OR(NOT(ISBLANK(Wednesday!D211)), NOT(ISBLANK(Wednesday!D211))), "!", ""), "") -> ! | N5: =IFERROR(IF(OR(NOT(ISBLANK(Thursday!D211)), NOT(ISBLANK(Thursday!D211))), "!", ""), "") -> ! | O5: =IFERROR(IF(OR(NOT(ISBLANK(Friday!D211)), NOT(ISBLANK(Friday!D211))), "!", ""), "") -> ! | P5: =IFERROR(IF(OR(NOT(ISBLANK(Saturday!D211)), NOT(ISBLANK(Saturday!D211))), "!", ""), "") -> !
B6: IDP Archive Date 1 | D6: OT Archive Date 1 | H6: Day Shift | J6: =IFERROR(IF(OR(NOT(ISBLANK(Sunday!D755)), NOT(ISBLANK(Sunday!D755))), "!", ""), "") | K6: =IFERROR(IF(OR(NOT(ISBLANK(Monday!D755)), NOT(ISBLANK(Monday!D755))), "!", ""), "") -> ! | L6: =IFERROR(IF(OR(NOT(ISBLANK(Tuesday!D755)), NOT(ISBLANK(Tuesday!D755))), "!", ""), "") -> ! | M6: =IFERROR(IF(OR(NOT(ISBLANK(Wednesday!D755)), NOT(ISBLANK(Wednesday!D755))), "!", ""), "") -> ! | N6: =IFERROR(IF(OR(NOT(ISBLANK(Thursday!D755)), NOT(ISBLANK(Thursday!D755))), "!", ""), "") -> ! | O6: =IFERROR(IF(OR(NOT(ISBLANK(Friday!D755)), NOT(ISBLANK(Friday!D755))), "!", ""), "") -> ! | P6: =IFERROR(IF(OR(NOT(ISBLANK(Saturday!D755)), NOT(ISBLANK(Saturday!D755))), "!", ""), "") -> !
B7: IDP Archive Date 2 | D7: OT Archive Date 2 | H7: Evening Shift | J7: =IFERROR(IF(OR(NOT(ISBLANK(Sunday!D1461)), NOT(ISBLANK(Sunday!D1461))), "!", ""), "") | K7: =IFERROR(IF(OR(NOT(ISBLANK(Monday!D1461)), NOT(ISBLANK(Monday!D1461))), "!", ""), "") -> ! | L7: =IFERROR(IF(OR(NOT(ISBLANK(Tuesday!D1461)), NOT(ISBLANK(Tuesday!D1461))), "!", ""), "") -> ! | M7: =IFERROR(IF(OR(NOT(ISBLANK(Wednesday!D1461)), NOT(ISBLANK(Wednesday!D1461))), "!", ""), "") -> ! | N7: =IFERROR(IF(OR(NOT(ISBLANK(Thursday!D1461)), NOT(ISBLANK(Thursday!D1461))), "!", ""), "") -> ! | O7: =IFERROR(IF(OR(NOT(ISBLANK(Friday!D1461)), NOT(ISBLANK(Friday!D1461))), "!", ""), "") -> ! | P7: =IFERROR(IF(OR(NOT(ISBLANK(Saturday!D1461)), NOT(ISBLANK(Saturday!D1461))), "!", ""), "") -> !
B8: Week Overview
B9: IDP Weekly
G10: Date | H10: Night Shift | K10: Day Shift | N10: Evening Shift
H11: Requirement | I11: Open | J11: Difference | K11: Requirement | L11: Open | M11: Difference | N11: Requirement | O11: Open | P11: Difference
G12: Sunday | H12: =OriginalIDP!H128 -> 15.018571 | I12: =OriginalIDP!I128 -> 20.7375 | J12: =OriginalIDP!J128 -> 5.7189286 | K12: =OriginalIDP!M128 -> 25.785833 | L12: =OriginalIDP!N128 -> 29.619722 | M12: =OriginalIDP!O128 -> 3.8338889 | N12: =OriginalIDP!R128 -> 23.269375 | O12: =OriginalIDP!S128 -> 19.853437 | P12: =OriginalIDP!T128 -> -3.4159375
G13: Monday | H13: =OriginalIDP!H129 -> 16.324643 | I13: =OriginalIDP!I129 -> 17.237857 | J13: =OriginalIDP!J129 -> 0.91321429 | K13: =OriginalIDP!M129 -> 32.311111 | L13: =OriginalIDP!N129 -> 29.453056 | M13: =OriginalIDP!O129 -> -2.8580556 | N13: =OriginalIDP!R129 -> 24.996875 | O13: =OriginalIDP!S129 -> 26.145 | P13: =OriginalIDP!T129 -> 1.148125
G14: Tuesday | H14: =OriginalIDP!H130 -> 15.048214 | I14: =OriginalIDP!I130 -> 20.641786 | J14: =OriginalIDP!J130 -> 5.5935714 | K14: =OriginalIDP!M130 -> 29.666389 | L14: =OriginalIDP!N130 -> 31.777222 | M14: =OriginalIDP!O130 -> 2.1108333 | N14: =OriginalIDP!R130 -> 25.036875 | O14: =OriginalIDP!S130 -> 23.468125 | P14: =OriginalIDP!T130 -> -1.56875
G15: Wednesday | H15: =OriginalIDP!H131 -> 15.734643 | I15: =OriginalIDP!I131 -> 22.285714 | J15: =OriginalIDP!J131 -> 6.5510714 | K15: =OriginalIDP!M131 -> 28.253333 | L15: =OriginalIDP!N131 -> 33.036389 | M15: =OriginalIDP!O131 -> 4.7830556 | N15: =OriginalIDP!R131 -> 24.708437 | O15: =OriginalIDP!S131 -> 26.259687 | P15: =OriginalIDP!T131 -> 1.55125
G16: Thursday | H16: =OriginalIDP!H132 -> 17.158571 | I16: =OriginalIDP!I132 -> 25.035714 | J16: =OriginalIDP!J132 -> 7.8771429 | K16: =OriginalIDP!M132 -> 28.095556 | L16: =OriginalIDP!N132 -> 32.6475 | M16: =OriginalIDP!O132 -> 4.5519444 | N16: =OriginalIDP!R132 -> 24.205625 | O16: =OriginalIDP!S132 -> 27.0825 | P16: =OriginalIDP!T132 -> 2.876875
G17: Friday | H17: =OriginalIDP!H133 -> 18.854286 | I17: =OriginalIDP!I133 -> 22.869286 | J17: =OriginalIDP!J133 -> 4.015 | K17: =OriginalIDP!M133 -> 27.821944 | L17: =OriginalIDP!N133 -> 31.554722 | M17: =OriginalIDP!O133 -> 3.7327778 | N17: =OriginalIDP!R133 -> 24.364375 | O17: =OriginalIDP!S133 -> 26.718125 | P17: =OriginalIDP!T133 -> 2.35375
G18: Saturday | H18: =OriginalIDP!H134 -> 15.457143 | I18: =OriginalIDP!I134 -> 22.761429 | J18: =OriginalIDP!J134 -> 7.3042857 | K18: =OriginalIDP!M134 -> 27.488611 | L18: =OriginalIDP!N134 -> 31.693333 | M18: =OriginalIDP!O134 -> 4.2047222 | N18: =OriginalIDP!R134 -> 22.8875 | O18: =OriginalIDP!S134 -> 22.1975 | P18: =OriginalIDP!T134 -> -0.69
G19: Total | H19: =SUM(H12:H18) -> 113.59607 | I19: =SUM(I12:I18) -> 151.56929 | J19: =SUM(J12:J18) -> 37.973214 | K19: =SUM(K12:K18) -> 199.42278 | L19: =SUM(L12:L18) -> 219.78194 | M19: =SUM(M12:M18) -> 20.359167 | N19: =SUM(N12:N18) -> 169.46906 | O19: =SUM(O12:O18) -> 171.72438 | P19: =SUM(P12:P18) -> 2.2553125
B20: Night Shift Week | G20: Day Shift Week | L20: Evening Shift Week
B32: Weekly Analysis
B33: Compiled Coverage Average | G33: Offline Tasks, Absences & Furlough | M33: IEX Coding Compiled (On Week Completion)
G34: Weekday | H34: Project (hrs) | I34: Furlough(hrs) | J34: Absences Night Shift | K34: Absences Day Shift | L34: Absences Evening Shift | M34: Type And Code | O34: Hours | P34: Total
M35: ACSU Company Solicited Time Off | O35: ='IEX Coding Compiled'!E1 -> 0 | P35: ='IEX Coding Compiled'!E1 -> 0
G36: Sunday | H36: =(SUM(Sunday!D234 + Sunday!D778 + Sunday!D1484)) -> 0 | I36: =SUM(Sunday!D1481 + Sunday!D775 + Sunday!D231) -> 0 | J36: =SUM(Sunday!C231 + Sunday!C232) -> 0 | K36: =SUM(Sunday!C775 + Sunday!C776) -> 0 | L36: =SUM(Sunday!C1481 + Sunday!C1482) -> 0 | M36: CE-HUDDLE | O36: ='IEX Coding Compiled'!J1 -> 0 | P36: =SUM('IEX Coding Compiled'!Y1,'IEX Coding Compiled'!O1,'IEX Coding Compiled'!J1,'IEX Coding Compiled'!AS1) -> 0
G37: Monday | H37: =(SUM(Monday!D234 + Monday!D778 + Monday!D1484)) -> #REF! | I37: =SUM(Monday!D1481 + Monday!D775 + Monday!D231) -> #REF! | J37: =SUM(Monday!C231 + Monday!C232) -> #REF! | K37: =SUM(Monday!C775 + Monday!C776) -> #REF! | L37: =SUM(Monday!C1481 + Monday!C1482) -> #REF! | M37: DEV Development | O37: ='IEX Coding Compiled'!O1 -> 0
G38: Tuesday | H38: =(SUM(Tuesday!D234 + Tuesday!D778 + Tuesday!D1484)) -> #REF! | I38: =SUM(Tuesday!D1481 + Tuesday!D775 + Tuesday!D231) -> #REF! | J38: =SUM(Tuesday!C231 + Tuesday!C232) -> #REF! | K38: =SUM(Tuesday!C775 + Tuesday!C776) -> #REF! | L38: =SUM(Tuesday!C1481 + Tuesday!C1482) -> #REF! | M38: ONE Meeting: One on One | O38: ='IEX Coding Compiled'!Y1 -> 0
G39: Wednesday | H39: =(SUM(Wednesday!D234 + Wednesday!D778 + Wednesday!D1484)) -> #REF! | I39: =SUM(Wednesday!D1481 + Wednesday!D775 + Wednesday!D231) -> #REF! | J39: =SUM(Wednesday!C231 + Wednesday!C232) -> #REF! | K39: =SUM(Wednesday!C775 + Wednesday!C776) -> #REF! | L39: =SUM(Wednesday!C1481 + Wednesday!C1482) -> #REF! | M39: SBYS SidexSide Coaching | O39: ='IEX Coding Compiled'!AS1 -> 0
G40: Thursday | H40: =(SUM(Thursday!D234 + Thursday!D778 + Thursday!D1484)) -> #REF! | I40: =SUM(Thursday!D1481 + Thursday!D775 + Thursday!D231) -> #REF! | J40: =SUM(Thursday!C231 + Thursday!C232) -> #REF! | K40: =SUM(Thursday!C775 + Thursday!C776) -> #REF! | L40: =SUM(Thursday!C1481 + Thursday!C1482) -> #REF! | M40: READ | O40: ='IEX Coding Compiled'!AD1 -> 0 | P40: =Sum(O40,O41,O42,O43) -> 0
G41: Friday | H41: =(SUM(Friday!D234 + Friday!D778 + Friday!D1484)) -> #REF! | I41: =SUM(Friday!D1481 + Friday!D775 + Friday!D231) -> #REF! | J41: =SUM(Friday!C231 + Friday!C232) -> #REF! | K41: =SUM(Friday!C775 + Friday!C776) -> #REF! | L41: =SUM(Friday!C1481 + Friday!C1482) -> #REF! | M41: LFQI On Loan, OffQ, OPEX | O41: ='IEX Coding Compiled'!T1 -> 0
G42: Saturday | H42: =(SUM(Saturday!D234 + Saturday!D778 + Saturday!D1484)) -> #REF! | I42: =SUM(Saturday!D1481 + Saturday!D775 + Saturday!D231) -> #REF! | J42: =SUM(Saturday!C231 + Saturday!C232) -> #REF! | K42: =SUM(Saturday!C775 + Saturday!C776) -> #REF! | L42: =SUM(Saturday!C1481 + Saturday!C1482) -> #REF! | M42: WOFQT Team Lead Ofq Work | O42: ='IEX Coding Compiled'!AN1 -> 0
G43: Total | H43: =SUM(H36:H42) -> #REF! | I43: =SUM(I36:I42) -> #REF! | J43: =SUM(J36:J42) -> #REF! | K43: =SUM(K36:K42) -> #REF! | L43: =SUM(L36:L42) -> #REF! | M43: TRN1 OffQ - eLearnings | O43: ='IEX Coding Compiled'!AI1 -> 0
B44: Alarms Data (On Week Completion) | H44: Calls Data (On Week Completion) | N44: Coaching + Offtasks Total | P44: =Sum(P36,P40) -> 0
N45: Misc.
B46: Alarms Offered | C46: 0 | D46: Prev. A.Offered | E46: 0 | F46: WoW Off. Dif. | G46: =(C46 - E46) -> 0 | H46: Calls Offered | I46: 0 | J46: Prev. C.Offered | K46: 0 | L46: WoW Off. Dif. | M46: =(I46 - K46) -> 0 | N46: CLASSROOM | P46: ='IEX Coding Compiled'!AX1 -> 0
B47: Alarms Forecast | C47: 0 | D47: Prev A. Forecast | E47: 0 | F47: WoW For. Dif. | G47: =(C47 - E47) -> 0 | H47: Calls Forecast | I47: 0 | J47: Prev C Forecast | K47: 0 | L47: WoW For. Dif. | M47: =(I47 - K47) -> 0 | N47: MEET Dir / Roadshows | P47: ='IEX Coding Compiled'!BC1 -> 0
B48: Alarms Dif % | C48: 0 | D48: Prev A. Dif. % | E48: 0 | F48: WoW A. Dif % | G48: =(C48 - E48) -> 0 | H48: Calls Dif % | I48: 0 | J48: Prev C. Dif. % | K48: 0 | L48: WoW C. Dif % | M48: =(I48 - K48) -> 0 | N48: AUTH Authorized time off | P48: ='IEX Coding Compiled'!BH1 -> 0
B49: Volume vs Forecast | G49: Weekday Offered vs Forecasted
G50: Weekday | H50: Alarms Offered | I50: Alarms Frcst | J50: % Difference | K50: Calls Offered | L50: Calls Forecast | M50: % Difference
G52: Sunday | H52: =Sunday!P6 | I52: =Sunday!P7 | J52: =((H52-I52)/I52) -> #DIV/0! | K52: =Sunday!P10 | L52: =Sunday!P11 | M52: =((K52-L52)/L52) -> #DIV/0!
G53: Monday | H53: =Monday!P6 -> #REF! | I53: =Monday!P7 -> #REF! | J53: =((H53-I53)/I53) -> #REF! | K53: =Monday!P10 -> #REF! | L53: =Monday!P11 -> #REF! | M53: =((K53-L53)/L53) -> #REF!
G54: Tuesday | H54: =Tuesday!P6 -> #REF! | I54: =Tuesday!P7 -> #REF! | J54: =((H54-I54)/I54) -> #REF! | K54: =Tuesday!P10 -> #REF! | L54: =Tuesday!P11 -> #REF! | M54: =((K54-L54)/L54) -> #REF!
G55: Wednesday | H55: =Wednesday!P6 -> #REF! | I55: =Wednesday!P7 -> #REF! | J55: =((H55-I55)/I55) -> #REF! | K55: =Wednesday!P10 -> #REF! | L55: =Wednesday!P11 -> #REF! | M55: =((K55-L55)/L55) -> #REF!
G56: Thursday | H56: =Thursday!P6 -> #REF! | I56: =Thursday!P7 -> #REF! | J56: =((H56-I56)/I56) -> #REF! | K56: =Thursday!P10 -> #REF! | L56: =Thursday!P11 -> #REF! | M56: =((K56-L56)/L56) -> #REF!
G57: Friday | H57: =Friday!P6 -> #REF! | I57: =Friday!P7 -> #REF! | J57: =((H57-I57)/I57) -> #REF! | K57: =Friday!P10 -> #REF! | L57: =Friday!P11 -> #REF! | M57: =((K57-L57)/L57) -> #REF!
G58: Saturday | H58: =Saturday!P6 -> #REF! | I58: =Saturday!P7 -> #REF! | J58: =((H58-I58)/I58) -> #REF! | K58: =Saturday!P10 -> #REF! | L58: =Saturday!P11 -> #REF! | M58: =((K58-L58)/L58) -> #REF!
G59: Average | H59: =average(H52:H58) -> #REF! | I59: =average(I52:I58) -> #REF! | J59: =average(J52:J58) -> #DIV/0! | K59: =average(K52:K58) -> #REF! | L59: =average(L52:L58) -> #REF! | M59: =average(M52:M58) -> #DIV/0!
B60: Lifesafety LAWs Weekly Distribution ( > 61s)
B73: Burglary LAWs Weekly Distribution ( > 320s)
B87: Sunday Overview
G88: Sunday | K88: =C3 -> 45844
G89: Time | H89: Requirement | I89: Open | J89: Difference | K89: Overtime Taken | L89: Overtime Avail.
G90: 0 | H90: =OriginalIDP!C102 -> 15.195 | I90: =OriginalIDP!D102 -> 20.3325 | J90: =OriginalIDP!E102 -> 5.1375 | K90: =(OriginalOT!E4+OriginalOT!F4)/2 -> 0 | L90: =(OriginalOT!E2+OriginalOT!F2)/2 -> 0 | N90: =AVERAGE(H90,H117,H144,H171,H198,H225,H252) -> 16.265 | O90: =AVERAGE(I90,I117,I144,I171,I198,I225,I252) -> 23.201429
G91: 0.041666667 | H91: =OriginalIDP!C103 -> 15.425 | I91: =OriginalIDP!D103 -> 22.5 | J91: =OriginalIDP!E103 -> 7.075 | K91: =(OriginalOT!G4+OriginalOT!H4)/2 -> 0 | L91: =(OriginalOT!G2+OriginalOT!H2)/2 -> 0 | N91: =AVERAGE(H91,H118,H145,H172,H199,H226,H253) -> 15.494286 | O91: =AVERAGE(I91,I118,I145,I172,I199,I226,I253) -> 24.523571
G92: 0.083333333 | H92: =OriginalIDP!C104 -> 14.8575 | I92: =OriginalIDP!D104 -> 21.2475 | J92: =OriginalIDP!E104 -> 6.39 | K92: =(OriginalOT!I4+OriginalOT!J4)/2 -> 0 | L92: =(OriginalOT!I2+OriginalOT!J2)/2 -> 0 | N92: =AVERAGE(H92,H119,H146,H173,H200,H227,H254) -> 16.078571 | O92: =AVERAGE(I92,I119,I146,I173,I200,I227,I254) -> 20.498929
G93: 0.125 | H93: =OriginalIDP!C105 -> 18.075 | I93: =OriginalIDP!D105 -> 18.915 | J93: =OriginalIDP!E105 -> 0.84 | K93: =(OriginalOT!K4+OriginalOT!L4)/2 -> 0 | L93: =(OriginalOT!K2+OriginalOT!L2)/2 -> 0 | N93: =AVERAGE(H93,H120,H147,H174,H201,H228,H255) -> 16.755714 | O93: =AVERAGE(I93,I120,I147,I174,I201,I228,I255) -> 20.058214
G94: 0.16666667 | H94: =OriginalIDP!C106 -> 12.37 | I94: =OriginalIDP!D106 -> 17.835 | J94: =OriginalIDP!E106 -> 5.465 | K94: =(OriginalOT!M4+OriginalOT!N4)/2 -> 0 | L94: =(OriginalOT!M2+OriginalOT!N2)/2 -> 0 | N94: =AVERAGE(H94,H121,H148,H175,H202,H229,H256) -> 14.793214 | O94: =AVERAGE(I94,I121,I148,I175,I202,I229,I256) -> 18.119643
G95: 0.20833333 | H95: =OriginalIDP!C107 -> 14.03 | I95: =OriginalIDP!D107 -> 17.8325 | J95: =OriginalIDP!E107 -> 3.8025 | K95: =(OriginalOT!O4+OriginalOT!P4)/2 -> 0 | L95: =(OriginalOT!O2+OriginalOT!P2)/2 -> 0 | N95: =AVERAGE(H95,H122,H149,H176,H203,H230,H257) -> 16.369286 | O95: =AVERAGE(I95,I122,I149,I176,I203,I230,I257) -> 19.905
G96: 0.25 | H96: =OriginalIDP!C108 -> 15.1775 | I96: =OriginalIDP!D108 -> 26.5 | J96: =OriginalIDP!E108 -> 11.3225 | K96: =(OriginalOT!Q4+OriginalOT!R4)/2 -> 0 | L96: =(OriginalOT!Q2+OriginalOT!R2)/2 -> 0 | N96: =AVERAGE(H96,H123,H150,H177,H204,H231,H258) -> 17.84 | O96: =AVERAGE(I96,I123,I150,I177,I204,I231,I258) -> 25.2625
G97: 0.29166667 | H97: =OriginalIDP!C109 -> 16.885 | I97: =OriginalIDP!D109 -> 28.08 | J97: =OriginalIDP!E109 -> 11.195 | K97: =(OriginalOT!S4+OriginalOT!T4)/2 -> 0 | L97: =(OriginalOT!S2+OriginalOT!T2)/2 -> 0 | N97: =AVERAGE(H97,H124,H151,H178,H205,H232,H259) -> 21.296429 | O97: =AVERAGE(I97,I124,I151,I178,I205,I232,I259) -> 25.475357
G98: 0.33333333 | H98: =OriginalIDP!C110 -> 19.9275 | I98: =OriginalIDP!D110 -> 28.3325 | J98: =OriginalIDP!E110 -> 8.405 | K98: =(OriginalOT!U4+OriginalOT!V4)/2 -> 0 | L98: =(OriginalOT!U2+OriginalOT!V2)/2 -> 0 | N98: =AVERAGE(H98,H125,H152,H179,H206,H233,H260) -> 25.762857 | O98: =AVERAGE(I98,I125,I152,I179,I206,I233,I260) -> 30.940357
G99: 0.375 | H99: =OriginalIDP!C111 -> 22.2975 | I99: =OriginalIDP!D111 -> 30.1675 | J99: =OriginalIDP!E111 -> 7.87 | K99: =(OriginalOT!W4+OriginalOT!X4)/2 -> 0 | L99: =(OriginalOT!W2+OriginalOT!X2)/2 -> 0 | N99: =AVERAGE(H99,H126,H153,H180,H207,H234,H261) -> 27.99 | O99: =AVERAGE(I99,I126,I153,I180,I207,I234,I261) -> 31.5
G100: 0.41666667 | H100: =OriginalIDP!C112 -> 25.0325 | I100: =OriginalIDP!D112 -> 24.33 | J100: =OriginalIDP!E112 -> -0.7025 | K100: =(OriginalOT!Y4+OriginalOT!Z4)/2 -> 0 | L100: =(OriginalOT!Y2+OriginalOT!Z2)/2 -> 0 | N100: =AVERAGE(H100,H127,H154,H181,H208,H235,H262) -> 28.568929 | O100: =AVERAGE(I100,I127,I154,I181,I208,I235,I262) -> 31.8075
G101: 0.45833333 | H101: =OriginalIDP!C113 -> 26.715 | I101: =OriginalIDP!D113 -> 30.75 | J101: =OriginalIDP!E113 -> 4.035 | K101: =(OriginalOT!AA4+OriginalOT!AB4)/2 -> 0 | L101: =(OriginalOT!AA2+OriginalOT!AB2)/2 -> 0 | N101: =AVERAGE(H101,H128,H155,H182,H209,H236,H263) -> 29.948929 | O101: =AVERAGE(I101,I128,I155,I182,I209,I236,I263) -> 33.689643
G102: 0.5 | H102: =OriginalIDP!C114 -> 36.0675 | I102: =OriginalIDP!D114 -> 32.4975 | J102: =OriginalIDP!E114 -> -3.57 | K102: =(OriginalOT!AC4+OriginalOT!AD4)/2 -> 0 | L102: =(OriginalOT!AC2+OriginalOT!AD2)/2 -> 0 | N102: =AVERAGE(H102,H129,H156,H183,H210,H237,H264) -> 31.837857 | O102: =AVERAGE(I102,I129,I156,I183,I210,I237,I264) -> 33.7
G103: 0.54166667 | H103: =OriginalIDP!C115 -> 30.03 | I103: =OriginalIDP!D115 -> 33.4175 | J103: =OriginalIDP!E115 -> 3.3875 | K103: =(OriginalOT!AE4+OriginalOT!AF4)/2 -> 0 | L103: =(OriginalOT!AE2+OriginalOT!AF2)/2 -> 0 | N103: =AVERAGE(H103,H130,H157,H184,H211,H238,H265) -> 32.734643 | O103: =AVERAGE(I103,I130,I157,I184,I211,I238,I265) -> 32.916429
G104: 0.58333333 | H104: =OriginalIDP!C116 -> 29.1 | I104: =OriginalIDP!D116 -> 30.9175 | J104: =OriginalIDP!E116 -> 1.8175 | K104: =(OriginalOT!AG4+OriginalOT!AH4)/2 -> 0 | L104: =(OriginalOT!AG2+OriginalOT!AH2)/2 -> 0 | N104: =AVERAGE(H104,H131,H158,H185,H212,H239,H266) -> 31.070357 | O104: =AVERAGE(I104,I131,I158,I185,I212,I239,I266) -> 32.213929
G105: 0.625 | H105: =OriginalIDP!C117 -> 26.0175 | I105: =OriginalIDP!D117 -> 28.085 | J105: =OriginalIDP!E117 -> 2.0675 | K105: =(OriginalOT!AI4+OriginalOT!AJ4)/2 -> 0 | L105: =(OriginalOT!AI2+OriginalOT!AJ2)/2 -> 0 | N105: =AVERAGE(H105,H132,H159,H186,H213,H240,H267) -> 27.190714 | O105: =AVERAGE(I105,I132,I159,I186,I213,I240,I267) -> 30.333571
G106: 0.66666667 | H106: =OriginalIDP!C118 -> 27.5375 | I106: =OriginalIDP!D118 -> 21.835 | J106: =OriginalIDP!E118 -> -5.7025 | K106: =(OriginalOT!AK4+OriginalOT!AL4)/2 -> 0 | L106: =(OriginalOT!AK2+OriginalOT!AL2)/2 -> 0 | N106: =AVERAGE(H106,H133,H160,H187,H214,H241,H268) -> 27.425 | O106: =AVERAGE(I106,I133,I160,I187,I214,I241,I268) -> 26.25
G107: 0.70833333 | H107: =OriginalIDP!C119 -> 28.935 | I107: =OriginalIDP!D119 -> 23.5825 | J107: =OriginalIDP!E119 -> -5.3525 | K107: =(OriginalOT!AM4+OriginalOT!AN4)/2 -> 0 | L107: =(OriginalOT!AM2+OriginalOT!AN2)/2 -> 0 | N107: =AVERAGE(H107,H134,H161,H188,H215,H242,H269) -> 28.409286 | O107: =AVERAGE(I107,I134,I161,I188,I215,I242,I269) -> 27.261786
G108: 0.75 | H108: =OriginalIDP!C120 -> 29.72 | I108: =OriginalIDP!D120 -> 24.5825 | J108: =OriginalIDP!E120 -> -5.1375 | K108: =(OriginalOT!AO4+OriginalOT!AP4)/2 -> 0 | L108: =(OriginalOT!AO2+OriginalOT!AP2)/2 -> 0 | N108: =AVERAGE(H108,H135,H162,H189,H216,H243,H270) -> 29.422857 | O108: =AVERAGE(I108,I135,I162,I189,I216,I243,I270) -> 27.475
G109: 0.79166667 | H109: =OriginalIDP!C121 -> 29.95 | I109: =OriginalIDP!D121 -> 20.915 | J109: =OriginalIDP!E121 -> -9.035 | K109: =(OriginalOT!AQ4+OriginalOT!AR4)/2 -> 0 | L109: =(OriginalOT!AQ2+OriginalOT!AR2)/2 -> 0 | N109: =AVERAGE(H109,H136,H163,H190,H217,H244,H271) -> 30.002857 | O109: =AVERAGE(I109,I136,I163,I190,I217,I244,I271) -> 25.261071
G110: 0.83333333 | H110: =OriginalIDP!C122 -> 23.8575 | I110: =OriginalIDP!D122 -> 19.915 | J110: =OriginalIDP!E122 -> -3.9425 | K110: =(OriginalOT!AS4+OriginalOT!AT4)/2 -> 0 | L110: =(OriginalOT!AS2+OriginalOT!AT2)/2 -> 0 | N110: =AVERAGE(H110,H137,H164,H191,H218,H245,H272) -> 25.430357 | O110: =AVERAGE(I110,I137,I164,I191,I218,I245,I272) -> 23.380357
G111: 0.875 | H111: =OriginalIDP!C123 -> 16.6425 | I111: =OriginalIDP!D123 -> 15.1675 | J111: =OriginalIDP!E123 -> -1.475 | K111: =(OriginalOT!AU4+OriginalOT!AV4)/2 -> 0 | L111: =(OriginalOT!AU2+OriginalOT!AV2)/2 -> 0 | N111: =AVERAGE(H111,H138,H165,H192,H219,H246,H273) -> 19.585714 | O111: =AVERAGE(I111,I138,I165,I192,I219,I246,I273) -> 18.975357
G112: 0.91666667 | H112: =OriginalIDP!C124 -> 14.935 | I112: =OriginalIDP!D124 -> 15.4975 | J112: =OriginalIDP!E124 -> 0.5625 | K112: =(OriginalOT!AW4+OriginalOT!AX4)/2 -> 0 | L112: =(OriginalOT!AW2+OriginalOT!AX2)/2 -> 0 | N112: =AVERAGE(H112,H139,H166,H193,H220,H247,H274) -> 17.1675 | O112: =AVERAGE(I112,I139,I166,I193,I220,I247,I274) -> 22.701071
G113: 0.95833333 | H113: =OriginalIDP!C125 -> 14.5775 | I113: =OriginalIDP!D125 -> 17.3325 | J113: =OriginalIDP!E125 -> 2.755 | K113: =(OriginalOT!AY4+OriginalOT!AZ4)/2 -> 0 | L113: =(OriginalOT!AY2+OriginalOT!AZ2)/2 -> 0 | N113: =AVERAGE(H113,H140,H167,H194,H221,H248,H275) -> 16.235357 | O113: =AVERAGE(I113,I140,I167,I194,I221,I248,I275) -> 24.951786
B114: Monday Overview
G115: Monday | K115: =C3+1 -> 45845
G116: Time | H116: Requirement | I116: Open | J116: Difference | K116: Overtime Taken | L116: Overtime Avail.
G117: 0 | H117: =OriginalIDP!F102 -> 15.6375 | I117: =OriginalIDP!G102 -> 16.0825 | J117: =OriginalIDP!H102 -> 0.445 | K117: =(OriginalOT!E9+OriginalOT!F9)/2 -> 0 | L117: =(OriginalOT!E7+OriginalOT!F7)/2 -> 0
G118: 0.041666667 | H118: =OriginalIDP!F103 -> 13.345 | I118: =OriginalIDP!G103 -> 17.75 | J118: =OriginalIDP!H103 -> 4.405 | K118: =(OriginalOT!G9+OriginalOT!H9)/2 -> 0 | L118: =(OriginalOT!G7+OriginalOT!H7)/2 -> 0
G119: 0.083333333 | H119: =OriginalIDP!F104 -> 19.55 | I119: =OriginalIDP!G104 -> 16.3325 | J119: =OriginalIDP!H104 -> -3.2175 | K119: =(OriginalOT!I9+OriginalOT!J9)/2 -> 0 | L119: =(OriginalOT!I7+OriginalOT!J7)/2 -> 0
G120: 0.125 | H120: =OriginalIDP!F105 -> 14.11 | I120: =OriginalIDP!G105 -> 17.8325 | J120: =OriginalIDP!H105 -> 3.7225 | K120: =(OriginalOT!K9+OriginalOT!L9)/2 -> 0 | L120: =(OriginalOT!K7+OriginalOT!L7)/2 -> 0
G121: 0.16666667 | H121: =OriginalIDP!F106 -> 15.59 | I121: =OriginalIDP!G106 -> 13.835 | J121: =OriginalIDP!H106 -> -1.755 | K121: =(OriginalOT!M9+OriginalOT!N9)/2 -> 0 | L121: =(OriginalOT!M7+OriginalOT!N7)/2 -> 0
G122: 0.20833333 | H122: =OriginalIDP!F107 -> 19.625 | I122: =OriginalIDP!G107 -> 17.3325 | J122: =OriginalIDP!H107 -> -2.2925 | K122: =(OriginalOT!O9+OriginalOT!P9)/2 -> 0 | L122: =(OriginalOT!O7+OriginalOT!P7)/2 -> 0
G123: 0.25 | H123: =OriginalIDP!F108 -> 16.415 | I123: =OriginalIDP!G108 -> 21.5 | J123: =OriginalIDP!H108 -> 5.085 | K123: =(OriginalOT!Q9+OriginalOT!R9)/2 -> 0 | L123: =(OriginalOT!Q7+OriginalOT!R7)/2 -> 0
G124: 0.29166667 | H124: =OriginalIDP!F109 -> 22.1575 | I124: =OriginalIDP!G109 -> 21.75 | J124: =OriginalIDP!H109 -> -0.4075 | K124: =(OriginalOT!S9+OriginalOT!T9)/2 -> 0 | L124: =(OriginalOT!S7+OriginalOT!T7)/2 -> 0
G125: 0.33333333 | H125: =OriginalIDP!F110 -> 30.26 | I125: =OriginalIDP!G110 -> 28.25 | J125: =OriginalIDP!H110 -> -2.01 | K125: =(OriginalOT!U9+OriginalOT!V9)/2 -> 0 | L125: =(OriginalOT!U7+OriginalOT!V7)/2 -> 0
G126: 0.375 | H126: =OriginalIDP!F111 -> 32.685 | I126: =OriginalIDP!G111 -> 27.915 | J126: =OriginalIDP!H111 -> -4.77 | K126: =(OriginalOT!W9+OriginalOT!X9)/2 -> 0 | L126: =(OriginalOT!W7+OriginalOT!X7)/2 -> 0
G127: 0.41666667 | H127: =OriginalIDP!F112 -> 32.4225 | I127: =OriginalIDP!G112 -> 31.915 | J127: =OriginalIDP!H112 -> -0.5075 | K127: =(OriginalOT!Y9+OriginalOT!Z9)/2 -> 0 | L127: =(OriginalOT!Y7+OriginalOT!Z7)/2 -> 0
G128: 0.45833333 | H128: =OriginalIDP!F113 -> 35.08 | I128: =OriginalIDP!G113 -> 31.0825 | J128: =OriginalIDP!H113 -> -3.9975 | K128: =(OriginalOT!AA9+OriginalOT!AB9)/2 -> 0 | L128: =(OriginalOT!AA7+OriginalOT!AB7)/2 -> 0 | N128: =AVERAGE(H128,H156,H183,H210,H237,H264,H291) -> 31.110417 | O128: =AVERAGE(I128,I156,I183,I210,I237,I264,I291) -> 33.789583
G129: 0.5 | H129: =OriginalIDP!F114 -> 35.215 | I129: =OriginalIDP!G114 -> 31.7475 | J129: =OriginalIDP!H114 -> -3.4675 | K129: =(OriginalOT!AC9+OriginalOT!AD9)/2 -> 0 | L129: =(OriginalOT!AC7+OriginalOT!AD7)/2 -> 0 | N129: =AVERAGE(H129,H157,H184,H211,H238,H265,H292) -> 32.685833 | O129: =AVERAGE(I129,I157,I184,I211,I238,I265,I292) -> 32.97125
G130: 0.54166667 | H130: =OriginalIDP!F115 -> 38.2125 | I130: =OriginalIDP!G115 -> 30.9175 | J130: =OriginalIDP!H115 -> -7.295 | K130: =(OriginalOT!AE9+OriginalOT!AF9)/2 -> 0 | L130: =(OriginalOT!AE7+OriginalOT!AF7)/2 -> 0
G131: 0.58333333 | H131: =OriginalIDP!F116 -> 36.9375 | I131: =OriginalIDP!G116 -> 31.835 | J131: =OriginalIDP!H116 -> -5.1025 | K131: =(OriginalOT!AG9+OriginalOT!AH9)/2 -> 0 | L131: =(OriginalOT!AG7+OriginalOT!AH7)/2 -> 0
G132: 0.625 | H132: =OriginalIDP!F117 -> 27.83 | I132: =OriginalIDP!G117 -> 29.665 | J132: =OriginalIDP!H117 -> 1.835 | K132: =(OriginalOT!AI9+OriginalOT!AJ9)/2 -> 0 | L132: =(OriginalOT!AI7+OriginalOT!AJ7)/2 -> 0
G133: 0.66666667 | H133: =OriginalIDP!F118 -> 30.89 | I133: =OriginalIDP!G118 -> 26.1675 | J133: =OriginalIDP!H118 -> -4.7225 | K133: =(OriginalOT!AK9+OriginalOT!AL9)/2 -> 0 | L133: =(OriginalOT!AK7+OriginalOT!AL7)/2 -> 0
G134: 0.70833333 | H134: =OriginalIDP!F119 -> 28.605 | I134: =OriginalIDP!G119 -> 30.6675 | J134: =OriginalIDP!H119 -> 2.0625 | K134: =(OriginalOT!AM9+OriginalOT!AN9)/2 -> 0 | L134: =(OriginalOT!AM7+OriginalOT!AN7)/2 -> 0
G135: 0.75 | H135: =OriginalIDP!F120 -> 32.56 | I135: =OriginalIDP!G120 -> 28.8325 | J135: =OriginalIDP!H120 -> -3.7275 | K135: =(OriginalOT!AO9+OriginalOT!AP9)/2 -> 0 | L135: =(OriginalOT!AO7+OriginalOT!AP7)/2 -> 0
G136: 0.79166667 | H136: =OriginalIDP!F121 -> 28.64 | I136: =OriginalIDP!G121 -> 27.415 | J136: =OriginalIDP!H121 -> -1.225 | K136: =(OriginalOT!AQ9+OriginalOT!AR9)/2 -> 0 | L136: =(OriginalOT!AQ7+OriginalOT!AR7)/2 -> 0
G137: 0.83333333 | H137: =OriginalIDP!F122 -> 25.62 | I137: =OriginalIDP!G122 -> 26.8325 | J137: =OriginalIDP!H122 -> 1.2125 | K137: =(OriginalOT!AS9+OriginalOT!AT9)/2 -> 0 | L137: =(OriginalOT!AS7+OriginalOT!AT7)/2 -> 0
G138: 0.875 | H138: =OriginalIDP!F123 -> 19.1 | I138: =OriginalIDP!G123 -> 21.08 | J138: =OriginalIDP!H123 -> 1.98 | K138: =(OriginalOT!AU9+OriginalOT!AV9)/2 -> 0 | L138: =(OriginalOT!AU7+OriginalOT!AV7)/2 -> 0
...

Sheet Stats History
A1: Timestamp | B1: SVL | C1: ACK
A2: 46018.291 | B2: 0 | C2: 0
A3: 46018.293 | B3: 84 | C3: 38
A4: 46018.317 | B4: 85 | C4: 36
A5: 46018.319 | B5: 94 | C5: 27
A6: 46018.319 | B6: 94 | C6: 27
A7: 46018.321 | B7: 94 | C7: 30
A8: 46018.322 | B8: 94 | C8: 30
A9: 46018.322 | B9: 94 | C9: 30
A10: 46018.324 | B10: 94 | C10: 30
A11: 46018.326 | B11: 94 | C11: 30
A12: 46018.33 | B12: 90 | C12: 30
A13: 46020.071 | B13: 96 | C13: 2
... A15: 46021.064 | B15: 95 | C15: 7

Sheet Status_Overrides
A1: Timestamp | B1: Agent Name | C1: Role | D1: Absent Type | E1: DateStr
A2: 46018.272 | B2: Lawrence Wong | C2: SAFE | E2: 46018
A3: 46019.217 | B3: Myriam Ouchchane | E3: 46019
A4: 46019.217 | B4: Jessica Popovic | C4: SAFE | E4: 46019
A5: 46019.244 | B5: Manpreet Kaur | C5: SAFE | E5: 46019
A6: 46019.244 | B6: Mohamed El Ghanjawi | C6: ICL | E6: 46019
A7: 46019.244 | B7: Oussama Ouahbi | C7: ICL | E7: 46019
A8: 46019.244 | B8: Abdelmalek Aboul-Hilal | C8: ICL | E8: 46019
A9: 46020.174 | B9: Lawrence Wong | C9: SAFE | E9: 46020
A10: 46020.174 | B10: Jessica Popovic | E10: 46020
A11: 46021.047 | B11: Oussama Ouahbi | C11: ICL | E11: 46021
A12: 46021.05 | B12: Hicham Boutzila | C12: ICL | E12: 46021
A13: 46021.166 | B13: Jessica Popovic | C13: SAFE | E13: 46021
A14: 46029.976 | B14: Carl Carrel Gatore | C14: SAFE | E14: 46029
A15: 46029.976 | B15: Ismail Balla | C15: ICL | E15: 46029
A16: 46030.005 | B16: Carl Carrel Gatore | C16: SAFE | E16: 46030
A17: 46030.006 | B17: Lawrence Wong | C17: SAFE | E17: 46030
A18: 46030.013 | B18: Ismail Balla | C18: Active | E18: 46030
A19: 46030.013 | B19: Abdelmalek Aboul-Hilal | C19: ICL | E19: 46030
A20: 46030.014 | B20: Ilham Elfarik | C20: ICL | E20: 46030
A21: 46030.014 | B21: Jessica Popovic | C21: Active | E21: 46030
A22: 46030.059 | B22: Oussama Ouahbi | C22: ICL | E22: 46030
A23: 46030.067 | B23: Vida Rennie | D23: SICK | E23: 46030

Sheet Team_Scripts
A1: Title | B1: Script Body | C1: Category
A2: Long Call Check | B2: Hi, I noticed you've been on this call for 15+ mins. Do you need supervisor assistance? | C2: Agent Check
A3: Late from Break | B3: Hi, checking in—you're showing as away past your break time. Everything good? | C3: Agent Check
A4: ACW Nudge | B4: Hi, quick check-in on your ACW status. Need any help? | C4: Agent Check
A5: Increased BURG alarms | B5: Hi / Salut @all agents working on outbound☺️ We're seeing an increase in BURG alarms, when you have a moment can you let me know if there are any specific or unusual causes for those alarms please? Nous constatons maintenant une augmentation des alarmes de CAMBRIOLAGE, lorsque vous avez un moment, pouvez-vous me faire savoir s'il existe des causes spécifiques ou inhabituelles pour ces alarmes svp?
A6: Increased INBOUND alarms | B6: Hi / Salut INBOUND agents We've been seeing an increase of inbound call for the past 60 minutes, when you have a moment can you let me know if there are any pattern, specific or unusual causes for the alarms that you've been getting please? If you've noticed more of the following, you can just react with: For tech calls use 🪛 for Weather use 🌬️ Client mistake or recent arm / close alarms with a 🤦 Related to internet or IC-COMM with a 🛜 No clear reason with a 🦄 Nous avons constaté une augmentation des appels entrant au cours des 60 dernières minutes, lorsque vous avez un moment, pouvez-vous me faire savoir s'il existe des causes spécifiques ou inhabituelles pour les alarmes que vous recevez svp? Si vous avez remarqués plus d'alarmes reliés à ceux-ci, svp répondez avec le émoji qui le représente: Relié a la température avec un 🌬️ Erreur client avec un 🤦 Relié à un IC-COMM ou problème internet avec un 🛜 Sans raison spécifique avec un 🦄 Merci encore de votre excellent travail 🙂
A7: Friendly Reminder // Rappel Amicale (Power failure) | B7: Due to the numerous power outages, if you contact customers regarding this situation, I recommend: Propose, with their agreement, to temporarily put on test the management of power outage-related alarm signals: 4-COMM, 5-SUPF, 7-TRB, 7-TRCF, 8-TPWR, 9-BATT. Set a specific duration for this measure with the customer. This will prevent additional work for us. Thank you 😊 _______________________________________________________________________________ En raison des nombreuses pannes de courant, si vous contactez des clients à ce sujet, je recommande de : Proposer, avec leur accord, de temporairement mettre en test les signaux liés aux pannes : 4-COMM, 5-SUPF, 7-TRB, 7-TRCF, 8-TPWR, 9-BATT. Fixer une durée précise pour cette mesure avec le client. Cela nous évitera du travail supplémentaire. Merci 😊
A8: WINTER strategy | B8: 🎄 STAFFING 🎄 _____ our staffing conditions are _____ On-shore: Planned / Unplanned absences Off-shore: 0 Planned / 0 Unplanned absence ❄️ WEATHER ❄️ There is no scheduled maintenance for today — smooth sleigh rides ahead. 🎁 FOCUS 🎁 🔥LS ULC: We will have agent 📠 ICL: We will rely on offshore agents to run the ICL. 🛟 Life Safety: We will assign LS agents offshore 🛡️ SAFE: We will assign agents who will be set to FIRE ULC ALARM only. | C8: Strategy
A9: Outbound High volume | B9: Hi / Salut @all OUTBOUND agents We've been seeing an increase in Burglary Alarms (BA) for the past 60 minutes, when you have a moment can you let me know if there are any pattern, specific or unusual causes for the alarms that you've been getting please? If you've noticed more of the following, please respond with the following emoji: If related to wind, respond with🍃 If related to rain or snow, respond with ❄️ If related to a customer mistake, please respond with🎅 Related to internet or IC-COMM with a 🛜 No clear reason with a 🤷🏼‍♂️ Thanks as always for your hard work 🙂 Nous avons constaté une augmentation des alarmes D'intrustions (BA) au cours des 60 dernières minutes, lorsque vous avez un moment, pouvez-vous me faire savoir s'il existe des causes spécifiques ou inhabituelles pour les alarmes que vous recevez svp? Si vous avez remarqués plus d'alarmes reliés à ceux-ci, svp répondez avec le émoji qui le représente: Relié au vent, répondez avec un 🍃 Relié à la neige ou pluie avec un ❄️ Erreur client avec un🎅 Relié à un IC-COMM ou problème internet avec un 🛜 Sans raison spécifique avec un 🤷🏼‍♂️ Merci encore de votre excellent travail 🙂 | C9: General

Sheet System_Notifications
A1: ID | B1: Timestamp | C1: Message | D1: Status | E1: AgentName
A2: 1765525709024 | B2: 46003.117 | C2: Code Emily Ratz as SAFE in IEX | D2: DONE | E2: Emily Ratz
A3: 1765525716039 | B3: 46003.117 | C3: Code Carl Carrel Gatore as SAFE in IEX | D3: DONE | E3: Carl Carrel Gatore
A4: 1765525720582 | B4: 46003.117 | C4: Code Sheila Kenol as SAFE in IEX | D4: DONE | E4: Sheila Kenol
A5: 1765530956449 | B5: 46003.177 | C5: Code Lawrence Wong as SAFE in IEX | D5: DONE | E5: Lawrence Wong
A6: 1765605562837 | B6: 46004.041 | C6: Code Hajar Akherraz as SAFE in IEX | D6: DONE | E6: Hajar Akherraz
A7: 1765605566659 | B7: 46004.041 | C7: Code Hajar Akherraz as Active in IEX | D7: DONE | E7: Hajar Akherraz
A8: 1765605574366 | B8: 46004.041 | C8: Code Myriam Ouchchane as SAFE in IEX | D8: DONE | E8: Myriam Ouchchane
A9: 1765605580687 | B9: 46004.041 | C9: Code Andre Masiero as SAFE in IEX | D9: DONE | E9: Andre Masiero
A10: 1765606930125 | B10: 46004.057 | C10: Code Abdelmalek Aboul-Hilal as ICL in IEX | D10: DONE | E10: Abdelmalek Aboul-Hilal
A11: 1765631985914 | B11: 46004.347 | C11: Code Imad Alati as Breaks Modified in IEX | D11: DONE | E11: Imad Alati
A12: 1765632635452 | B12: 46004.354 | C12: Code Imad Alati as Breaks Modified in IEX | D12: DONE | E12: Imad Alati
A13: 1765632656810 | B13: 46004.354 | C13: Code Imad Alati as Breaks Modified in IEX | D13: DONE | E13: Imad Alati
... A25: 1765979928934 | B25: 46008.374 | C25: Code Diego Armando Carvajal Yiptong as Active in IEX | D25: DONE | E25: Diego Armando Carvajal Yiptong

Sheet Raw Schedule
A1: Agent Name | B1: ID | C1: DateStr | D1: Shift Start | E1: Shift End | F1: Shift Type | G1: Region | H1: Breaks JSON | I1: Role | J1: AbsentType | K1: StartEpoch | L1: EndEpoch
A2: Hamza Aazzaz | B2: 326333 | C2: 46029 | F2: Off | G2: Onshore | H2: []
A3: Hamza Aazzaz | B3: 326333 | C3: 46030 | F3: Off | G3: Onshore | H3: []
A4: Mohammed Abouda | B4: 773560 | C4: 46029 | F4: Off | G4: Onshore | H4: []
A5: Mohammed Abouda | B5: 773560 | C5: 46030 | D5: 0.27083333 | E5: 0.70833333 | F5: Day | G5: Onshore | H5: [{"type":"Break","start":"8:20 AM","end":"8:30 AM"},{"type":"Break","start":"10:50 AM","end":"11:00 AM"},{"type":"Lunch","start":"1:00 PM","end":"1:30 PM"},{"type":"Break","start":"3:20 PM","end":"3:30 PM"}] | K5: 1767871800000 | L5: 1767909600000
A6: Abdelmalek Aboul-Hilal | B6: 321378 | C6: 46029 | D6: 0.98958333 | E6: 0.36458333 | F6: Evening | G6: Offshore | H6: [{"type":"Break","start":"2:00 AM","end":"2:15 AM"},{"type":"Lunch","start":"4:00 AM","end":"5:00 AM"},{"type":"Break","start":"6:45 AM","end":"7:00 AM"}] | K6: 1767847500000 | L6: 1767879900000
A7: Abdelmalek Aboul-Hilal | B7: 321378 | C7: 46030 | D7: 0.98958333 | E7: 0.36458333 | F7: Evening | G7: Offshore | H7: [{"type":"Break","start":"2:00 AM","end":"2:15 AM"},{"type":"Lunch","start":"4:00 AM","end":"5:00 AM"},{"type":"Break","start":"6:30 AM","end":"6:45 AM"}] | K7: 1767933900000 | L7: 1767966300000
A8: Salah-eddine Adib | B8: 330867 | C8: 46029 | D8: 0.875 | E8: 0.25 | F8: Evening | G8: Offshore | H8: [{"type":"Lunch","start":"1:00 AM","end":"2:00 AM"}] | J8: NCNS | K8: 1767837600000 | L8: 1767870000000
A9: Salah-eddine Adib | B9: 330867 | C9: 46030 | D9: 0.875 | E9: 0.25 | F9: Evening | G9: Offshore | H9: [{"type":"Break","start":"11:00 PM","end":"11:15 PM"},{"type":"Lunch","start":"1:00 AM","end":"2:00 AM"},{"type":"Break","start":"3:30 AM","end":"3:45 AM"}] | K9: 1767924000000 | L9: 1767956400000
A10: Othmane Ahmar Lahya | B10: 325808 | C10: 46029 | D10: 0.67708333 | E10: 0.052083333 | F10: Evening | G10: Offshore | H10: [{"type":"Break","start":"6:00 PM","end":"6:15 PM"},{"type":"Lunch","start":"7:45 PM","end":"8:45 PM"},{"type":"Break","start":"10:30 PM","end":"10:45 PM"}] | K10: 1767820500000 | L10: 1767852900000
A11: Othmane Ahmar Lahya | B11: 325808 | C11: 46030 | D11: 0.67708333 | E11: 0.052083333 | F11: Evening | G11: Offshore | H11: [{"type":"Break","start":"6:00 PM","end":"6:15 PM"},{"type":"Lunch","start":"7:45 PM","end":"8:45 PM"},{"type":"Break","start":"10:30 PM","end":"10:45 PM"}] | K11: 1767906900000 | L11: 1767939300000
A12: Nabil Aidoud | B12: 955715 | C12: 46029 | F12: Off | G12: Onshore | H12: []
A13: Nabil Aidoud | B13: 955715 | C13: 46030 | D13: 0.35416667 | E13: 0.77083333 | F13: Day | G13: Onshore | H13: [{"type":"Break","start":"10:50 AM","end":"11:00 AM"},{"type":"Break","start":"12:30 PM","end":"12:40 PM"},{"type":"Break","start":"4:55 PM","end":"5:05 PM"}] | K13: 1767879000000 | L13: 1767915000000
A14: Kawtar Ajdaa | B14: 358028 | C14: 46029 | D14: 0.73958333 | E14: 0.11458333 | F14: Evening | G14: Offshore | H14: [{"type":"Break","start":"8:15 PM","end":"8:30 PM"},{"type":"Lunch","start":"10:00 PM","end":"11:00 PM"},{"type":"Break","start":"12:45 AM","end":"1:00 AM"}] | K14: 1767825900000 | L14: 1767858300000
A15: Kawtar Ajdaa | B15: 358028 | C15: 46030 | D15: 0.73958333 | E15: 0.11458333 | F15: Evening | G15: Offshore | H15: [{"type":"Break","start":"8:00 PM","end":"8:15 PM"},{"type":"Lunch","start":"9:45 PM","end":"10:45 PM"},{"type":"Break","start":"12:45 AM","end":"1:00 AM"}] | K15: 1767912300000 | L15: 1767944700000
A16: Hajar Akherraz | B16: 996872 | C16: 46029 | F16: Off | G16: Onshore | H16: []
A17: Hajar Akherraz | B17: 996872 | C17: 46030 | D17: 0.89583333 | E17: 0.27083333 | F17: Evening | G17: Onshore | H17: [{"type":"Break","start":"11:30 PM","end":"11:45 PM"},{"type":"Lunch","start":"2:00 AM","end":"2:30 AM"},{"type":"Break","start":"4:15 AM","end":"4:30 AM"}] | K17: 1767925800000 | L17: 1767958200000
A18: Imad Alati | B18: 374349 | C18: 46029 | D18: 0.16666667 | E18: 0.16666667 | F18: Day | G18: Offshore | H18: [] | J18: SICK | K18: 1767776400000 | L18: 1767776400000
A19: Imad Alati | B19: 374349 | C19: 46030 | F19: Off | G19: Onshore | H19: []
A20: Marouane Anniba | B20: 359012 | C20: 46029 | D20: 0.375 | E20: 0.70833333 | F20: Day | G20: Offshore | H20: [{"type":"Break","start":"10:45 AM","end":"11:00 AM"},{"type":"Lunch","start":"12:30 PM","end":"1:00 PM"},{"type":"Break","start":"3:15 PM","end":"3:30 PM"}] | J20: TRAINING | K20: 1767794400000 | L20: 1767823200000
A21: Marouane Anniba | B21: 359012 | C21: 46030 | D21: 0.375 | E21: 0.70833333 | F21: Day | G21: Offshore | H21: [{"type":"Break","start":"10:45 AM","end":"11:00 AM"},{"type":"Lunch","start":"12:30 PM","end":"1:00 PM"},{"type":"Break","start":"3:15 PM","end":"3:30 PM"}] | J21: TRAINING | K21: 1767880800000 | L21: 1767909600000
A22: Mohamed Anounou | B22: 325788 | C22: 46029 | D22: 0.36458333 | E22: 0.73958333 | F22: Day | G22: Offshore | H22: [{"type":"Break","start":"10:30 AM","end":"10:45 AM"},{"type":"Lunch","start":"12:30 PM","end":"1:30 PM"},{"type":"Break","start":"3:00 PM","end":"3:15 PM"}] | K22: 1767793500000 | L22: 1767825900000
A23: Mohamed Anounou | B23: 325788 | C23: 46030 | D23: 0.36458333 | E23: 0.73958333 | F23: Day | G23: Offshore | H23: [{"type":"Break","start":"10:45 AM","end":"11:00 AM"},{"type":"Lunch","start":"12:15 PM","end":"1:15 PM"},{"type":"Break","start":"3:00 PM","end":"3:15 PM"}] | K23: 1767879900000 | L23: 1767912300000
A24: Lester Aquilario | B24: 988376 | C24: 46029 | D24: 0.4375 | E24: 0.8125 | F24: Day | G24: Onshore | H24: [] | K24: 1767799800000 | L24: 1767832200000
A25: Lester Aquilario | B25: 988376 | C25: 46030 | D25: 0.4375 | E25: 0.8125 | F25: Day | G25: Onshore | H25: [{"type":"Break","start":"12:15 PM","end":"12:30 PM"},{"type":"Lunch","start":"3:00 PM","end":"3:30 PM"},{"type":"Break","start":"5:30 PM","end":"5:45 PM"},{"type":"Break","start":"1:00 PM","end":"1:15 PM"},{"type":"Lunch","start":"3:00 PM","end":"3:30 PM"},{"type":"Break","start":"5:30 PM","end":"5:45 PM"}] | K25: 1767886200000 | L25: 1767918600000
A26: Dominic Audet | B26: 996384 | C26: 46029 | D26: 0.72916667 | E26: 0.083333333 | F26: Evening | G26: Onshore | H26: [{"type":"Break","start":"7:30 PM","end":"7:45 PM"},{"type":"Break","start":"12:00 AM","end":"12:15 AM"}] | K26: 1767825000000 | L26: 1767855600000
A27: Dominic Audet | B27: 996384 | C27: 46030 | F27: Off | G27: Onshore | H27: []
A28: Adrien Auger | B28: 973054 | C28: 46029 | D28: 0.73958333 | E28: 0.17708333 | F28: Evening | G28: Onshore | H28: [{"type":"Break","start":"7:45 PM","end":"7:55 PM"},{"type":"Break","start":"9:45 PM","end":"9:55 PM"},{"type":"Lunch","start":"11:45 PM","end":"12:15 AM"},{"type":"Break","start":"2:20 AM","end":"2:30 AM"}] | K28: 1767825900000 | L28: 1767863700000
A29: Adrien Auger | B29: 973054 | C29: 46030 | F29: Off | G29: Onshore | H29: []
A30: Jean-Gabriel Baisi | B30: 773726 | C30: 46029 | D30: 0.375 | E30: 0.8125 | F30: Day | G30: Onshore | H30: [{"type":"Break","start":"11:30 AM","end":"11:40 AM"},{"type":"Break","start":"1:30 PM","end":"1:40 PM"},{"type":"Lunch","start":"3:15 PM","end":"3:45 PM"},{"type":"Break","start":"5:25 PM","end":"5:35 PM"}] | K30: 1767794400000 | L30: 1767832200000
A31: Jean-Gabriel Baisi | B31: 773726 | C31: 46030 | F31: Off | G31: Onshore | H31: []
A32: Ismail Balla | B32: 321377 | C32: 46029 | D32: 0.625 | E32: 0 | F32: Evening | G32: Offshore | H32: [{"type":"Break","start":"5:15 PM","end":"5:30 PM"},{"type":"Lunch","start":"7:15 PM","end":"8:15 PM"},{"type":"Break","start":"9:45 PM","end":"10:00 PM"}] | K32: 1767816000000 | L32: 1767848400000
A33: Ismail Balla | B33: 321377 | C33: 46030 | D33: 0.625 | E33: 0 | F33: Evening | G33: Offshore | H33: [{"type":"Break","start":"5:15 PM","end":"5:30 PM"},{"type":"Lunch","start":"7:15 PM","end":"8:15 PM"},{"type":"Break","start":"9:45 PM","end":"10:00 PM"}] | K33: 1767902400000 | L33: 1767934800000
A34: Soufiane Bari | B34: 385485 | C34: 46029 | D34: 0.97916667 | E34: 0.35416667 | F34: Evening | G34: Offshore | H34: [{"type":"Break","start":"1:45 AM","end":"2:00 AM"},{"type":"Lunch","start":"3:30 AM","end":"4:30 AM"},{"type":"Break","start":"6:30 AM","end":"6:45 AM"}] | K34: 1767846600000 | L34: 1767879000000
A35: Soufiane Bari | B35: 385485 | C35: 46030 | F35: Off | G35: Onshore | H35: []
A36: Anass Barrodi | B36: 323620 | C36: 46029 | D36: 0.71875 | E36: 0.09375 | F36: Evening | G36: Offshore | H36: [{"type":"Break","start":"7:00 PM","end":"7:15 PM"},{"type":"Lunch","start":"9:15 PM","end":"10:15 PM"},{"type":"Break","start":"12:00 AM","end":"12:15 AM"}] | K36: 1767824100000 | L36: 1767856500000
A37: Anass Barrodi | B37: 323620 | C37: 46030 | D37: 0.71875 | E37: 0.09375 | F37: Evening | G37: Offshore | H37: [{"type":"Break","start":"7:00 PM","end":"7:15 PM"},{"type":"Lunch","start":"9:15 PM","end":"10:15 PM"},{"type":"Break","start":"12:00 AM","end":"12:15 AM"}] | K37: 1767910500000 | L37: 1767942900000
A38: Mohamed Behate | B38: 323447 | C38: 46029 | D38: 0.44791667 | E38: 0.82291667 | F38: Day | G38: Offshore | H38: [{"type":"Break","start":"12:40 PM","end":"12:55 PM"},{"type":"Lunch","start":"2:45 PM","end":"3:45 PM"},{"type":"Break","start":"5:15 PM","end":"5:30 PM"}] | J38: NCNS | K38: 1767800700000 | L38: 1767833100000
A39: Mohamed Behate | B39: 323447 | C39: 46030 | D39: 0.44791667 | E39: 0.82291667 | F39: Day | G39: Onshore | H39: [] | K39: 1767887100000 | L39: 1767919500000
A40: Safae Benmouna | B40: 385480 | C40: 46029 | D40: 0.6875 | E40: 0.0625 | F40: Evening | G40: Offshore | H40: [{"type":"Break","start":"6:30 PM","end":"6:45 PM"},{"type":"Lunch","start":"8:15 PM","end":"9:15 PM"},{"type":"Break","start":"11:00 PM","end":"11:15 PM"}] | K40: 1767821400000 | L40: 1767853800000
A41: Safae Benmouna | B41: 385480 | C41: 46030 | F41: Off | G41: Onshore | H41: []
A42: Mohammed Bennani | B42: 321327 | C42: 46029 | D42: 0.041666667 | E42: 0.41666667 | F42: Day | G42: Offshore | H42: [{"type":"Lunch","start":"5:00 AM","end":"6:00 AM"},{"type":"Break","start":"8:00 AM","end":"8:15 AM"}] | J42: NCNS | K42: 1767765600000 | L42: 1767798000000
A43: Mohammed Bennani | B43: 321327 | C43: 46030 | D43: 0.041666667 | E43: 0.41666667 | F43: Day | G43: Offshore | H43: [{"type":"Break","start":"2:45 AM","end":"3:00 AM"},{"type":"Lunch","start":"5:00 AM","end":"6:00 AM"},{"type":"Break","start":"8:15 AM","end":"8:30 AM"}] | K43: 1767852000000 | L43: 1767884400000
A44: France Bercier | B44: 956514 | C44: 46029 | D44: 0.33333333 | E44: 0.75 | F44: Day | G44: Onshore | H44: [{"type":"Break","start":"10:10 AM","end":"10:20 AM"},{"type":"Break","start":"12:10 PM","end":"12:20 PM"},{"type":"Break","start":"4:25 PM","end":"4:35 PM"}] | K44: 1767790800000 | L44: 1767826800000
A45: France Bercier | B45: 956514 | C45: 46030 | F45: Off | G45: Onshore | H45: []
A46: Valerie Bjorn | B46: 973058 | C46: 46029 | D46: 0.79166667 | E46: 0.16666667 | F46: Evening | G46: Onshore | H46: [{"type":"Break","start":"9:00 PM","end":"9:15 PM"}] | K46: 1767830400000 | L46: 1767862800000
A47: Valerie Bjorn | B47: 973058 | C47: 46030 | F47: Off | G47: Onshore | H47: [{"type":"Lunch","start":"11:00 PM","end":"11:30 PM"},{"type":"Break","start":"2:00 AM","end":"2:15 AM"}]
A48: Ronadell Borromeo | B48: 956358 | C48: 46029 | D48: 0.35416667 | E48: 0.70833333 | F48: Day | G48: Onshore | H48: [{"type":"Break","start":"10:30 AM","end":"10:45 AM"},{"type":"Break","start":"2:45 PM","end":"3:00 PM"}] | K48: 1767792600000 | L48: 1767823200000
A49: Ronadell Borromeo | B49: 956358 | C49: 46030 | F49: Off | G49: Onshore | H49: []
A50: Abdelmawla Bouamer | B50: 323438 | C50: 46029 | F50: Off | G50: Onshore | H50: []
A51: Abdelmawla Bouamer | B51: 323438 | C51: 46030 | D51: 0.17708333 | E51: 0.55208333 | F51: Day | G51: Offshore | H51: [{"type":"Break","start":"6:00 AM","end":"6:15 AM"},{"type":"Lunch","start":"7:45 AM","end":"8:45 AM"},{"type":"Break","start":"10:30 AM","end":"10:45 AM"}] | K51: 1767863700000 | L51: 1767896100000
A52: Mehdi Boulaziz | B52: 374348 | C52: 46029 | D52: 0.41666667 | E52: 0.79166667 | F52: Day | G52: Offshore | H52: [{"type":"Break","start":"12:15 PM","end":"12:30 PM"},{"type":"Lunch","start":"2:00 PM","end":"3:00 PM"},{"type":"Break","start":"4:30 PM","end":"4:45 PM"}] | K52: 1767798000000 | L52: 1767830400000
A53: Mehdi Boulaziz | B53: 374348 | C53: 46030 | D53: 0.41666667 | E53: 0.79166667 | F53: Day | G53: Offshore | H53: [{"type":"Break","start":"12:00 PM","end":"12:15 PM"},{"type":"Lunch","start":"2:00 PM","end":"3:00 PM"},{"type":"Break","start":"4:30 PM","end":"4:45 PM"}] | K53: 1767884400000 | L53: 1767916800000
A54: Youssef Bourijal | B54: 323449 | C54: 46029 | F54: Off | G54: Onshore | H54: []
A55: Youssef Bourijal | B55: 323449 | C55: 46030 | D55: 0.54166667 | E55: 0.91666667 | F55: Day | G55: Offshore | H55: [{"type":"Break","start":"3:15 PM","end":"3:30 PM"},{"type":"Lunch","start":"5:15 PM","end":"6:15 PM"},{"type":"Break","start":"7:45 PM","end":"8:00 PM"}] | K55: 1767895200000 | L55: 1767927600000
A56: Hicham Boutzila | B56: 325781 | C56: 46029 | F56: Off | G56: Onshore | H56: []
A57: Hicham Boutzila | B57: 325781 | C57: 46030 | D57: 0.96875 | E57: 0.34375 | F57: Evening | G57: Offshore | H57: [{"type":"Break","start":"1:15 AM","end":"1:30 AM"},{"type":"Lunch","start":"3:00 AM","end":"4:00 AM"},{"type":"Break","start":"5:30 AM","end":"5:45 AM"}] | K57: 1767932100000 | L57: 1767964500000
A58: Stevenson Calanza | B58: 955759 | C58: 46029 | F58: Off | G58: Onshore | H58: []
A59: Stevenson Calanza | B59: 955759 | C59: 46030 | D59: 0.41666667 | E59: 0.85416667 | F59: Day | G59: Onshore | H59: [{"type":"Break","start":"12:00 PM","end":"12:10 PM"},{"type":"Break","start":"2:00 PM","end":"2:10 PM"},{"type":"Lunch","start":"4:00 PM","end":"4:30 PM"},{"type":"Break","start":"6:45 PM","end":"6:55 PM"}] | K59: 1767884400000 | L59: 1767922200000
A60: Diego Armando Carvajal Yiptong | B60: 955811 | C60: 46029 | D60: 0.3125 | E60: 0.66666667 | F60: Day | G60: Onshore | H60: [{"type":"Break","start":"9:30 AM","end":"9:45 AM"},{"type":"Break","start":"1:30 PM","end":"1:45 PM"}] | K60: 1767789000000 | L60: 1767819600000
A61: Diego Armando Carvajal Yiptong | B61: 955811 | C61: 46030 | F61: Off | G61: Onshore | H61: []
A62: Deyanira Cerdas Calvo | B62: 956355 | C62: 46029 | F62: Off | G62: Onshore | H62: []
A63: Deyanira Cerdas Calvo | B63: 956355 | C63: 46030 | F63: Off | G63: Onshore | H63: []
A64: Chaimae Ech Chafy | B64: 374342 | C64: 46029 | F64: Off | G64: Onshore | H64: []
A65: Chaimae Ech Chafy | B65: 374342 | C65: 46030 | D65: 0.375 | E65: 0.75 | F65: Day | G65: Offshore | H65: [{"type":"Break","start":"11:00 AM","end":"11:15 AM"},{"type":"Lunch","start":"12:30 PM","end":"1:30 PM"},{"type":"Break","start":"3:15 PM","end":"3:30 PM"}] | K65: 1767880800000 | L65: 1767913200000
A66: Chinda Chan | B66: 766860 | C66: 46029 | D66: 0.041666667 | E66: 0.47916667 | F66: Day | G66: Onshore | H66: [{"type":"Break","start":"3:20 AM","end":"3:30 AM"},{"type":"Break","start":"5:20 AM","end":"5:30 AM"},{"type":"Lunch","start":"7:30 AM","end":"8:00 AM"},{"type":"Break","start":"9:45 AM","end":"9:55 AM"}] | K66: 1767765600000 | L66: 1767803400000
A67: Chinda Chan | B67: 766860 | C67: 46030 | F67: Off | G67: Onshore | H67: []
A68: Ilyass Chawki | B68: 323442 | C68: 46029 | F68: Off | G68: Onshore | H68: []
A69: Ilyass Chawki | B69: 323442 | C69: 46030 | F69: Off | G69: Onshore | H69: []
A70: Jagpreet Cheema | B70: 981964 | C70: 46029 | F70: Off | G70: Onshore | H70: []
A71: Jagpreet Cheema | B71: 981964 | C71: 46030 | F71: Off | G71: Onshore | H71: []
A72: William Chenard | B72: 995563 | C72: 46029 | D72: 0.25 | E72: 0.25 | F72: Day | G72: Onshore | H72: [] | J72: SICK | K72: 1767783600000 | L72: 1767783600000
A73: William Chenard | B73: 995563 | C73: 46030 | D73: 0.25 | E73: 0.60416667 | F73: Day | G73: Onshore | H73: [{"type":"Break","start":"7:45 AM","end":"8:00 AM"},{"type":"Break","start":"12:30 PM","end":"12:45 PM"}] | K73: 1767870000000 | L73: 1767900600000
A74: Hakim Chibane | B74: 992448 | C74: 46029 | D74: 0.60416667 | E74: 0.97916667 | F74: Evening | G74: Onshore | H74: [{"type":"Break","start":"4:30 PM","end":"4:45 PM"},{"type":"Lunch","start":"6:30 PM","end":"7:00 PM"},{"type":"Break","start":"9:00 PM","end":"9:15 PM"}] | K74: 1767814200000 | L74: 1767846600000
A75: Hakim Chibane | B75: 992448 | C75: 46030 | D75: 0.375 | E75: 0.75 | F75: Day | G75: Onshore | H75: [{"type":"Break","start":"11:30 AM","end":"11:45 AM"},{"type":"Lunch","start":"1:15 PM","end":"1:45 PM"},{"type":"Break","start":"3:15 PM","end":"3:30 PM"}] | J75: TRAINING | K75: 1767880800000 | L75: 1767913200000
A76: Francesca Constant | B76: 992326 | C76: 46029 | F76: Off | G76: Onshore | H76: []
A77: Francesca Constant | B77: 992326 | C77: 46030 | D77: 0.25 | E77: 0.60416667 | F77: Day | G77: Onshore | H77: [{"type":"Break","start":"7:45 AM","end":"8:00 AM"},{"type":"Break","start":"12:15 PM","end":"12:30 PM"}] | K77: 1767870000000 | L77: 1767900600000
A78: Senami Patrick Dansou | B78: 955704 | C78: 46029 | F78: Off | G78: Onshore | H78: []
A79: Senami Patrick Dansou | B79: 955704 | C79: 46030 | F79: Off | G79: Onshore | H79: []
A80: Wildile Dazulme | B80: 766947 | C80: 46029 | D80: 0.91666667 | E80: 0.29166667 | F80: Evening | G80: Onshore | H80: [{"type":"Break","start":"12:00 AM","end":"12:15 AM"},{"type":"Lunch","start":"2:30 AM","end":"3:00 AM"},{"type":"Break","start":"4:45 AM","end":"5:00 AM"}] | K80: 1767841200000 | L80: 1767873600000
A81: Wildile Dazulme | B81: 766947 | C81: 46030 | D81: 0.91666667 | E81: 0.29166667 | F81: Evening | G81: Onshore | H81: [{"type":"Break","start":"12:00 AM","end":"12:15 AM"},{"type":"Lunch","start":"2:00 AM","end":"2:30 AM"}] | K81: 1767927600000 | L81: 1767960000000
A82: Roxanne Denis | B82: 766972 | C82: 46029 | D82: 0.95833333 | E82: 0.15625 | F82: Evening | G82: Onshore | H82: [{"type":"Break","start":"1:30 AM","end":"1:45 AM"},{"type":"Lunch","start":"3:15 AM","end":"3:45 AM"}] | J82: SICK | K82: 1767844800000 | L82: 1767861900000
A83: Roxanne Denis | B83: 766972 | C83: 46030 | D83: 0.95833333 | E83: 0.15625 | F83: Evening | G83: Onshore | H83: [{"type":"Break","start":"1:30 AM","end":"1:45 AM"},{"type":"Lunch","start":"3:15 AM","end":"3:45 AM"}] | J83: SICK | K83: 1767931200000 | L83: 1767948300000
A84: Lucie Desjardins | B84: 956365 | C84: 46029 | D84: 0.25 | E84: 0.54166667 | F84: Day | G84: Onshore | H84: [{"type":"Break","start":"7:30 AM","end":"7:45 AM"},{"type":"Break","start":"11:15 AM","end":"11:30 AM"}] | K84: 1767783600000 | L84: 1767808800000
A85: Lucie Desjardins | B85: 956365 | C85: 46030 | D85: 0.25 | E85: 0.54166667 | F85: Day | G85: Onshore | H85: [{"type":"Break","start":"7:30 AM","end":"7:45 AM"},{"type":"Break","start":"11:15 AM","end":"11:30 AM"}] | K85: 1767870000000 | L85: 1767895200000
A86: Donato Di Tullio | B86: 773558 | C86: 46029 | F86: Off | G86: Onshore | H86: []
A87: Donato Di Tullio | B87: 773558 | C87: 46030 | D87: 0.625 | E87: 0 | F87: Evening | G87: Onshore | H87: [{"type":"Break","start":"4:45 PM","end":"5:00 PM"},{"type":"Lunch","start":"7:00 PM","end":"7:30 PM"},{"type":"Break","start":"9:30 PM","end":"9:45 PM"}] | K87: 1767902400000 | L87: 1767934800000
A88: Ndiakhate Diaw | B88: 385497 | C88: 46029 | D88: 0.73958333 | E88: 0.73958333 | F88: Evening | G88: Offshore | H88: [] | J88: VACATION | K88: 1767825900000 | L88: 1767825900000
A89: Ndiakhate Diaw | B89: 385497 | C89: 46030 | D89: 0.73958333 | E89: 0.11458333 | F89: Evening | G89: Offshore | H89: [{"type":"Break","start":"7:45 PM","end":"8:00 PM"},{"type":"Lunch","start":"9:30 PM","end":"10:30 PM"},{"type":"Break","start":"12:30 AM","end":"12:45 AM"}] | K89: 1767912300000 | L89: 1767944700000
A90: Rejeanne Doiron | B90: 960871 | C90: 46029 | F90: Off | G90: Onshore | H90: []
A91: Rejeanne Doiron | B91: 960871 | C91: 46030 | D91: 0.66666667 | E91: 0.66666667 | F91: Evening | G91: Onshore | H91: [] | J91: VACATION | K91: 1767906000000 | L91: 1767906000000
A92: Abdoulaye Drame | B92: 773665 | C92: 46029 | D92: 0.66666667 | E92: 0.10416667 | F92: Evening | G92: Onshore | H92: [{"type":"Break","start":"6:15 PM","end":"6:25 PM"},{"type":"Break","start":"8:15 PM","end":"8:25 PM"},{"type":"Lunch","start":"10:15 PM","end":"10:45 PM"},{"type":"Break","start":"12:25 AM","end":"12:35 AM"}] | K92: 1767819600000 | L92: 1767857400000
A93: Abdoulaye Drame | B93: 773665 | C93: 46030 | F93: Off | G93: Onshore | H93: []
A94: Joanie Dupuis | B94: 956521 | C94: 46029 | F94: Off | G94: Onshore | H94: []
A95: Joanie Dupuis | B95: 956521 | C95: 46030 | F95: Off | G95: Onshore | H95: []
A96: Mohamed El Ghanjawi | B96: 321321 | C96: 46029 | D96: 0.041666667 | E96: 0.41666667 | F96: Day | G96: Offshore | H96: [{"type":"Break","start":"3:00 AM","end":"3:15 AM"},{"type":"Lunch","start":"5:25 AM","end":"6:25 AM"},{"type":"Break","start":"7:45 AM","end":"8:00 AM"}] | K96: 1767765600000 | L96: 1767798000000
A97: Mohamed El Ghanjawi | B97: 321321 | C97: 46030 | D97: 0.041666667 | E97: 0.041666667 | F97: Day | G97: Offshore | H97: [] | J97: VACATION | K97: 1767852000000 | L97: 1767852000000
A98: Hamza El Hafsi | B98: 996928 | C98: 46029 | F98: Off | G98: Onshore | H98: []
A99: Hamza El Hafsi | B99: 996928 | C99: 46030 | F99: Off | G99: Onshore | H99: []
A100: Mohamed Amine El Khattabi | B100: 374345 | C100: 46029 | F100: Off | G100: Onshore | H100: []
...

Sheet DB_Volume
A1: Date | B1: Time | C1: Inbound | D1: Outbound | E1: Trend_In | F1: Trend_Out

Sheet DB_WeekStats
A1: Day | B1: Shift | C1: Requirement | D1: Open | E1: Difference

Sheet Sunday
F1: . | G1: . | H1: .
B2: Sunday | E2: ='Week Overview'!C3 -> 45844 | F2: . | G2: . | H2: .
F3: . | G3: . | H3: .
B4: Intraday Service Level Log | G4: Weather Report | O4: Complete Day Data
G5: Key Locations | I5: Wind Night | J5: Wind Day | K5: Wind Even | L5: Notes
G6: Toronto | O6: Alarms Offrd
G7: Ottawa | O7: Alarms Frcst
G8: Calgary | O8: ACK
G9: Edmonton | O9: LAW
G10: Vancouver | O10: Calls Offrd
G11: Prince George | O11: Calls Frcst
G12: Montreal | O12: ASA
G13: Quebec | O13: LCW
B14: Trend Expended | G14: IDP Expanded
B16: Weather Report
B17: Weather Report
I27: MSN Weather login : telusmrc@hotmail.com Pw: mrc68888
B206: Night Shift
B207: NIGHT SHIFT | C207: Daily Resume | G207: IDP Overview | M207: Trend
C208: MRC and Bckup
C209: Weather Alert
C210: Maintenance
C211: Critical Event(s) / Crashes / Anything out of the Ordinary
G221: Coverage
H222: Agent Ability | I222: 0 | J222: 0.041666667 | K222: 0.083333333 | L222: 0.125 | M222: 0.16666667 | N222: 0.20833333 | O222: 0.25
G223: Doesn't take | H223: Inbound French | I223: =CoverageReport!D2 -> 16 | J223: =CoverageReport!E2 -> 16 | K223: =CoverageReport!F2 -> 17 | L223: =CoverageReport!G2 -> 16 | M223: =CoverageReport!H2 -> 17 | N223: =CoverageReport!I2 -> 19 | O223: =CoverageReport!J2 -> 25
G224: into consideration | H224: Inbound English | I224: =CoverageReport!D3 -> 16 | J224: =CoverageReport!E3 -> 18 | K224: =CoverageReport!F3 -> 20 | L224: =CoverageReport!G3 -> 18 | M224: =CoverageReport!H3 -> 17 | N224: =CoverageReport!I3 -> 18 | O224: =CoverageReport!J3 -> 23
G225: - Unplanned Abs. | H225: ULC French | I225: =CoverageReport!D4 -> 13 | J225: =CoverageReport!E4 -> 12 | K225: =CoverageReport!F4 -> 10 | L225: =CoverageReport!G4 -> 9 | M225: =CoverageReport!H4 -> 9 | N225: =CoverageReport!I4 -> 10 | O225: =CoverageReport!J4 -> 13
G226: - Breaks & Lunch | H226: ULC English | I226: =CoverageReport!D5 -> 14 | J226: =CoverageReport!E5 -> 15 | K226: =CoverageReport!F5 -> 14 | L226: =CoverageReport!G5 -> 12 | M226: =CoverageReport!H5 -> 10 | N226: =CoverageReport!I5 -> 9 | O226: =CoverageReport!J5 -> 11
G227: - Last minute coding | H227: SAFE | I227: =CoverageReport!D6 -> 8 | J227: =CoverageReport!E6 -> 9 | K227: =CoverageReport!F6 -> 9 | L227: =CoverageReport!G6 -> 9 | M227: =CoverageReport!H6 -> 8 | N227: =CoverageReport!I6 -> 6 | O227: =CoverageReport!J6 -> 7
H228: Expert | I228: =CoverageReport!D7 -> 7 | J228: =CoverageReport!E7 -> 7 | K228: =CoverageReport!F7 -> 7 | L228: =CoverageReport!G7 -> 7 | M228: =CoverageReport!H7 -> 5 | N228: =CoverageReport!I7 -> 4 | O228: =CoverageReport!J7 -> 5
B230: Absences | D230: Furl.(Hrs) | E230: Stats Update: | G230: LAWs | L230: Service Level
B231: Planned | D231: 0 | E231: 23h00 - 00h00 | F231: =SundayBin!AH3 -> Missing
B232: Unplanned | E232: 01h00 | F232: =SundayBin!AH4 -> Missing
B233: Staffing | D233: Project (Hrs) | E233: 02h00 | F233: =SundayBin!AH5 -> Missing
B234: 00h00-02h00 | C234: =SundayBin!AB2 -> 21.41625 | D234: 0 | E234: 03h00 | F234: =SundayBin!AH6 -> Missing
B235: 02h00-04h00 | C235: =SundayBin!AB3 -> 19.415 | D235: Expanded Notes ? | E235: 04h00 | F235: =SundayBin!AH7 -> Missing
B236: 04h00-06h00 | C236: =SundayBin!AB4 -> 18.741111 | D236: Yes / No | E236: 05h00 | F236: =SundayBin!AH8 -> Missing
B237: 06h00-08h00 | C237: =SundayBin!AB5 -> 27.516667 | E237: 06h00 | F237: =SundayBin!AH9 -> Missing
B239: VVV UNHIDE FOR CHAT LOGS ( USE STAR ICON TO REHIDE ) VVV
B240: =SundayBin!A1 | O240: Stats Update ~ 23h00 - 00h00
B241: =SundayBin!A2 | O241: ACK | P241: =SundayBin!G2
B242: =SundayBin!A3 | O242: ASA | P242: =SundayBin!G3
B243: =SundayBin!A4 | O243: SAFE | P243: =SundayBin!G4
B244: =SundayBin!A5 | O244: SVL Outbound | P244: =SundayBin!G5
B245: =SundayBin!A6 | O245: SVL Inbound | P245: =SundayBin!G6
B246: =SundayBin!A7 | O246: Trends In: | P246: =SundayBin!G7
B247: =SundayBin!A8 | O247: Trends Out: | P247: =SundayBin!G8
B248: =SundayBin!A9 | O248: Delays: | P248: =SundayBin!G9
B249: =SundayBin!A10
B250: =SundayBin!A11 | O250: Notes | P250: =SundayBin!G11
B251: =SundayBin!A12
B252: =SundayBin!A13
B253: =SundayBin!A14
B254: =SundayBin!A15
B255: =SundayBin!A16 | O255: Stats Update ~ 01h00
B256: =SundayBin!A17 | O256: ACK | P256: =SundayBin!G17
B257: =SundayBin!A18 | O257: ASA | P257: =SundayBin!G18
B258: =SundayBin!A19 | O258: SAFE | P258: =SundayBin!G19
B259: =SundayBin!A20 | O259: SVL Outbound | P259: =SundayBin!G20
B260: =SundayBin!A21 | O260: SVL Inbound | P260: =SundayBin!G21
B261: =SundayBin!A22 | O261: Trends In: | P261: =SundayBin!G22
B262: =SundayBin!A23 | O262: Trends Out: | P262: =SundayBin!G23
B263: =SundayBin!A24 | O263: Delays: | P263: =SundayBin!G24
B264: =SundayBin!A25
B265: =SundayBin!A26 | O265: Notes | P265: =SundayBin!G26
B266: =SundayBin!A27
B267: =SundayBin!A28
B268: =SundayBin!A29
B269: =SundayBin!A30
B270: =SundayBin!A31 | O270: Stats Update ~ 02h00
B271: =SundayBin!A32 | O271: ACK | P271: =SundayBin!G32
B272: =SundayBin!A33 | O272: ASA | P272: =SundayBin!G33
B273: =SundayBin!A34 | O273: SAFE | P273: =SundayBin!G34
B274: =SundayBin!A35 | O274: SVL Outbound | P274: =SundayBin!G35
B275: =SundayBin!A36 | O275: SVL Inbound | P275: =SundayBin!G36
B276: =SundayBin!A37 | O276: Trends In: | P276: =SundayBin!G37
B277: =SundayBin!A38 | O277: Trends Out: | P277: =SundayBin!G38
B278: =SundayBin!A39 | O278: Delays: | P278: =SundayBin!G39
B279: =SundayBin!A40
B280: =SundayBin!A41 | O280: Notes | P280: =SundayBin!G41
B281: =SundayBin!A42
B282: =SundayBin!A43
B283: =SundayBin!A44
B284: =SundayBin!A45
B285: =SundayBin!A46 | O285: Stats Update ~ 03h00
B286: =SundayBin!A47 | O286: ACK | P286: =SundayBin!G47
B287: =SundayBin!A48 | O287: ASA | P287: =SundayBin!G48
B288: =SundayBin!A49 | O288: SAFE | P288: =SundayBin!G49
B289: =SundayBin!A50 | O289: SVL Outbound | P289: =SundayBin!G50
B290: =SundayBin!A51 | O290: SVL Inbound | P290: =SundayBin!G51
B291: =SundayBin!A52 | O291: Trends In: | P291: =SundayBin!G52
B292: =SundayBin!A53 | O292: Trends Out: | P292: =SundayBin!G53
B293: =SundayBin!A54 | O293: Delays: | P293: =SundayBin!G54
B294: =SundayBin!A55
B295: =SundayBin!A56 | O295: Notes | P295: =SundayBin!G56
B296: =SundayBin!A57
B297: =SundayBin!A58
B298: =SundayBin!A59
B299: =SundayBin!A60
...

Sheet DB_Templates
A1: Title | B1: Body
A2: Example Template | B2: This is an example.

Sheet SundayBin
F1: Stats Update ~ 23h00 - 00h00 | K1: Stats Update ~ 07h00 - 08h00 | P1: Stats Update ~ 15h00 - 16h00 | W1: 0 | X1: =OriginalIDP!C3 -> 16.43 | Y1: =OriginalIDP!D3 -> 19 | Z1: =OriginalIDP!E3 -> 2.57 | AC1: 0 | AD1: 0 | AE1: 0 | AH1: 0 | AI1: 0
F2: ACK | G2: =J5 | J2: =IFERROR(__xludf.DUMMYFUNCTION("REGEXREPLACE(I2,""(.*)ACK:(.*)"",""$2"")"),"") | K2: ACK | L2: =O5 | O2: =IFERROR(__xludf.DUMMYFUNCTION("REGEXREPLACE(N2,""(.*)ACK:(.*)"",""$2"")"),"") | P2: ACK | Q2: =T5 | T2: =IFERROR(__xludf.DUMMYFUNCTION("REGEXREPLACE(S2,""(.*)ACK:(.*)"",""$2"")"),"") | W2: 0.010416667 | X2: =OriginalIDP!C4 -> 16.77 | Y2: =OriginalIDP!D4 -> 19.33 | Z2: =OriginalIDP!E4 -> 2.56 | AA2: 00h00-02h00 | AB2: =AVERAGE(Y1:Y8) -> 21.41625 | AC2: Time | AD2: Outbound | AE2: Inbound | AF2: Inbound Trend | AG2: Outbound Trend | AI2: Time | AJ2: Outbound | AK2: Inbound | AL2: Inbound Trend | AM2: Outbound Trend | AN2: LAW Lifesafety | AO2: LAW Burglary
F3: ASA | G3: =J6 | J3: =IFERROR(__xludf.DUMMYFUNCTION("REGEXREPLACE(I3,""(.*)SVL OUT:(.*)"",""$2"")"),"") | K3: ASA | L3: =O6 | O3: =IFERROR(__xludf.DUMMYFUNCTION("REGEXREPLACE(N3,""(.*)SVL OUT:(.*)"",""$2"")"),"") | P3: ASA | Q3: =T6 | T3: =IFERROR(__xludf.DUMMYFUNCTION("REGEXREPLACE(S3,""(.*)SVL OUT:(.*)"",""$2"")"),"") | W3: 0.020833333 | X3: =OriginalIDP!C5 -> 14.65 | Y3: =OriginalIDP!D5 -> 21 | Z3: =OriginalIDP!E5 -> 6.35 | AA3: 02h00-04h00 | AB3: =AVERAGE(Y9:Y16) -> 19.415 | AC3: 23h00&00h00 | AD3: =VALUE(G5) -> 0 | AE3: =VALUE(G6) -> 0 | AF3: =VALUE(G7) -> 0 | AG3: =VALUE(G8) -> 0 | AH3: =IF(AD3 =0, "Missing", "Logged") -> Missing | AI3: 23h00&00h00 | AJ3: =IF(AD3<>0, AD3, "") | AK3: =IF(AE3<>0, AE3, "") | AL3: =IF(AF3<>0, AF3, "") | AM3: =IF(AG3<>0, AG3, "") | AN3: =COUNTIFS(AM25:AM224, "Sun", AO25:AO224, "0:00") + COUNTIFS(AM25:AM224, "Sun", AO25:AO224, "0:15") + COUNTIFS(AM25:AM224, "Sun", AO25:AO224, "0:30") + COUNTIFS(AM25:AM224, "Sun", AO25:AO224, "0:45") -> 0 | AO3: =COUNTIFS(AM226:AM1170, "Sun", AO226:AO1170, "0:00") + COUNTIFS(AM226:AM1170, "Sun", AO226:AO1170, "0:15") + COUNTIFS(AM226:AM1170, "Sun", AO226:AO1170, "0:30") + COUNTIFS(AM226:AM1170, "Sun", AO226:AO1170, "0:45") -> 0
F4: SAFE | G4: =J7 | J4: =IFERROR(__xludf.DUMMYFUNCTION("REGEXREPLACE(I4,""(.*)SVL IN:(.*)"",""$2"")"),"") | K4: SAFE | L4: =O7 | O4: =IFERROR(__xludf.DUMMYFUNCTION("REGEXREPLACE(N4,""(.*)SVL IN:(.*)"",""$2"")"),"") | P4: SAFE | Q4: =T7 | T4: =IFERROR(__xludf.DUMMYFUNCTION("REGEXREPLACE(S4,""(.*)SVL IN:(.*)"",""$2"")"),"") | W4: 0.03125 | X4: =OriginalIDP!C6 -> 12.93 | Y4: =OriginalIDP!D6 -> 22 | Z4: =OriginalIDP!E6 -> 9.07 | AA4: 04h00-06h00 | AB4: =AVERAGE(Y16:Y24) -> 18.741111 | AC4: 01h00 | AD4: =VALUE(G20) -> 0 | AE4: =VALUE(G21) -> 0 | AF4: =VALUE(G22) -> 0 | AG4: =VALUE(G23) -> 0 | AH4: =IF(AD4 =0, "Missing", "Logged") -> Missing | AI4: 01h00 | AJ4: =IF(AD4<>0, AD4, "") | AK4: =IF(AE4<>0, AE4, "") | AL4: =IF(AF4<>0, AF4, "") | AM4: =IF(AG4<>0, AG4, "") | AN4: =COUNTIFS(AM25:AM224, "Sun", AO25:AO224, "1:00") + COUNTIFS(AM25:AM224, "Sun", AO25:AO224, "1:15") + COUNTIFS(AM25:AM224, "Sun", AO25:AO224, "1:30") + COUNTIFS(AM25:AM224, "Sun", AO25:AO224, "1:45") -> 0 | AO4: =COUNTIFS(AM226:AM1170, "Sun", AO226:AO1170, "1:00") + COUNTIFS(AM226:AM1170, "Sun", AO226:AO1170, "1:15") + COUNTIFS(AM226:AM1170, "Sun", AO226:AO1170, "1:30") + COUNTIFS(AM226:AM1170, "Sun", AO226:AO1170, "1:45") -> 0
F5: SVL Outbound | G5: =J3 | J5: =IFERROR(__xludf.DUMMYFUNCTION("REGEXREPLACE(I5,""(.*)ACK:(.*)"",""$2"")"),"") | K5: SVL Outbound | L5: =O3 | O5: =IFERROR(__xludf.DUMMYFUNCTION("REGEXREPLACE(N5,""(.*)ACK:(.*)"",""$2"")"),"") | P5: SVL Outbound | Q5: =T3 | T5: =IFERROR(__xludf.DUMMYFUNCTION("REGEXREPLACE(S5,""(.*)ACK:(.*)"",""$2"")"),"") | W5: 0.041666667 | X5: =OriginalIDP!C7 -> 16.05 | Y5: =OriginalIDP!D7 -> 23.67 | Z5: =OriginalIDP!E7 -> 7.62 | AA5: 06h00-08h00 | AB5: =AVERAGE(Y24:Y32) -> 27.516667 | AC5: 02h00 | AD5: =VALUE(G35) -> 0 | AE5: =VALUE(G36) -> 0 | AF5: =VALUE(G37) -> 0 | AG5: =VALUE(G38) -> 0 | AH5: =IF(AD5 =0, "Missing", "Logged") -> Missing | AI5: 02h00 | AJ5: =IF(AD5<>0, AD5, "") | AK5: =IF(AE5<>0, AE5, "") | AL5: =IF(AF5<>0, AF5, "") | AM5: =IF(AG5<>0, AG5, "") | AN5: =COUNTIFS(AM25:AM224, "Sun", AO25:AO224, "2:00") + COUNTIFS(AM25:AM224, "Sun", AO25:AO224, "2:15") + COUNTIFS(AM25:AM224, "Sun", AO25:AO224, "2:30") + COUNTIFS(AM25:AM224, "Sun", AO25:AO224, "2:45") -> 0 | AO5: =COUNTIFS(AM226:AM1170, "Sun", AO226:AO1170, "2:00") + COUNTIFS(AM226:AM1170, "Sun", AO226:AO1170, "2:15") + COUNTIFS(AM226:AM1170, "Sun", AO226:AO1170, "2:30") + COUNTIFS(AM226:AM1170, "Sun", AO226:AO1170, "2:45") -> 0
F6: SVL Inbound | G6: =J4 | J6: =IFERROR(__xludf.DUMMYFUNCTION("REGEXREPLACE(I6,""(.*)ASA:(.*)"",""$2"")"),"") | K6: SVL Inbound | L6: =O4 | O6: =IFERROR(__xludf.DUMMYFUNCTION("REGEXREPLACE(N6,""(.*)ASA:(.*)"",""$2"")"),"") | P6: SVL Inbound | Q6: =T4 | T6: =IFERROR(__xludf.DUMMYFUNCTION("REGEXREPLACE(S6,""(.*)ASA:(.*)"",""$2"")"),"") | W6: 0.052083333 | X6: =OriginalIDP!C8 -> 15.88 | Y6: =OriginalIDP!D8 -> 23 | Z6: =OriginalIDP!E8 -> 7.12 | AC6: 03h00 | AD6: =VALUE(G50) -> 0 | AE6: =VALUE(G51) -> 0 | AF6: =VALUE(G52) -> 0 | AG6: =VALUE(G53) -> 0 | AH6: =IF(AD6 =0, "Missing", "Logged") -> Missing | AI6: 03h00 | AJ6: =IF(AD6<>0, AD6, "") | AK6: =IF(AE6<>0, AE6, "") | AL6: =IF(AF6<>0, AF6, "") | AM6: =IF(AG6<>0, AG6, "") | AN6: =COUNTIFS(AM25:AM224, "Sun", AO25:AO224, "3:00") + COUNTIFS(AM25:AM224, "Sun", AO25:AO224, "3:15") + COUNTIFS(AM25:AM224, "Sun", AO25:AO224, "3:30") + COUNTIFS(AM25:AM224, "Sun", AO25:AO224, "3:45") -> 0 | AO6: =COUNTIFS(AM226:AM1170, "Sun", AO226:AO1170, "3:00") + COUNTIFS(AM226:AM1170, "Sun", AO226:AO1170, "3:15") + COUNTIFS(AM226:AM1170, "Sun", AO226:AO1170, "3:30") + COUNTIFS(AM226:AM1170, "Sun", AO226:AO1170, "3:45") -> 0
F7: Trends In: | G7: =J10 | J7: =IFERROR(__xludf.DUMMYFUNCTION("REGEXREPLACE(I7,""(.*)SAFE:(.*)"",""$2"")"),"") | K7: Trends In: | L7: =O10 | O7: =IFERROR(__xludf.DUMMYFUNCTION("REGEXREPLACE(N7,""(.*)SAFE:(.*)"",""$2"")"),"") | P7: Trends In: | Q7: =T10 | T7: =IFERROR(__xludf.DUMMYFUNCTION("REGEXREPLACE(S7,""(.*)SAFE:(.*)"",""$2"")"),"") | W7: 0.0625 | X7: =OriginalIDP!C9 -> 16.36 | Y7: =OriginalIDP!D9 -> 20.33 | Z7: =OriginalIDP!E9 -> 3.97 | AA7: 08h00-10h00 | AB7: =AVERAGE(Y32:Y39) -> 28.0825 | AC7: 04h00 | AD7: =VALUE(G65) -> 0 | AE7: =VALUE(G66) -> 0 | AF7: =VALUE(G67) -> 0 | AG7: =VALUE(G68) -> 0 | AH7: =IF(AD7 =0, "Missing", "Logged") -> Missing | AI7: 04h00 | AJ7: =IF(AD7<>0, AD7, "") | AK7: =IF(AE7<>0, AE7, "") | AL7: =IF(AF7<>0, AF7, "") | AM7: =IF(AG7<>0, AG7, "") | AN7: =COUNTIFS(AM25:AM224, "Sun", AO25:AO224, "4:00") + COUNTIFS(AM25:AM224, "Sun", AO25:AO224, "4:15") + COUNTIFS(AM25:AM224, "Sun", AO25:AO224, "4:30") + COUNTIFS(AM25:AM224, "Sun", AO25:AO224, "4:45") -> 0 | AO7: =COUNTIFS(AM226:AM1170, "Sun", AO226:AO1170, "4:00") + COUNTIFS(AM226:AM1170, "Sun", AO226:AO1170, "4:15") + COUNTIFS(AM226:AM1170, "Sun", AO226:AO1170, "4:30") + COUNTIFS(AM226:AM1170, "Sun", AO226:AO1170, "4:45") -> 0
F8: Trends Out: | G8: =J11 | J8: =IFERROR(__xludf.DUMMYFUNCTION("REGEXREPLACE(I2,""(.*)DELAYS:(.*)"",""$2"")"),"") | K8: Trends Out: | L8: =O11 | O8: =IFERROR(__xludf.DUMMYFUNCTION("REGEXREPLACE(N2,""(.*)DELAYS:(.*)"",""$2"")"),"") | P8: Trends Out: | Q8: =T11 | T8: =IFERROR(__xludf.DUMMYFUNCTION("REGEXREPLACE(S2,""(.*)DELAYS:(.*)"",""$2"")"),"") | W8: 0.072916667 | X8: =OriginalIDP!C10 -> 13.41 | Y8: =OriginalIDP!D10 -> 23 | Z8: =OriginalIDP!E10 -> 9.59 | AA8: 10h00-11h00 | AB8: =Average(Y39:Y43) -> 24.464 | AC8: 05h00 | AD8: =VALUE(G80) -> 0 | AE8: =VALUE(G81) -> 0 | AF8: =VALUE(G82) -> 0 | AG8: =VALUE(G83) -> 0 | AH8: =IF(AD8 =0, "Missing", "Logged") -> Missing | AI8: 05h00 | AJ8: =IF(AD8<>0, AD8, "") | AK8: =IF(AE8<>0, AE8, "") | AL8: =IF(AF8<>0, AF8, "") | AM8: =IF(AG8<>0, AG8, "") | AN8: =COUNTIFS(AM25:AM224, "Sun", AO25:AO224, "5:00") + COUNTIFS(AM25:AM224, "Sun", AO25:AO224, "5:15") + COUNTIFS(AM25:AM224, "Sun", AO25:AO224, "5:30") + COUNTIFS(AM25:AM224, "Sun", AO25:AO224, "5:45") -> 0 | AO8: =COUNTIFS(AM226:AM1170, "Sun", AO226:AO1170, "5:00") + COUNTIFS(AM226:AM1170, "Sun", AO226:AO1170, "5:15") + COUNTIFS(AM226:AM1170, "Sun", AO226:AO1170, "5:30") + COUNTIFS(AM226:AM1170, "Sun", AO226:AO1170, "5:45") -> 0
F9: Delays: | G9: =J13 | J9: =IF(J52=FALSE,"",LEFT(J46,3)) | K9: Delays: | L9: =O13 | O9: =IF(O52=FALSE,"",LEFT(O46,3)) | P9: Delays: | Q9: =T13 | T9: =IF(T52=FALSE,"",LEFT(T46,3)) | W9: 0.09375 | X9: =OriginalIDP!C12 -> 13.38 | Y9: =OriginalIDP!D12 -> 22.66 | Z9: =OriginalIDP!E12 -> 9.28 | AA9: 11h00-12h00 | AB9: =Average(Y43:Y47) -> 31.132 | AC9: 06h00 | AD9: =VALUE(G95) -> 0 | AE9: =VALUE(G96) -> 0 | AF9: =VALUE(G97) -> 0 | AG9: =VALUE(G98) -> 0 | AH9: =IF(AD9 =0, "Missing", "Logged") -> Missing | AI9: 06h00 | AJ9: =IF(AD9<>0, AD9, "") | AK9: =IF(AE9<>0, AE9, "") | AL9: =IF(AF9<>0, AF9, "") | AM9: =IF(AG9<>0, AG9, "") | AN9: =COUNTIFS(AM25:AM224, "Sun", AO25:AO224, "6:00") + COUNTIFS(AM25:AM224, "Sun", AO25:AO224, "6:15") + COUNTIFS(AM25:AM224, "Sun", AO25:AO224, "6:30") + COUNTIFS(AM25:AM224, "Sun", AO25:AO224, "6:45") -> 0 | AO9: =COUNTIFS(AM226:AM1170, "Sun", AO226:AO1170, "6:00") + COUNTIFS(AM226:AM1170, "Sun", AO226:AO1170, "6:15") + COUNTIFS(AM226:AM1170, "Sun", AO226:AO1170, "6:30") + COUNTIFS(AM226:AM1170, "Sun", AO226:AO1170, "6:45") -> 0
J10: =IFERROR(__xludf.DUMMYFUNCTION("REGEXREPLACE(I10,""(.*)Inbound:(.*)"",""$2"")"),"") | O10: =IFERROR(__xludf.DUMMYFUNCTION("REGEXREPLACE(N10,""(.*)Inbound:(.*)"",""$2"")"),"") | T10: =IFERROR(__xludf.DUMMYFUNCTION("REGEXREPLACE(S10,""(.*)Inbound:(.*)"",""$2"")"),"") | W10: 0.10416667 | X10: =OriginalIDP!C13 -> 14.87 | Y10: =OriginalIDP!D13 -> 19 | Z10: =OriginalIDP!E13 -> 4.13 | AA10: 12h00-14h00 | AB10: =AVERAGE(Y47:Y54) -> 32.8325 | AC10: 07h00&08h00 | AD10: =VALUE(L5) -> 0 | AE10: =VALUE(L6) -> 0 | AF10: =VALUE(L7) -> 0 | AG10: =VALUE(L8) -> 0 | AH10: =IF(AD10 =0, "Missing", "Logged") -> Missing | AI10: 07h00&08h00 | AJ10: =IF(AD10<>0, AD10, "") | AK10: =IF(AE10<>0, AE10, "") | AL10: =IF(AF10<>0, AF10, "") | AM10: =IF(AG10<>0, AG10, "") | AN10: =COUNTIFS(AM25:AM224, "Sun", AO25:AO224, "7:00") + COUNTIFS(AM25:AM224, "Sun", AO25:AO224, "7:15") + COUNTIFS(AM25:AM224, "Sun", AO25:AO224, "7:30") + COUNTIFS(AM25:AM224, "Sun", AO25:AO224, "7:45") + COUNTIFS(AM25:AM224, "Sun", AO25:AO224, "8:00") + COUNTIFS(AM25:AM224, "Sun", AO25:AO224, "8:15") + COUNTIFS(AM25:AM224, "Sun", AO25:AO224, "8:30") + COUNTIFS(AM25:AM224, "Sun", AO25:AO224, "8:45") -> 0 | AO10: =COUNTIFS(AM226:AM1170, "Sun", AO226:AO1170, "7:00") + COUNTIFS(AM226:AM1170, "Sun", AO226:AO1170, "7:15") + COUNTIFS(AM226:AM1170, "Sun", AO226:AO1170, "7:30") + COUNTIFS(AM226:AM1170, "Sun", AO226:AO1170, "7:45") + COUNTIFS(AM226:AM1170, "Sun", AO226:AO1170, "8:00") + COUNTIFS(AM226:AM1170, "Sun", AO226:AO1170, "8:15") + COUNTIFS(AM226:AM1170, "Sun", AO226:AO1170, "8:30") + COUNTIFS(AM226:AM1170, "Sun", AO226:AO1170, "8:45") -> 0
F11: Notes | G11: =J15 | J11: =IFERROR(__xludf.DUMMYFUNCTION("REGEXREPLACE(I11,""(.*)Outbound:(.*)"",""$2"")"),"") | K11: Notes | L11: =O15 | O11: =IFERROR(__xludf.DUMMYFUNCTION("REGEXREPLACE(N11,""(.*)Outbound:(.*)"",""$2"")"),"") | P11: Notes | Q11: =T15 | T11: =IFERROR(__xludf.DUMMYFUNCTION("REGEXREPLACE(S11,""(.*)Outbound:(.*)"",""$2"")"),"") | W11: 0.11458333 | X11: =OriginalIDP!C14 -> 15.83 | Y11: =OriginalIDP!D14 -> 18 | Z11: =OriginalIDP!E14 -> 2.17 | AC11: 09h00 | AD11: =VALUE(L20) -> 0 | AE11: =VALUE(L21) -> 0 | AF11: =VALUE(L22) -> 0 | AG11: =VALUE(L23) -> 0 | AH11: =IF(AD11 =0, "Missing", "Logged") -> Missing | AI11: 09h00 | AJ11: =IF(AD11<>0, AD11, "") | AK11: =IF(AE11<>0, AE11, "") | AL11: =IF(AF11<>0, AF11, "") | AM11: =IF(AG11<>0, AG11, "") | AN11: =COUNTIFS(AM25:AM224, "Sun", AO25:AO224, "9:00") + COUNTIFS(AM25:AM224, "Sun", AO25:AO224, "9:15") + COUNTIFS(AM25:AM224, "Sun", AO25:AO224, "9:30") + COUNTIFS(AM25:AM224, "Sun", AO25:AO224, "9:45") -> 0 | AO11: =COUNTIFS(AM226:AM1170, "Sun", AO226:AO1170, "9:00") + COUNTIFS(AM226:AM1170, "Sun", AO226:AO1170, "9:15") + COUNTIFS(AM226:AM1170, "Sun", AO226:AO1170, "9:30") + COUNTIFS(AM226:AM1170, "Sun", AO226:AO1170, "9:45") -> 0
W12: 0.125 | X12: =OriginalIDP!C15 -> 13.36 | Y12: =OriginalIDP!D15 -> 16.67 | Z12: =OriginalIDP!E15 -> 3.31 | AA12: 16h00-18h00 | AB12: =AVERAGE(Y62:Y69) -> 22.70875 | AC12: 10h00 | AD12: =VALUE(L35) -> 0 | AE12: =VALUE(L36) -> 0 | AF12: =VALUE(L37) -> 0 | AG12: =VALUE(L38) -> 0 | AH12: =IF(AD12 =0, "Missing", "Logged") -> Missing | AI12: 10h00 | AJ12: =IF(AD12<>0, AD12, "") | AK12: =IF(AE12<>0, AE12, "") | AL12: =IF(AF12<>0, AF12, "") | AM12: =IF(AG12<>0, AG12, "") | AN12: =COUNTIFS(AM25:AM224, "Sun", AO25:AO224, "10:00") + COUNTIFS(AM25:AM224, "Sun", AO25:AO224, "10:15") + COUNTIFS(AM25:AM224, "Sun", AO25:AO224, "10:30") + COUNTIFS(AM25:AM224, "Sun", AO25:AO224, "10:45") -> 0 | AO12: =COUNTIFS(AM226:AM1170, "Sun", AO226:AO1170, "10:00") + COUNTIFS(AM226:AM1170, "Sun", AO226:AO1170, "10:15") + COUNTIFS(AM226:AM1170, "Sun", AO226:AO1170, "10:30") + COUNTIFS(AM226:AM1170, "Sun", AO226:AO1170, "10:45") -> 0
J13: =Right(I13,100) | O13: =Right(N13,100) | T13: =Right(S13,100) | W13: 0.13541667 | X13: =OriginalIDP!C16 -> 13.46 | Y13: =OriginalIDP!D16 -> 17.33 | Z13: =OriginalIDP!E16 -> 3.87 | AA13: 18h00-20h00 | AB13: =AVERAGE(Y69:Y77) -> 22.591111 | AC13: 11h00 | AD13: =VALUE(L50) -> 0 | AE13: =VALUE(L51) -> 0 | AF13: =VALUE(L52) -> 0 | AG13: =VALUE(L53) -> 0 | AH13: =IF(AD13 =0, "Missing", "Logged") -> Missing | AI13: 11h00 | AJ13: =IF(AD13<>0, AD13, "") | AK13: =IF(AE13<>0, AE13, "") | AL13: =IF(AF13<>0, AF13, "") | AM13: =IF(AG13<>0, AG13, "") | AN13: =COUNTIFS(AM25:AM224, "Sun", AO25:AO224, "11:00") + COUNTIFS(AM25:AM224, "Sun", AO25:AO224, "11:15") + COUNTIFS(AM25:AM224, "Sun", AO25:AO224, "11:30") + COUNTIFS(AM25:AM224, "Sun", AO25:AO224, "11:45") -> 0 | AO13: =COUNTIFS(AM226:AM1170, "Sun", AO226:AO1170, "11:00") + COUNTIFS(AM226:AM1170, "Sun", AO226:AO1170, "11:15") + COUNTIFS(AM226:AM1170, "Sun", AO226:AO1170, "11:30") + COUNTIFS(AM226:AM1170, "Sun", AO226:AO1170, "11:45") -> 0
W14: 0.14583333 | X14: =OriginalIDP!C17 -> 22.56 | Y14: =OriginalIDP!D17 -> 22.33 | Z14: =OriginalIDP!E17 -> -0.23 | AA14: 20h00-22h00 | AB14: =AVERAGE(Y77:Y85) -> 17.184444 | AC14: 12h00 | AD14: =VALUE(L65) -> 0 | AE14: =VALUE(L66) -> 0 | AF14: =VALUE(L67) -> 0 | AG14: =VALUE(L68) -> 0 | AH14: =IF(AD14 =0, "Missing", "Logged") -> Missing | AI14: 12h00 | AJ14: =IF(AD14<>0, AD14, "") | AK14: =IF(AE14<>0, AE14, "") | AL14: =IF(AF14<>0, AF14, "") | AM14: =IF(AG14<>0, AG14, "") | AN14: =COUNTIFS(AM25:AM224, "Sun", AO25:AO224, "12:00") + COUNTIFS(AM25:AM224, "Sun", AO25:AO224, "12:15") + COUNTIFS(AM25:AM224, "Sun", AO25:AO224, "12:30") + COUNTIFS(AM25:AM224, "Sun", AO25:AO224, "12:45") -> 0 | AO14: =COUNTIFS(AM226:AM1170, "Sun", AO226:AO1170, "12:00") + COUNTIFS(AM226:AM1170, "Sun", AO226:AO1170, "12:15") + COUNTIFS(AM226:AM1170, "Sun", AO226:AO1170, "12:30") + COUNTIFS(AM226:AM1170, "Sun", AO226:AO1170, "12:45") -> 0
J15: =Right(I15,150) | O15: =Right(N15,150) | T15: =Right(S15,150) | W15: 0.15625 | X15: =OriginalIDP!C18 -> 22.92 | Y15: =OriginalIDP!D18 -> 19.33 | Z15: =OriginalIDP!E18 -> -3.59 | AA15: 22h00-00h00 | AB15: =AVERAGE(Y85:Y92) -> 16.415 | AC15: 13h00 | AD15: =VALUE(L80) -> 0 | AE15: =VALUE(L81) -> 0 | AF15: =VALUE(L82) -> 0 | AG15: =VALUE(L83) -> 0 | AH15: =IF(AD15 =0, "Missing", "Logged") -> Missing | AI15: 13h00 | AJ15: =IF(AD15<>0, AD15, "") | AK15: =IF(AE15<>0, AE15, "") | AL15: =IF(AF15<>0, AF15, "") | AM15: =IF(AG15<>0, AG15, "") | AN15: =COUNTIFS(AM25:AM224, "Sun", AO25:AO224, "13:00") + COUNTIFS(AM25:AM224, "Sun", AO25:AO224, "13:15") + COUNTIFS(AM25:AM224, "Sun", AO25:AO224, "13:30") + COUNTIFS(AM25:AM224, "Sun", AO25:AO224, "13:45") -> 0 | AO15: =COUNTIFS(AM226:AM1170, "Sun", AO226:AO1170, "13:00") + COUNTIFS(AM226:AM1170, "Sun", AO226:AO1170, "13:15") + COUNTIFS(AM226:AM1170, "Sun", AO226:AO1170, "13:30") + COUNTIFS(AM226:AM1170, "Sun", AO226:AO1170, "13:45") -> 0
F16: Stats Update ~ 01h00 | K16: Stats Update ~ 09h00 | P16: Stats Update ~ 17h00 | W16: 0.16666667 | X16: =OriginalIDP!C19 -> 11.53 | Y16: =OriginalIDP!D19 -> 20 | Z16: =OriginalIDP!E19 -> 8.47 | AC16: 14h00 | AD16: =VALUE(L95) -> 0 | AE16: =VALUE(L96) -> 0 | AF16: =VALUE(L97) -> 0 | AG16: =VALUE(L98) -> 0 | AH16: =IF(AD16 =0, "Missing", "Logged") -> Missing | AI16: 14h00 | AJ16: =IF(AD16<>0, AD16, "") | AK16: =IF(AE16<>0, AE16, "") | AL16: =IF(AF16<>0, AF16, "") | AM16: =IF(AG16<>0, AG16, "") | AN16: =COUNTIFS(AM25:AM224, "Sun", AO25:AO224, "14:00") + COUNTIFS(AM25:AM224, "Sun", AO25:AO224, "14:15") + COUNTIFS(AM25:AM224, "Sun", AO25:AO224, "14:30") + COUNTIFS(AM25:AM224, "Sun", AO25:AO224, "14:45") -> 0 | AO16: =COUNTIFS(AM226:AM1170, "Sun", AO226:AO1170, "14:00") + COUNTIFS(AM226:AM1170, "Sun", AO226:AO1170, "14:15") + COUNTIFS(AM226:AM1170, "Sun", AO226:AO1170, "14:30") + COUNTIFS(AM226:AM1170, "Sun", AO226:AO1170, "14:45") -> 0
F17: ACK | G17: =J20 | J17: =IFERROR(__xludf.DUMMYFUNCTION("REGEXREPLACE(I17,""(.*)ACK:(.*)"",""$2"")"),"") | K17: ACK | L17: =O20 | O17: =IFERROR(__xludf.DUMMYFUNCTION("REGEXREPLACE(N17,""(.*)ACK:(.*)"",""$2"")"),"") | P17: ACK | Q17: =T20 | T17: =IFERROR(__xludf.DUMMYFUNCTION("REGEXREPLACE(S17,""(.*)ACK:(.*)"",""$2"")"),"") | W17: 0.17708333 | X17: =OriginalIDP!C20 -> 14.03 | Y17: =OriginalIDP!D20 -> 17.67 | Z17: =OriginalIDP!E20 -> 3.64 | AC17: 15h00&16h00 | AD17: =VALUE(Q5) -> 0 | AE17: =VALUE(Q6) -> 0 | AF17: =VALUE(Q7) -> 0 | AG17: =VALUE(Q8) -> 0 | AH17: =IF(AD17 =0, "Missing", "Logged") -> Missing | AI17: 15h00&16h00 | AJ17: =IF(AD17<>0, AD17, "") | AK17: =IF(AE17<>0, AE17, "") | AL17: =IF(AF17<>0, AF17, "") | AM17: =IF(AG17<>0, AG17, "") | AN17: =COUNTIFS(AM25:AM224, "Sun", AO25:AO224, "15:00") + COUNTIFS(AM25:AM224, "Sun", AO25:AO224, "15:15") + COUNTIFS(AM25:AM224, "Sun", AO25:AO224, "15:30") + COUNTIFS(AM25:AM224, "Sun", AO25:AO224, "15:45") + COUNTIFS(AM25:AM224, "Sun", AO25:AO224, "16:00") + COUNTIFS(AM25:AM224, "Sun", AO25:AO224, "16:15") + COUNTIFS(AM25:AM224, "Sun", AO25:AO224, "16:30") + COUNTIFS(AM25:AM224, "Sun", AO25:AO224, "16:45") -> 0 | AO17: =COUNTIFS(AM226:AM1170, "Sun", AO226:AO1170, "15:00") + COUNTIFS(AM226:AM1170, "Sun", AO226:AO1170, "15:15") + COUNTIFS(AM226:AM1170, "Sun", AO226:AO1170, "15:30") + COUNTIFS(AM226:AM1170, "Sun", AO226:AO1170, "15:45") + COUNTIFS(AM226:AM1170, "Sun", AO226:AO1170, "16:00") + COUNTIFS(AM226:AM1170, "Sun", AO226:AO1170, "16:15") + COUNTIFS(AM226:AM1170, "Sun", AO226:AO1170, "16:30") + COUNTIFS(AM226:AM1170, "Sun", AO226:AO1170, "16:45") -> 0
F18: ASA | G18: =J21 | J18: =IFERROR(__xludf.DUMMYFUNCTION("REGEXREPLACE(I18,""(.*)SVL OUT:(.*)"",""$2"")"),"") | K18: ASA | L18: =O21 | O18: =IFERROR(__xludf.DUMMYFUNCTION("REGEXREPLACE(N18,""(.*)SVL OUT:(.*)"",""$2"")"),"") | P18: ASA | Q18: =T21 | T18: =IFERROR(__xludf.DUMMYFUNCTION("REGEXREPLACE(S18,""(.*)SVL OUT:(.*)"",""$2"")"),"") | W18: 0.1875 | X18: =OriginalIDP!C21 -> 11.31 | Y18: =OriginalIDP!D21 -> 17.67 | Z18: =OriginalIDP!E21 -> 6.36 | AC18: 17h00 | AD18: =VALUE(Q20) -> 0 | AE18: =VALUE(Q21) -> 0 | AF18: =VALUE(Q22) -> 0 | AG18: =VALUE(Q23) -> 0 | AH18: =IF(AD18 =0, "Missing", "Logged") -> Missing | AI18: 17h00 | AJ18: =IF(AD18<>0, AD18, "") | AK18: =IF(AE18<>0, AE18, "") | AL18: =IF(AF18<>0, AF18, "") | AM18: =IF(AG18<>0, AG18, "") | AN18: =COUNTIFS(AM25:AM224, "Sun", AO25:AO224, "17:00") + COUNTIFS(AM25:AM224, "Sun", AO25:AO224, "17:15") + COUNTIFS(AM25:AM224, "Sun", AO25:AO224, "17:30") + COUNTIFS(AM25:AM224, "Sun", AO25:AO224, "17:45") -> 0 | AO18: =COUNTIFS(AM226:AM1170, "Sun", AO226:AO1170, "17:00") + COUNTIFS(AM226:AM1170, "Sun", AO226:AO1170, "17:15") + COUNTIFS(AM226:AM1170, "Sun", AO226:AO1170, "17:30") + COUNTIFS(AM226:AM1170, "Sun", AO226:AO1170, "17:45") -> 0
F19: SAFE | G19: =J22 | J19: =IFERROR(__xludf.DUMMYFUNCTION("REGEXREPLACE(I19,""(.*)SVL IN:(.*)"",""$2"")"),"") | K19: SAFE | L19: =O22 | O19: =IFERROR(__xludf.DUMMYFUNCTION("REGEXREPLACE(N19,""(.*)SVL IN:(.*)"",""$2"")"),"") | P19: SAFE | Q19: =T22 | T19: =IFERROR(__xludf.DUMMYFUNCTION("REGEXREPLACE(S19,""(.*)SVL IN:(.*)"",""$2"")"),"") | W19: 0.19791667 | X19: =OriginalIDP!C22 -> 12.61 | Y19: =OriginalIDP!D22 -> 16 | Z19: =OriginalIDP!E22 -> 3.39 | AC19: 18h00 | AD19: =VALUE(Q35) -> 0 | AE19: =VALUE(Q36) -> 0 | AF19: =VALUE(Q37) -> 0 | AG19: =VALUE(Q38) -> 0 | AH19: =IF(AD19 =0, "Missing", "Logged") -> Missing | AI19: 18h00 | AJ19: =IF(AD19<>0, AD19, "") | AK19: =IF(AE19<>0, AE19, "") | AL19: =IF(AF19<>0, AF19, "") | AM19: =IF(AG19<>0, AG19, "") | AN19: =COUNTIFS(AM25:AM224, "Sun", AO25:AO224, "18:00") + COUNTIFS(AM25:AM224, "Sun", AO25:AO224, "18:15") + COUNTIFS(AM25:AM224, "Sun", AO25:AO224, "18:30") + COUNTIFS(AM25:AM224, "Sun", AO25:AO224, "18:45") -> 0 | AO19: =COUNTIFS(AM226:AM1170, "Sun", AO226:AO1170, "18:00") + COUNTIFS(AM226:AM1170, "Sun", AO226:AO1170, "18:15") + COUNTIFS(AM226:AM1170, "Sun", AO226:AO1170, "18:30") + COUNTIFS(AM226:AM1170, "Sun", AO226:AO1170, "18:45") -> 0
F20: SVL Outbound | G20: =J18 | J20: =IFERROR(__xludf.DUMMYFUNCTION("REGEXREPLACE(I20,""(.*)ACK:(.*)"",""$2"")"),"") | K20: SVL Outbound | L20: =O18 | O20: =IFERROR(__xludf.DUMMYFUNCTION("REGEXREPLACE(N20,""(.*)ACK:(.*)"",""$2"")"),"") | P20: SVL Outbound | Q20: =T18 | T20: =IFERROR(__xludf.DUMMYFUNCTION("REGEXREPLACE(S20,""(.*)ACK:(.*)"",""$2"")"),"") | W20: 0.20833333 | X20: =OriginalIDP!C23 -> 14.2 | Y20: =OriginalIDP!D23 -> 19 | Z20: =OriginalIDP!E23 -> 4.8 | AC20: 19h00 | AD20: =VALUE(Q50) -> 0 | AE20: =VALUE(Q51) -> 0 | AF20: =VALUE(Q52) -> 0 | AG20: =VALUE(Q53) -> 0 | AH20: =IF(AD20 =0, "Missing", "Logged") -> Missing | AI20: 19h00 | AJ20: =IF(AD20<>0, AD20, "") | AK20: =IF(AE20<>0, AE20, "") | AL20: =IF(AF20<>0, AF20, "") | AM20: =IF(AG20<>0, AG20, "") | AN20: =COUNTIFS(AM25:AM224, "Sun", AO25:AO224, "19:00") + COUNTIFS(AM25:AM224, "Sun", AO25:AO224, "19:15") + COUNTIFS(AM25:AM224, "Sun", AO25:AO224, "19:30") + COUNTIFS(AM25:AM224, "Sun", AO25:AO224, "19:45") -> 0 | AO20: =COUNTIFS(AM226:AM1170, "Sun", AO226:AO1170, "19:00") + COUNTIFS(AM226:AM1170, "Sun", AO226:AO1170, "19:15") + COUNTIFS(AM226:AM1170, "Sun", AO226:AO1170, "19:30") + COUNTIFS(AM226:AM1170, "Sun", AO226:AO1170, "19:45") -> 0
F21: SVL Inbound | G21: =J19 | J21: =IFERROR(__xludf.DUMMYFUNCTION("REGEXREPLACE(I21,""(.*)ASA:(.*)"",""$2"")"),"") | K21: SVL Inbound | L21: =O19 | O21: =IFERROR(__xludf.DUMMYFUNCTION("REGEXREPLACE(N21,""(.*)ASA:(.*)"",""$2"")"),"") | P21: SVL Inbound | Q21: =T19 | T21: =IFERROR(__xludf.DUMMYFUNCTION("REGEXREPLACE(S21,""(.*)ASA:(.*)"",""$2"")"),"") | W21: 0.21875 | X21: =OriginalIDP!C24 -> 13.99 | Y21: =OriginalIDP!D24 -> 18 | Z21: =OriginalIDP!E24 -> 4.01 | AC21: 20h00 | AD21: =VALUE(Q65) -> 0 | AE21: =VALUE(Q66) -> 0 | AF21: =VALUE(Q67) -> 0 | AG21: =VALUE(Q68) -> 0 | AH21: =IF(AD21 =0, "Missing", "Logged") -> Missing | AI21: 20h00 | AJ21: =IF(AD21<>0, AD21, "") | AK21: =IF(AE21<>0, AE21, "") | AL21: =IF(AF21<>0, AF21, "") | AM21: =IF(AG21<>0, AG21, "") | AN21: =COUNTIFS(AM25:AM224, "Sun", AO25:AO224, "20:00") + COUNTIFS(AM25:AM224, "Sun", AO25:AO224, "20:15") + COUNTIFS(AM25:AM224, "Sun", AO25:AO224, "20:30") + COUNTIFS(AM25:AM224, "Sun", AO25:AO224, "20:45") -> 0 | AO21: =COUNTIFS(AM226:AM1170, "Sun", AO226:AO1170, "20:00") + COUNTIFS(AM226:AM1170, "Sun", AO226:AO1170, "20:15") + COUNTIFS(AM226:AM1170, "Sun", AO226:AO1170, "20:30") + COUNTIFS(AM226:AM1170, "Sun", AO226:AO1170, "20:45") -> 0
F22: Trends In: | G22: =J25 | J22: =IFERROR(__xludf.DUMMYFUNCTION("REGEXREPLACE(I22,""(.*)SAFE:(.*)"",""$2"")"),"") | K22: Trends In: | L22: =O25 | O22: =IFERROR(__xludf.DUMMYFUNCTION("REGEXREPLACE(N22,""(.*)SAFE:(.*)"",""$2"")"),"") | P22: Trends In: | Q22: =T25 | T22: =IFERROR(__xludf.DUMMYFUNCTION("REGEXREPLACE(S22,""(.*)SAFE:(.*)"",""$2"")"),"") | W22: 0.22916667 | X22: =OriginalIDP!C25 -> 13.15 | Y22: =OriginalIDP!D25 -> 16.33 | Z22: =OriginalIDP!E25 -> 3.18 | AC22: 21h00 | AD22: =VALUE(Q80) -> 0 | AE22: =VALUE(Q81) -> 0 | AF22: =VALUE(Q82) -> 0 | AG22: =VALUE(Q83) -> 0 | AH22: =IF(AD22 =0, "Missing", "Logged") -> Missing | AI22: 21h00 | AJ22: =IF(AD22<>0, AD22, "") | AK22: =IF(AE22<>0, AE22, "") | AL22: =IF(AF22<>0, AF22, "") | AM22: =IF(AG22<>0, AG22, "") | AN22: =COUNTIFS(AM25:AM224, "Sun", AO25:AO224, "21:00") + COUNTIFS(AM25:AM224, "Sun", AO25:AO224, "21:15") + COUNTIFS(AM25:AM224, "Sun", AO25:AO224, "21:30") + COUNTIFS(AM25:AM224, "Sun", AO25:AO224, "21:45") -> 0 | AO22: =COUNTIFS(AM226:AM1170, "Sun", AO226:AO1170, "21:00") + COUNTIFS(AM226:AM1170, "Sun", AO226:AO1170, "21:15") + COUNTIFS(AM226:AM1170, "Sun", AO226:AO1170, "21:30") + COUNTIFS(AM226:AM1170, "Sun", AO226:AO1170, "21:45") -> 0
F23: Trends Out: | G23: =J26 | J23: =IFERROR(__xludf.DUMMYFUNCTION("REGEXREPLACE(I17,""(.*)DELAYS:(.*)"",""$2"")"),"") | K23: Trends Out: | L23: =O26 | O23: =IFERROR(__xludf.DUMMYFUNCTION("REGEXREPLACE(N17,""(.*)DELAYS:(.*)"",""$2"")"),"") | P23: Trends Out: | Q23: =T26 | T23: =IFERROR(__xludf.DUMMYFUNCTION("REGEXREPLACE(S17,""(.*)DELAYS:(.*)"",""$2"")"),"") | W23: 0.23958333 | X23: =OriginalIDP!C26 -> 14.78 | Y23: =OriginalIDP!D26 -> 18 | Z23: =OriginalIDP!E26 -> 3.22 | AC23: 22h00 | AD23: =VALUE(Q95) -> 0 | AE23: =VALUE(Q96) -> 0 | AF23: =VALUE(Q97) -> 0 | AG23: =VALUE(Q98) -> 0 | AH23: =IF(AD23 =0, "Missing", "Logged") -> Missing | AI23: 22h00 | AJ23: =IF(AD23<>0, AD23, "") | AK23: =IF(AE23<>0, AE23, "") | AL23: =IF(AF23<>0, AF23, "") | AM23: =IF(AG23<>0, AG23, "") | AN23: =COUNTIFS(AM25:AM224, "Sun", AO25:AO224, "22:00") + COUNTIFS(AM25:AM224, "Sun", AO25:AO224, "22:15") + COUNTIFS(AM25:AM224, "Sun", AO25:AO224, "22:30") + COUNTIFS(AM25:AM224, "Sun", AO25:AO224, "22:45") -> 0 | AO23: =COUNTIFS(AM226:AM1170, "Sun", AO226:AO1170, "22:00") + COUNTIFS(AM226:AM1170, "Sun", AO226:AO1170, "22:15") + COUNTIFS(AM226:AM1170, "Sun", AO226:AO1170, "22:30") + COUNTIFS(AM226:AM1170, "Sun", AO226:AO1170, "22:45") -> 0
F24: Delays: | G24: =J28 | J24: =IF(J67=FALSE,"",LEFT(J61,3)) | K24: Delays: | L24: =O28 | O24: =IF(O67=FALSE,"",LEFT(O61,3)) | P24: Delays: | Q24: =T28 | T24: =IF(T67=FALSE,"",LEFT(T61,3)) | W24: 0.25 | X24: =OriginalIDP!C27 -> 14.83 | Y24: =OriginalIDP!D27 -> 26 | Z24: =OriginalIDP!E27 -> 11.17 | AC24: LAW LIFESAFETY UNDER HERE
J25: =IFERROR(__xludf.DUMMYFUNCTION("REGEXREPLACE(I25,""(.*)Inbound:(.*)"",""$2"")"),"") | O25: =IFERROR(__xludf.DUMMYFUNCTION("REGEXREPLACE(N25,""(.*)Inbound:(.*)"",""$2"")"),"") | T25: =IFERROR(__xludf.DUMMYFUNCTION("REGEXREPLACE(S25,""(.*)Inbound:(.*)"",""$2"")"),"") | W25: 0.26041667 | X25: =OriginalIDP!C28 -> 13.81 | Y25: =OriginalIDP!D28 -> 26 | Z25: =OriginalIDP!E28 -> 12.19 | AC25: 1
F26: Notes | G26: =J30 | J26: =IFERROR(__xludf.DUMMYFUNCTION("REGEXREPLACE(I26,""(.*)Outbound:(.*)"",""$2"")"),"") | K26: Notes | L26: =O30 | O26: =IFERROR(__xludf.DUMMYFUNCTION("REGEXREPLACE(N26,""(.*)Outbound:(.*)"",""$2"")"),"") | P26: Notes | Q26: =T30 | T26: =IFERROR(__xludf.DUMMYFUNCTION("REGEXREPLACE(S26,""(.*)Outbound:(.*)"",""$2"")"),"") | W26: 0.27083333 | X26: =OriginalIDP!C29 -> 15.48 | Y26: =OriginalIDP!D29 -> 26 | Z26: =OriginalIDP!E29 -> 10.52 | AC26: 2
W27: 0.28125 | X27: =OriginalIDP!C30 -> 16.59 | Y27: =OriginalIDP!D30 -> 28 | Z27: =OriginalIDP!E30 -> 11.41 | AC27: 3
J28: =Right(I28,100) | O28: =Right(N28,100) | T28: =Right(S28,100) | W28: 0.29166667 | X28: =OriginalIDP!C31 -> 16.86 | Y28: =OriginalIDP!D31 -> 31 | Z28: =OriginalIDP!E31 -> 14.14 | AC28: 4
W29: 0.30208333 | X29: =OriginalIDP!C32 -> 16.78 | Y29: =OriginalIDP!D32 -> 28.33 | Z29: =OriginalIDP!E32 -> 11.55 | AC29: 5
J30: =Right(I30,150) | O30: =Right(N30,150) | T30: =Right(S30,150) | W30: 0.3125 | X30: =OriginalIDP!C33 -> 16.71 | Y30: =OriginalIDP!D33 -> 26.66 | Z30: =OriginalIDP!E33 -> 9.95 | AC30: 6
F31: Stats Update ~ 02h00 | K31: Stats Update ~ 10h00 | P31: Stats Update ~ 18h00 | W31: 0.32291667 | X31: =OriginalIDP!C34 -> 17.19 | Y31: =OriginalIDP!D34 -> 26.33 | Z31: =OriginalIDP!E34 -> 9.14 | AC31: 7
F32: ACK | G32: =J35 | J32: =IFERROR(__xludf.DUMMYFUNCTION("REGEXREPLACE(I32,""(.*)ACK:(.*)"",""$2"")"),"") | K32: ACK | L32: =O35 | O32: =IFERROR(__xludf.DUMMYFUNCTION("REGEXREPLACE(N32,""(.*)ACK:(.*)"",""$2"")"),"") | P32: ACK | Q32: =T35 | T32: =IFERROR(__xludf.DUMMYFUNCTION("REGEXREPLACE(S32,""(.*)ACK:(.*)"",""$2"")"),"") | W32: 0.33333333 | X32: =OriginalIDP!C35 -> 18.46 | Y32: =OriginalIDP!D35 -> 29.33 | Z32: =OriginalIDP!E35 -> 10.87 | AC32: 8
F33: ASA | G33: =J36 | J33: =IFERROR(__xludf.DUMMYFUNCTION("REGEXREPLACE(I33,""(.*)SVL OUT:(.*)"",""$2"")"),"") | K33: ASA | L33: =O36 | O33: =IFERROR(__xludf.DUMMYFUNCTION("REGEXREPLACE(N33,""(.*)SVL OUT:(.*)"",""$2"")"),"") | P33: ASA | Q33: =T36 | T33: =IFERROR(__xludf.DUMMYFUNCTION("REGEXREPLACE(S33,""(.*)SVL OUT:(.*)"",""$2"")"),"") | W33: 0.34375 | X33: =OriginalIDP!C36 -> 19.79 | Y33: =OriginalIDP!D36 -> 24.67 | Z33: =OriginalIDP!E36 -> 4.88 | AC33: 9
F34: SAFE | G34: =J37 | J34: =IFERROR(__xludf.DUMMYFUNCTION("REGEXREPLACE(I34,""(.*)SVL IN:(.*)"",""$2"")"),"") | K34: SAFE | L34: =O37 | O34: =IFERROR(__xludf.DUMMYFUNCTION("REGEXREPLACE(N34,""(.*)SVL IN:(.*)"",""$2"")"),"") | P34: SAFE | Q34: =T37 | T34: =IFERROR(__xludf.DUMMYFUNCTION("REGEXREPLACE(S34,""(.*)SVL IN:(.*)"",""$2"")"),"") | W34: 0.35416667 | X34: =OriginalIDP!C37 -> 20.2 | Y34: =OriginalIDP!D37 -> 28.33 | Z34: =OriginalIDP!E37 -> 8.13 | AC34: 10
F35: SVL Outbound | G35: =J33 | J35: =IFERROR(__xludf.DUMMYFUNCTION("REGEXREPLACE(I35,""(.*)ACK:(.*)"",""$2"")"),"") | K35: SVL Outbound | L35: =O33 | O35: =IFERROR(__xludf.DUMMYFUNCTION("REGEXREPLACE(N35,""(.*)ACK:(.*)"",""$2"")"),"") | P35: SVL Outbound | Q35: =T33 | T35: =IFERROR(__xludf.DUMMYFUNCTION("REGEXREPLACE(S35,""(.*)ACK:(.*)"",""$2"")"),"") | W35: 0.36458333 | X35: =OriginalIDP!C38 -> 21.26 | Y35: =OriginalIDP!D38 -> 31 | Z35: =OriginalIDP!E38 -> 9.74 | AC35: 11
F36: SVL Inbound | G36: =J34 | J36: =IFERROR(__xludf.DUMMYFUNCTION("REGEXREPLACE(I36,""(.*)ASA:(.*)"",""$2"")"),"") | K36: SVL Inbound | L36: =O34 | O36: =IFERROR(__xludf.DUMMYFUNCTION("REGEXREPLACE(N36,""(.*)ASA:(.*)"",""$2"")"),"") | P36: SVL Inbound | Q36: =T34 | T36: =IFERROR(__xludf.DUMMYFUNCTION("REGEXREPLACE(S36,""(.*)ASA:(.*)"",""$2"")"),"") | W36: 0.375 | X36: =OriginalIDP!C39 -> 23.24 | Y36: =OriginalIDP!D39 -> 29 | Z36: =OriginalIDP!E39 -> 5.76 | AC36: 12
F37: Trends In: | G37: =J40 | J37: =IFERROR(__xludf.DUMMYFUNCTION("REGEXREPLACE(I37,""(.*)SAFE:(.*)"",""$2"")"),"") | K37: Trends In: | L37: =O40 | O37: =IFERROR(__xludf.DUMMYFUNCTION("REGEXREPLACE(N37,""(.*)SAFE:(.*)"",""$2"")"),"") | P37: Trends In: | Q37: =T40 | T37: =IFERROR(__xludf.DUMMYFUNCTION("REGEXREPLACE(S37,""(.*)SAFE:(.*)"",""$2"")"),"") | W37: 0.38541667 | X37: =OriginalIDP!C40 -> 23.11 | Y37: =OriginalIDP!D40 -> 32 | Z37: =OriginalIDP!E40 -> 8.89 | AC37: 13
F38: Trends Out: | G38: =J41 | J38: =IFERROR(__xludf.DUMMYFUNCTION("REGEXREPLACE(I32,""(.*)DELAYS:(.*)"",""$2"")"),"") | K38: Trends Out: | L38: =O41 | O38: =IFERROR(__xludf.DUMMYFUNCTION("REGEXREPLACE(N32,""(.*)DELAYS:(.*)"",""$2"")"),"") | P38: Trends Out: | Q38: =T41 | T38: =IFERROR(__xludf.DUMMYFUNCTION("REGEXREPLACE(S32,""(.*)DELAYS:(.*)"",""$2"")"),"") | W38: 0.39583333 | X38: =OriginalIDP!C41 -> 20.63 | Y38: =OriginalIDP!D41 -> 29.67 | Z38: =OriginalIDP!E41 -> 9.04 | AC38: 14
F39: Delays: | G39: =J43 | J39: =IF(J82=FALSE,"",LEFT(J76,3)) | K39: Delays: | L39: =O43 | O39: =IF(O82=FALSE,"",LEFT(O76,3)) | P39: Delays: | Q39: =T43 | T39: =IF(T82=FALSE,"",LEFT(T76,3)) | W39: 0.41666667 | X39: =OriginalIDP!C43 -> 24.29 | Y39: =OriginalIDP!D43 -> 20.66 | Z39: =OriginalIDP!E43 -> -3.63 | AC39: 15
J40: =IFERROR(__xludf.DUMMYFUNCTION("REGEXREPLACE(I40,""(.*)Inbound:(.*)"",""$2"")"),"") | O40: =IFERROR(__xludf.DUMMYFUNCTION("REGEXREPLACE(N40,""(.*)Inbound:(.*)"",""$2"")"),"") | T40: =IFERROR(__xludf.DUMMYFUNCTION("REGEXREPLACE(S40,""(.*)Inbound:(.*)"",""$2"")"),"") | W40: 0.42708333 | X40: =OriginalIDP!C44 -> 25.78 | Y40: =OriginalIDP!D44 -> 25.33 | Z40: =OriginalIDP!E44 -> -0.45 | AC40: 16
F41: Notes | G41: =J45 | J41: =IFERROR(__xludf.DUMMYFUNCTION("REGEXREPLACE(I41,""(.*)Outbound:(.*)"",""$2"")"),"") | K41: Notes | L41: =O45 | O41: =IFERROR(__xludf.DUMMYFUNCTION("REGEXREPLACE(N41,""(.*)Outbound:(.*)"",""$2"")"),"") | P41: Notes | Q41: =T45 | T41: =IFERROR(__xludf.DUMMYFUNCTION("REGEXREPLACE(S41,""(.*)Outbound:(.*)"",""$2"")"),"") | W41: 0.4375 | X41: =OriginalIDP!C45 -> 26.49 | Y41: =OriginalIDP!D45 -> 26.33 | Z41: =OriginalIDP!E45 -> -0.16 | AC41: 17
W42: 0.44791667 | X42: =OriginalIDP!C46 -> 23.57 | Y42: =OriginalIDP!D46 -> 25 | Z42: =OriginalIDP!E46 -> 1.43 | AC42: 18
J43: =Right(I43,100) | O43: =Right(N43,100) | T43: =Right(S43,100) | W43: 0.45833333 | X43: =OriginalIDP!C47 -> 25.02 | Y43: =OriginalIDP!D47 -> 25 | Z43: =OriginalIDP!E47 -> -0.02 | AC43: 19
W44: 0.46875 | X44: =OriginalIDP!C48 -> 23.94 | Y44: =OriginalIDP!D48 -> 30 | Z44: =OriginalIDP!E48 -> 6.06 | AC44: 20
J45: =Right(I45,150) | O45: =Right(N45,150) | T45: =Right(S45,150) | W45: 0.47916667 | X45: =OriginalIDP!C49 -> 24 | Y45: =OriginalIDP!D49 -> 34 | Z45: =OriginalIDP!E49 -> 10 | AC45: 21
F46: Stats Update ~ 03h00 | K46: Stats Update ~ 11h00 | P46: Stats Update ~ 19h00 | W46: 0.48958333 | X46: =OriginalIDP!C50 -> 33.9 | Y46: =OriginalIDP!D50 -> 34 | Z46: =OriginalIDP!E50 -> 0.1 | AC46: 22
F47: ACK | G47: =J50 | J47: =IFERROR(__xludf.DUMMYFUNCTION("REGEXREPLACE(I47,""(.*)ACK:(.*)"",""$2"")"),"") | K47: ACK | L47: =O50 | O47: =IFERROR(__xludf.DUMMYFUNCTION("REGEXREPLACE(N47,""(.*)ACK:(.*)"",""$2"")"),"") | P47: ACK | Q47: =T50 | T47: =IFERROR(__xludf.DUMMYFUNCTION("REGEXREPLACE(S47,""(.*)ACK:(.*)"",""$2"")"),"") | W47: 0.5 | X47: =OriginalIDP!C51 -> 36.22 | Y47: =OriginalIDP!D51 -> 32.66 | Z47: =OriginalIDP!E51 -> -3.56 | AC47: 23
F48: ASA | G48: =J51 | J48: =IFERROR(__xludf.DUMMYFUNCTION("REGEXREPLACE(I48,""(.*)SVL OUT:(.*)"",""$2"")"),"") | K48: ASA | L48: =O51 | O48: =IFERROR(__xludf.DUMMYFUNCTION("REGEXREPLACE(N48,""(.*)SVL OUT:(.*)"",""$2"")"),"") | P48: ASA | Q48: =T51 | T48: =IFERROR(__xludf.DUMMYFUNCTION("REGEXREPLACE(S48,""(.*)SVL OUT:(.*)"",""$2"")"),"") | W48: 0.52083333 | X48: =OriginalIDP!C53 -> 34.61 | Y48: =OriginalIDP!D53 -> 31.33 | Z48: =OriginalIDP!E53 -> -3.28 | AC48: 24
F49: SAFE | G49: =J52 | J49: =IFERROR(__xludf.DUMMYFUNCTION("REGEXREPLACE(I49,""(.*)SVL IN:(.*)"",""$2"")"),"") | K49: SAFE | L49: =O52 | O49: =IFERROR(__xludf.DUMMYFUNCTION("REGEXREPLACE(N49,""(.*)SVL IN:(.*)"",""$2"")"),"") | P49: SAFE | Q49: =T52 | T49: =IFERROR(__xludf.DUMMYFUNCTION("REGEXREPLACE(S49,""(.*)SVL IN:(.*)"",""$2"")"),"") | W49: 0.53125 | X49: =OriginalIDP!C54 -> 38.68 | Y49: =OriginalIDP!D54 -> 33 | Z49: =OriginalIDP!E54 -> -5.68 | AC49: 25
F50: SVL Outbound | G50: =J48 | J50: =IFERROR(__xludf.DUMMYFUNCTION("REGEXREPLACE(I50,""(.*)ACK:(.*)"",""$2"")"),"") | K50: SVL Outbound | L50: =O48 | O50: =IFERROR(__xludf.DUMMYFUNCTION("REGEXREPLACE(N50,""(.*)ACK:(.*)"",""$2"")"),"") | P50: SVL Outbound | Q50: =T48 | T50: =IFERROR(__xludf.DUMMYFUNCTION("REGEXREPLACE(S50,""(.*)ACK:(.*)"",""$2"")"),"") | W50: 0.54166667 | X50: =OriginalIDP!C55 -> 30.44 | Y50: =OriginalIDP!D55 -> 36 | Z50: =OriginalIDP!E55 -> 5.56 | AC50: 26
F51: SVL Inbound | G51: =J49 | J51: =IFERROR(__xludf.DUMMYFUNCTION("REGEXREPLACE(I51,""(.*)ASA:(.*)"",""$2"")"),"") | K51: SVL Inbound | L51: =O49 | O51: =IFERROR(__xludf.DUMMYFUNCTION("REGEXREPLACE(N51,""(.*)ASA:(.*)"",""$2"")"),"") | P51: SVL Inbound | Q51: =T49 | T51: =IFERROR(__xludf.DUMMYFUNCTION("REGEXREPLACE(S51,""(.*)ASA:(.*)"",""$2"")"),"") | W51: 0.55208333 | X51: =OriginalIDP!C56 -> 28.06 | Y51: =OriginalIDP!D56 -> 34 | Z51: =OriginalIDP!E56 -> 5.94 | AC51: 27
F52: Trends In: | G52: =J55 | J52: =IFERROR(__xludf.DUMMYFUNCTION("REGEXREPLACE(I52,""(.*)SAFE:(.*)"",""$2"")"),"") | K52: Trends In: | L52: =O55 | O52: =IFERROR(__xludf.DUMMYFUNCTION("REGEXREPLACE(N52,""(.*)SAFE:(.*)"",""$2"")"),"") | P52: Trends In: | Q52: =T55 | T52: =IFERROR(__xludf.DUMMYFUNCTION("REGEXREPLACE(S52,""(.*)SAFE:(.*)"",""$2"")"),"") | W52: 0.5625 | X52: =OriginalIDP!C57 -> 32.97 | Y52: =OriginalIDP!D57 -> 30.67 | Z52: =OriginalIDP!E57 -> -2.3 | AC52: 28
F53: Trends Out: | G53: =J56 | J53: =IFERROR(__xludf.DUMMYFUNCTION("REGEXREPLACE(I47,""(.*)DELAYS:(.*)"",""$2"")"),"") | K53: Trends Out: | L53: =O56 | O53: =IFERROR(__xludf.DUMMYFUNCTION("REGEXREPLACE(N47,""(.*)DELAYS:(.*)"",""$2"")"),"") | P53: Trends Out: | Q53: =T56 | T53: =IFERROR(__xludf.DUMMYFUNCTION("REGEXREPLACE(S47,""(.*)DELAYS:(.*)"",""$2"")"),"") | W53: 0.57291667 | X53: =OriginalIDP!C58 -> 28.65 | Y53: =OriginalIDP!D58 -> 33 | Z53: =OriginalIDP!E58 -> 4.35 | AC53: 29
F54: Delays: | G54: =J58 | J54: =IF(J97=FALSE,"",LEFT(J91,3)) | K54: Delays: | L54: =O58 | O54: =IF(O97=FALSE,"",LEFT(O91,3)) | P54: Delays: | Q54: =T58 | T54: =IF(T97=FALSE,"",LEFT(T91,3)) | W54: 0.58333333 | X54: =OriginalIDP!C59 -> 28.01 | Y54: =OriginalIDP!D59 -> 32 | Z54: =OriginalIDP!E59 -> 3.99 | AC54: 30
J55: =IFERROR(__xludf.DUMMYFUNCTION("REGEXREPLACE(I55,""(.*)Inbound:(.*)"",""$2"")"),"") | O55: =IFERROR(__xludf.DUMMYFUNCTION("REGEXREPLACE(N55,""(.*)Inbound:(.*)"",""$2"")"),"") | T55: =IFERROR(__xludf.DUMMYFUNCTION("REGEXREPLACE(S55,""(.*)Inbound:(.*)"",""$2"")"),"") | W55: 0.59375 | X55: =OriginalIDP!C60 -> 27.25 | Y55: =OriginalIDP!D60 -> 29.67 | Z55: =OriginalIDP!E60 -> 2.42 | AC55: 31
F56: Notes | G56: =J60 | J56: =IFERROR(__xludf.DUMMYFUNCTION("REGEXREPLACE(I56,""(.*)Outbound:(.*)"",""$2"")"),"") | K56: Notes | L56: =O60 | O56: =IFERROR(__xludf.DUMMYFUNCTION("REGEXREPLACE(N56,""(.*)Outbound:(.*)"",""$2"")"),"") | P56: Notes | Q56: =T60 | T56: =IFERROR(__xludf.DUMMYFUNCTION("REGEXREPLACE(S56,""(.*)Outbound:(.*)"",""$2"")"),"") | W56: 0.60416667 | X56: =OriginalIDP!C61 -> 29.02 | Y56: =OriginalIDP!D61 -> 30.33 | Z56: =OriginalIDP!E61 -> 1.31 | AC56: 32
W57: 0.61458333 | X57: =OriginalIDP!C62 -> 32.12 | Y57: =OriginalIDP!D62 -> 31.67 | Z57: =OriginalIDP!E62 -> -0.45 | AC57: 33
J58: =Right(I58,100) | O58: =Right(N58,100) | T58: =Right(S58,100) | W58: 0.625 | X58: =OriginalIDP!C63 -> 28.03 | Y58: =OriginalIDP!D63 -> 31.67 | Z58: =OriginalIDP!E63 -> 3.64 | AC58: 34
W59: 0.63541667 | X59: =OriginalIDP!C64 -> 27.34 | Y59: =OriginalIDP!D64 -> 30 | Z59: =OriginalIDP!E64 -> 2.66 | AC59: 35
J60: =Right(I60,150) | O60: =Right(N60,150) | T60: =Right(S60,150) | W60: 0.64583333 | X60: =OriginalIDP!C65 -> 22.78 | Y60: =OriginalIDP!D65 -> 24.67 | Z60: =OriginalIDP!E65 -> 1.89 | AC60: 36
F61: Stats Update ~ 04h00 | K61: Stats Update ~ 12h00 | P61: Stats Update ~ 20h00 | W61: 0.65625 | X61: =OriginalIDP!C66 -> 25.92 | Y61: =OriginalIDP!D66 -> 26 | Z61: =OriginalIDP!E66 -> 0.08 | AC61: 37
F62: ACK | G62: =J65 | J62: =IFERROR(__xludf.DUMMYFUNCTION("REGEXREPLACE(I62,""(.*)ACK:(.*)"",""$2"")"),"") | K62: ACK | L62: =O65 | O62: =IFERROR(__xludf.DUMMYFUNCTION("REGEXREPLACE(N62,""(.*)ACK:(.*)"",""$2"")"),"") | P62: ACK | Q62: =T65 | T62: =IFERROR(__xludf.DUMMYFUNCTION("REGEXREPLACE(S62,""(.*)ACK:(.*)"",""$2"")"),"") | W62: 0.66666667 | X62: =OriginalIDP!C67 -> 26 | Y62: =OriginalIDP!D67 -> 23 | Z62: =OriginalIDP!E67 -> -3 | AC62: 38
F63: ASA | G63: =J66 | J63: =IFERROR(__xludf.DUMMYFUNCTION("REGEXREPLACE(I63,""(.*)SVL OUT:(.*)"",""$2"")"),"") | K63: ASA | L63: =O66 | O63: =IFERROR(__xludf.DUMMYFUNCTION("REGEXREPLACE(N63,""(.*)SVL OUT:(.*)"",""$2"")"),"") | P63: ASA | Q63: =T66 | T63: =IFERROR(__xludf.DUMMYFUNCTION("REGEXREPLACE(S63,""(.*)SVL OUT:(.*)"",""$2"")"),"") | W63: 0.67708333 | X63: =OriginalIDP!C68 -> 28.34 | Y63: =OriginalIDP!D68 -> 22 | Z63: =OriginalIDP!E68 -> -6.34 | AC63: 39
F64: SAFE | G64: =J67 | J64: =IFERROR(__xludf.DUMMYFUNCTION("REGEXREPLACE(I64,""(.*)SVL IN:(.*)"",""$2"")"),"") | K64: SAFE | L64: =O67 | O64: =IFERROR(__xludf.DUMMYFUNCTION("REGEXREPLACE(N64,""(.*)SVL IN:(.*)"",""$2"")"),"") | P64: SAFE | Q64: =T67 | T64: =IFERROR(__xludf.DUMMYFUNCTION("REGEXREPLACE(S64,""(.*)SVL IN:(.*)"",""$2"")"),"") | W64: 0.6875 | X64: =OriginalIDP!C69 -> 28.19 | Y64: =OriginalIDP!D69 -> 19.34 | Z64: =OriginalIDP!E69 -> -8.85 | AC64: 40
F65: SVL Outbound | G65: =J63 | J65: =IFERROR(__xludf.DUMMYFUNCTION("REGEXREPLACE(I65,""(.*)ACK:(.*)"",""$2"")"),"") | K65: SVL Outbound | L65: =O63 | O65: =IFERROR(__xludf.DUMMYFUNCTION("REGEXREPLACE(N65,""(.*)ACK:(.*)"",""$2"")"),"") | P65: SVL Outbound | Q65: =T63 | T65: =IFERROR(__xludf.DUMMYFUNCTION("REGEXREPLACE(S65,""(.*)ACK:(.*)"",""$2"")"),"") | W65: 0.69791667 | X65: =OriginalIDP!C70 -> 27.62 | Y65: =OriginalIDP!D70 -> 23 | Z65: =OriginalIDP!E70 -> -4.62 | AC65: 41
F66: SVL Inbound | G66: =J64 | J66: =IFERROR(__xludf.DUMMYFUNCTION("REGEXREPLACE(I66,""(.*)ASA:(.*)"",""$2"")"),"") | K66: SVL Inbound | L66: =O64 | O66: =IFERROR(__xludf.DUMMYFUNCTION("REGEXREPLACE(N66,""(.*)ASA:(.*)"",""$2"")"),"") | P66: SVL Inbound | Q66: =T64 | T66: =IFERROR(__xludf.DUMMYFUNCTION("REGEXREPLACE(S66,""(.*)ASA:(.*)"",""$2"")"),"") | W66: 0.70833333 | X66: =OriginalIDP!C71 -> 27.22 | Y66: =OriginalIDP!D71 -> 18.33 | Z66: =OriginalIDP!E71 -> -8.89 | AC66: 42
F67: Trends In: | G67: =J70 | J67: =IFERROR(__xludf.DUMMYFUNCTION("REGEXREPLACE(I67,""(.*)SAFE:(.*)"",""$2"")"),"") | K67: Trends In: | L67: =O70 | O67: =IFERROR(__xludf.DUMMYFUNCTION("REGEXREPLACE(N67,""(.*)SAFE:(.*)"",""$2"")"),"") | P67: Trends In: | Q67: =T70 | T67: =IFERROR(__xludf.DUMMYFUNCTION("REGEXREPLACE(S67,""(.*)SAFE:(.*)"",""$2"")"),"") | W67: 0.71875 | X67: =OriginalIDP!C72 -> 31.71 | Y67: =OriginalIDP!D72 -> 22 | Z67: =OriginalIDP!E72 -> -9.71 | AC67: 43
F68: Trends Out: | G68: =J71 | J68: =IFERROR(__xludf.DUMMYFUNCTION("REGEXREPLACE(I62,""(.*)DELAYS:(.*)"",""$2"")"),"") | K68: Trends Out: | L68: =O71 | O68: =IFERROR(__xludf.DUMMYFUNCTION("REGEXREPLACE(N62,""(.*)DELAYS:(.*)"",""$2"")"),"") | P68: Trends Out: | Q68: =T71 | T68: =IFERROR(__xludf.DUMMYFUNCTION("REGEXREPLACE(S62,""(.*)DELAYS:(.*)"",""$2"")"),"") | W68: 0.72916667 | X68: =OriginalIDP!C73 -> 30.62 | Y68: =OriginalIDP!D73 -> 27 | Z68: =OriginalIDP!E73 -> -3.62 | AC68: 44
F69: Delays: | G69: =J73 | J69: =IF(J112=FALSE,"",LEFT(J106,3)) | K69: Delays: | L69: =O73 | O69: =IF(O112=FALSE,"",LEFT(O106,3)) | P69: Delays: | Q69: =T73 | T69: =IF(T112=FALSE,"",LEFT(T106,3)) | W69: 0.75 | X69: =OriginalIDP!C75 -> 26.66 | Y69: =OriginalIDP!D75 -> 27 | Z69: =OriginalIDP!E75 -> 0.34 | AC69: 45
J70: =IFERROR(__xludf.DUMMYFUNCTION("REGEXREPLACE(I70,""(.*)Inbound:(.*)"",""$2"")"),"") | O70: =IFERROR(__xludf.DUMMYFUNCTION("REGEXREPLACE(N70,""(.*)Inbound:(.*)"",""$2"")"),"") | T70: =IFERROR(__xludf.DUMMYFUNCTION("REGEXREPLACE(S70,""(.*)Inbound:(.*)"",""$2"")"),"") | W70: 0.76041667 | X70: =OriginalIDP!C76 -> 25.02 | Y70: =OriginalIDP!D76 -> 26 | Z70: =OriginalIDP!E76 -> 0.98 | AC70: 46
F71: Notes | G71: =J75 | J71: =IFERROR(__xludf.DUMMYFUNCTION("REGEXREPLACE(I71,""(.*)Outbound:(.*)"",""$2"")"),"") | K71: Notes | L71: =O75 | O71: =IFERROR(__xludf.DUMMYFUNCTION("REGEXREPLACE(N71,""(.*)Outbound:(.*)"",""$2"")"),"") | P71: Notes | Q71: =T75 | T71: =IFERROR(__xludf.DUMMYFUNCTION("REGEXREPLACE(S71,""(.*)Outbound:(.*)"",""$2"")"),"") | W71: 0.77083333 | X71: =OriginalIDP!C77 -> 38.43 | Y71: =OriginalIDP!D77 -> 21.33 | Z71: =OriginalIDP!E77 -> -17.1 | AC71: 47
W72: 0.78125 | X72: =OriginalIDP!C78 -> 28.77 | Y72: =OriginalIDP!D78 -> 24 | Z72: =OriginalIDP!E78 -> -4.77 | AC72: 48
J73: =Right(I73,100) | O73: =Right(N73,100) | T73: =Right(S73,100) | W73: 0.79166667 | X73: =OriginalIDP!C79 -> 34.25 | Y73: =OriginalIDP!D79 -> 20.33 | Z73: =OriginalIDP!E79 -> -13.92 | AC73: 49
W74: 0.80208333 | X74: =OriginalIDP!C80 -> 29.34 | Y74: =OriginalIDP!D80 -> 20 | Z74: =OriginalIDP!E80 -> -9.34 | AC74: 50
J75: =Right(I75,150) | O75: =Right(N75,150) | T75: =Right(S75,150) | W75: 0.8125 | X75: =OriginalIDP!C81 -> 27.91 | Y75: =OriginalIDP!D81 -> 21.33 | Z75: =OriginalIDP!E81 -> -6.58 | AC75: 51
F76: Stats Update ~ 05h00 | K76: Stats Update ~ 13h00 | P76: Stats Update ~ 21h00 | W76: 0.82291667 | X76: =OriginalIDP!C82 -> 28.3 | Y76: =OriginalIDP!D82 -> 22 | Z76: =OriginalIDP!E82 -> -6.3 | AC76: 52
F77: ACK | G77: =J80 | J77: =IFERROR(__xludf.DUMMYFUNCTION("REGEXREPLACE(I77,""(.*)ACK:(.*)"",""$2"")"),"") | K77: ACK | L77: =O80 | O77: =IFERROR(__xludf.DUMMYFUNCTION("REGEXREPLACE(N77,""(.*)ACK:(.*)"",""$2"")"),"") | P77: ACK | Q77: =T80 | T77: =IFERROR(__xludf.DUMMYFUNCTION("REGEXREPLACE(S77,""(.*)ACK:(.*)"",""$2"")"),"") | W77: 0.83333333 | X77: =OriginalIDP!C83 -> 28.12 | Y77: =OriginalIDP!D83 -> 21.33 | Z77: =OriginalIDP!E83 -> -6.79 | AC77: 53
F78: ASA | G78: =J81 | J78: =IFERROR(__xludf.DUMMYFUNCTION("REGEXREPLACE(I78,""(.*)SVL OUT:(.*)"",""$2"")"),"") | K78: ASA | L78: =O81 | O78: =IFERROR(__xludf.DUMMYFUNCTION("REGEXREPLACE(N78,""(.*)SVL OUT:(.*)"",""$2"")"),"") | P78: ASA | Q78: =T81 | T78: =IFERROR(__xludf.DUMMYFUNCTION("REGEXREPLACE(S78,""(.*)SVL OUT:(.*)"",""$2"")"),"") | W78: 0.84375 | X78: =OriginalIDP!C84 -> 27.31 | Y78: =OriginalIDP!D84 -> 23 | Z78: =OriginalIDP!E84 -> -4.31 | AC78: 54
F79: SAFE | G79: =J82 | J79: =IFERROR(__xludf.DUMMYFUNCTION("REGEXREPLACE(I79,""(.*)SVL IN:(.*)"",""$2"")"),"") | K79: SAFE | L79: =O82 | O79: =IFERROR(__xludf.DUMMYFUNCTION("REGEXREPLACE(N79,""(.*)SVL IN:(.*)"",""$2"")"),"") | P79: SAFE | Q79: =T82 | T79: =IFERROR(__xludf.DUMMYFUNCTION("REGEXREPLACE(S79,""(.*)SVL IN:(.*)"",""$2"")"),"") | W79: 0.85416667 | X79: =OriginalIDP!C85 -> 22.44 | Y79: =OriginalIDP!D85 -> 18.33 | Z79: =OriginalIDP!E85 -> -4.11 | AC79: 55
F80: SVL Outbound | G80: =J78 | J80: =IFERROR(__xludf.DUMMYFUNCTION("REGEXREPLACE(I80,""(.*)ACK:(.*)"",""$2"")"),"") | K80: SVL Outbound | L80: =O78 | O80: =IFERROR(__xludf.DUMMYFUNCTION("REGEXREPLACE(N80,""(.*)ACK:(.*)"",""$2"")"),"") | P80: SVL Outbound | Q80: =T78 | T80: =IFERROR(__xludf.DUMMYFUNCTION("REGEXREPLACE(S80,""(.*)ACK:(.*)"",""$2"")"),"") | W80: 0.86458333 | X80: =OriginalIDP!C86 -> 17.56 | Y80: =OriginalIDP!D86 -> 17 | Z80: =OriginalIDP!E86 -> -0.56 | AC80: 56
F81: SVL Inbound | G81: =J79 | J81: =IFERROR(__xludf.DUMMYFUNCTION("REGEXREPLACE(I81,""(.*)ASA:(.*)"",""$2"")"),"") | K81: SVL Inbound | L81: =O79 | O81: =IFERROR(__xludf.DUMMYFUNCTION("REGEXREPLACE(N81,""(.*)ASA:(.*)"",""$2"")"),"") | P81: SVL Inbound | Q81: =T79 | T81: =IFERROR(__xludf.DUMMYFUNCTION("REGEXREPLACE(S81,""(.*)ASA:(.*)"",""$2"")"),"") | W81: 0.875 | X81: =OriginalIDP!C87 -> 18.86 | Y81: =OriginalIDP!D87 -> 15 | Z81: =OriginalIDP!E87 -> -3.86 | AC81: 57
F82: Trends In: | G82: =J85 | J82: =IFERROR(__xludf.DUMMYFUNCTION("REGEXREPLACE(I82,""(.*)SAFE:(.*)"",""$2"")"),"") | K82: Trends In: | L82: =O85 | O82: =IFERROR(__xludf.DUMMYFUNCTION("REGEXREPLACE(N82,""(.*)SAFE:(.*)"",""$2"")"),"") | P82: Trends In: | Q82: =T85 | T82: =IFERROR(__xludf.DUMMYFUNCTION("REGEXREPLACE(S82,""(.*)SAFE:(.*)"",""$2"")"),"") | W82: 0.88541667 | X82: =OriginalIDP!C88 -> 15.82 | Y82: =OriginalIDP!D88 -> 16.67 | Z82: =OriginalIDP!E88 -> 0.85 | AC82: 58
F83: Trends Out: | G83: =J86 | J83: =IFERROR(__xludf.DUMMYFUNCTION("REGEXREPLACE(I77,""(.*)DELAYS:(.*)"",""$2"")"),"") | K83: Trends Out: | L83: =O86 | O83: =IFERROR(__xludf.DUMMYFUNCTION("REGEXREPLACE(N77,""(.*)DELAYS:(.*)"",""$2"")"),"") | P83: Trends Out: | Q83: =T86 | T83: =IFERROR(__xludf.DUMMYFUNCTION("REGEXREPLACE(S77,""(.*)DELAYS:(.*)"",""$2"")"),"") | W83: 0.89583333 | X83: =OriginalIDP!C89 -> 15.66 | Y83: =OriginalIDP!D89 -> 15 | Z83: =OriginalIDP!E89 -> -0.66 | AC83: 59
F84: Delays: | G84: =J88 | J84: =IF(J127=FALSE,"",LEFT(J121,3)) | K84: Delays: | L84: =O88 | O84: =IF(O127=FALSE,"",LEFT(O121,3)) | P84: Delays: | Q84: =T88 | T84: =IF(T127=FALSE,"",LEFT(T121,3)) | W84: 0.90625 | X84: =OriginalIDP!C90 -> 16.23 | Y84: =OriginalIDP!D90 -> 14 | Z84: =OriginalIDP!E90 -> -2.23 | AC84: 60
J85: =IFERROR(__xludf.DUMMYFUNCTION("REGEXREPLACE(I85,""(.*)Inbound:(.*)"",""$2"")"),"") | O85: =IFERROR(__xludf.DUMMYFUNCTION("REGEXREPLACE(N85,""(.*)Inbound:(.*)"",""$2"")"),"") | T85: =IFERROR(__xludf.DUMMYFUNCTION("REGEXREPLACE(S85,""(.*)Inbound:(.*)"",""$2"")"),"") | U85: =IFERROR(__xludf.DUMMYFUNCTION("REGEXREPLACE(S85,""(.*)Inbound:(.*)"",""$2"")"),"") | W85: 0.91666667 | X85: =OriginalIDP!C91 -> 16.44 | Y85: =OriginalIDP!D91 -> 14.33 | Z85: =OriginalIDP!E91 -> -2.11 | AC85: 61
F86: Notes | G86: =J90 | J86: =IFERROR(__xludf.DUMMYFUNCTION("REGEXREPLACE(I86,""(.*)Outbound:(.*)"",""$2"")"),"") | K86: Notes | L86: =O90 | O86: =IFERROR(__xludf.DUMMYFUNCTION("REGEXREPLACE(N86,""(.*)Outbound:(.*)"",""$2"")"),"") | P86: Notes | Q86: =T90 | T86: =IFERROR(__xludf.DUMMYFUNCTION("REGEXREPLACE(S86,""(.*)Outbound:(.*)"",""$2"")"),"") | W86: 0.92708333 | X86: =OriginalIDP!C92 -> 14.9 | Y86: =OriginalIDP!D92 -> 15.33 | Z86: =OriginalIDP!E92 -> 0.43 | AC86: 62
W87: 0.9375 | X87: =OriginalIDP!C93 -> 15.66 | Y87: =OriginalIDP!D93 -> 14.33 | Z87: =OriginalIDP!E93 -> -1.33 | AC87: 63
J88: =Right(I88,100) | O88: =Right(N88,100) | T88: =Right(S88,100) | W88: 0.94791667 | X88: =OriginalIDP!C94 -> 12.74 | Y88: =OriginalIDP!D94 -> 18 | Z88: =OriginalIDP!E94 -> 5.26 | AC88: 64
W89: 0.95833333 | X89: =OriginalIDP!C95 -> 15.36 | Y89: =OriginalIDP!D95 -> 19 | Z89: =OriginalIDP!E95 -> 3.64 | AC89: 65
J90: =Right(I90,150) | O90: =Right(N90,150) | T90: =Right(S90,150) | W90: 0.96875 | X90: =OriginalIDP!C96 -> 15.5 | Y90: =OriginalIDP!D96 -> 19.33 | Z90: =OriginalIDP!E96 -> 3.83 | AC90: 66
F91: Stats Update ~ 06h00 | K91: Stats Update ~ 14h00 | P91: Stats Update ~ 22h00 | W91: 0.97916667 | X91: =OriginalIDP!C97 -> 13.17 | Y91: =OriginalIDP!D97 -> 16 | Z91: =OriginalIDP!E97 -> 2.83 | AC91: 67
F92: ACK | G92: =J95 | J92: =IFERROR(__xludf.DUMMYFUNCTION("REGEXREPLACE(I92,""(.*)ACK:(.*)"",""$2"")"),"") | K92: ACK | L92: =O95 | O92: =IFERROR(__xludf.DUMMYFUNCTION("REGEXREPLACE(N92,""(.*)ACK:(.*)"",""$2"")"),"") | P92: ACK | Q92: =T95 | T92: =IFERROR(__xludf.DUMMYFUNCTION("REGEXREPLACE(S92,""(.*)ACK:(.*)"",""$2"")"),"") | W92: 0.98958333 | X92: =OriginalIDP!C98 -> 14.28 | Y92: =OriginalIDP!D98 -> 15 | Z92: =OriginalIDP!E98 -> 0.72 | AC92: 68
F93: ASA | G93: =J96 | J93: =IFERROR(__xludf.DUMMYFUNCTION("REGEXREPLACE(I93,""(.*)SVL OUT:(.*)"",""$2"")"),"") | K93: ASA | L93: =O96 | O93: =IFERROR(__xludf.DUMMYFUNCTION("REGEXREPLACE(N93,""(.*)SVL OUT:(.*)"",""$2"")"),"") | P93: ASA | Q93: =T96 | T93: =IFERROR(__xludf.DUMMYFUNCTION("REGEXREPLACE(S93,""(.*)SVL OUT:(.*)"",""$2"")"),"") | AC93: 69
F94: SAFE | G94: =J97 | J94: =IFERROR(__xludf.DUMMYFUNCTION("REGEXREPLACE(I94,""(.*)SVL IN:(.*)"",""$2"")"),"") | K94: SAFE | L94: =O97 | O94: =IFERROR(__xludf.DUMMYFUNCTION("REGEXREPLACE(N94,""(.*)SVL IN:(.*)"",""$2"")"),"") | P94: SAFE | Q94: =T97 | T94: =IFERROR(__xludf.DUMMYFUNCTION("REGEXREPLACE(S94,""(.*)SVL IN:(.*)"",""$2"")"),"") | AC94: 70
F95: SVL Outbound | G95: =J93 | J95: =IFERROR(__xludf.DUMMYFUNCTION("REGEXREPLACE(I95,""(.*)ACK:(.*)"",""$2"")"),"") | K95: SVL Outbound | L95: =O93 | O95: =IFERROR(__xludf.DUMMYFUNCTION("REGEXREPLACE(N95,""(.*)ACK:(.*)"",""$2"")"),"") | P95: SVL Outbound | Q95: =T93 | T95: =IFERROR(__xludf.DUMMYFUNCTION("REGEXREPLACE(S95,""(.*)ACK:(.*)"",""$2"")"),"") | AC95: 71
F96: SVL Inbound | G96: =J94 | J96: =IFERROR(__xludf.DUMMYFUNCTION("REGEXREPLACE(I96,""(.*)ASA:(.*)"",""$2"")"),"") | K96: SVL Inbound | L96: =O94 | O96: =IFERROR(__xludf.DUMMYFUNCTION("REGEXREPLACE(N96,""(.*)ASA:(.*)"",""$2"")"),"") | P96: SVL Inbound | Q96: =T94 | T96: =IFERROR(__xludf.DUMMYFUNCTION("REGEXREPLACE(S96,""(.*)ASA:(.*)"",""$2"")"),"") | AC96: 72
F97: Trends In: | G97: =J100 | J97: =IFERROR(__xludf.DUMMYFUNCTION("REGEXREPLACE(I97,""(.*)SAFE:(.*)"",""$2"")"),"") | K97: Trends In: | L97: =O100 | O97: =IFERROR(__xludf.DUMMYFUNCTION("REGEXREPLACE(N97,""(.*)SAFE:(.*)"",""$2"")"),"") | P97: Trends In: | Q97: =T100 | T97: =IFERROR(__xludf.DUMMYFUNCTION("REGEXREPLACE(S97,""(.*)SAFE:(.*)"",""$2"")"),"") | AC97: 73
F98: Trends Out: | G98: =J101 | J98: =IFERROR(__xludf.DUMMYFUNCTION("REGEXREPLACE(I92,""(.*)DELAYS:(.*)"",""$2"")"),"") | K98: Trends Out: | L98: =O101 | O98: =IFERROR(__xludf.DUMMYFUNCTION("REGEXREPLACE(N92,""(.*)DELAYS:(.*)"",""$2"")"),"") | P98: Trends Out: | Q98: =T101 | T98: =IFERROR(__xludf.DUMMYFUNCTION("REGEXREPLACE(S92,""(.*)DELAYS:(.*)"",""$2"")"),"") | AC98: 74
F99: Delays: | G99: =J103 | J99: =IF(J142=FALSE,"",LEFT(J136,3)) | K99: Delays: | L99: =O103 | O99: =IF(O142=FALSE,"",LEFT(O136,3)) | P99: Delays: | Q99: =T103 | T99: =IF(T142=FALSE,"",LEFT(T136,3)) | AC99: 75
J100: =IFERROR(__xludf.DUMMYFUNCTION("REGEXREPLACE(I100,""(.*)Inbound:(.*)"",""$2"")"),"") | O100: =IFERROR(__xludf.DUMMYFUNCTION("REGEXREPLACE(N100,""(.*)Inbound:(.*)"",""$2"")"),"") | T100: =IFERROR(__xludf.DUMMYFUNCTION("REGEXREPLACE(S100,""(.*)Inbound:(.*)"",""$2"")"),"") | AC100: 76
...

Sheet MondayBin
F1: Stats Update ~ 23h00 - 00h00 | K1: Stats Update ~ 07h00 - 08h00 | P1: Stats Update ~ 15h00 - 16h00 | W1: 0 | X1: =OriginalIDP!F3 -> 17.27 | Y1: =OriginalIDP!G3 -> 14.33 | Z1: =OriginalIDP!H3 -> -2.94 | AC1: 0 | AD1: 0 | AE1: 0 | AH1: 0 | AI1: 0
F2: ACK | G2: =J5 | J2: =IFERROR(__xludf.DUMMYFUNCTION("REGEXREPLACE(I2,""(.*)ACK:(.*)"",""$2"")"),"") | K2: ACK | L2: =O5 | O2: =IFERROR(__xludf.DUMMYFUNCTION("REGEXREPLACE(N2,""(.*)ACK:(.*)"",""$2"")"),"") | P2: ACK | Q2: =T5 | T2: =IFERROR(__xludf.DUMMYFUNCTION("REGEXREPLACE(S2,""(.*)ACK:(.*)"",""$2"")"),"") | W2: 0.010416667 | X2: =OriginalIDP!F4 -> 17.66 | Y2: =OriginalIDP!G4 -> 15 | Z2: =OriginalIDP!H4 -> -2.66 | AA2: 00h00-02h00 | AB2: =AVERAGE(Y1:Y8) -> 16.91625 | AC2: Time | AD2: Outbound | AE2: Inbound | AF2: Inbound Trend | AG2: Outbound Trend | AI2: Time | AJ2: Outbound | AK2: Inbound | AL2: Inbound Trend | AM2: Outbound Trend | AN2: LAW Lifesafety | AO2: LAW Burglary
F3: ASA | G3: =J6 | J3: =IFERROR(__xludf.DUMMYFUNCTION("REGEXREPLACE(I3,""(.*)SVL OUT:(.*)"",""$2"")"),"") | K3: ASA | L3: =O6 | O3: =IFERROR(__xludf.DUMMYFUNCTION("REGEXREPLACE(N3,""(.*)SVL OUT:(.*)"",""$2"")"),"") | P3: ASA | Q3: =T6 | T3: =IFERROR(__xludf.DUMMYFUNCTION("REGEXREPLACE(S3,""(.*)SVL OUT:(.*)"",""$2"")"),"") | W3: 0.020833333 | X3: =OriginalIDP!F5 -> 14.23 | Y3: =OriginalIDP!G5 -> 17 | Z3: =OriginalIDP!H5 -> 2.77 | AA3: 02h00-04h00 | AB3: =AVERAGE(Y9:Y16) -> 17.0825 | AC3: 23h00&00h00 | AD3: =VALUE(G5) -> 0 | AE3: =VALUE(G6) -> 0 | AF3: =VALUE(G7) -> 0 | AG3: =VALUE(G8) -> 0 | AH3: =IF(AD3 =0, "Missing", "Logged") -> Missing | AI3: 23h00&00h00 | AJ3: =IF(AD3<>0, AD3, "") | AK3: =IF(AE3<>0, AE3, "") | AL3: =IF(AF3<>0, AF3, "") | AM3: =IF(AG3<>0, AG3, "") | AN3: =COUNTIFS(AM25:AM224, "Mon", AO25:AO224, "0:00") + COUNTIFS(AM25:AM224, "Mon", AO25:AO224, "0:15") + COUNTIFS(AM25:AM224, "Mon", AO25:AO224, "0:30") + COUNTIFS(AM25:AM224, "Mon", AO25:AO224, "0:45") -> 0 | AO3: =COUNTIFS(AM226:AM1170, "Mon", AO226:AO1170, "0:00") + COUNTIFS(AM226:AM1170, "Mon", AO226:AO1170, "0:15") + COUNTIFS(AM226:AM1170, "Mon", AO226:AO1170, "0:30") + COUNTIFS(AM226:AM1170, "Mon", AO226:AO1170, "0:45") -> 0
F4: SAFE | G4: =J7 | J4: =IFERROR(__xludf.DUMMYFUNCTION("REGEXREPLACE(I4,""(.*)SVL IN:(.*)"",""$2"")"),"") | K4: SAFE | L4: =O7 | O4: =IFERROR(__xludf.DUMMYFUNCTION("REGEXREPLACE(N4,""(.*)SVL IN:(.*)"",""$2"")"),"") | P4: SAFE | Q4: =T7 | T4: =IFERROR(__xludf.DUMMYFUNCTION("REGEXREPLACE(S4,""(.*)SVL IN:(.*)"",""$2"")"),"") | W4: 0.03125 | X4: =OriginalIDP!F6 -> 13.39 | Y4: =OriginalIDP!G6 -> 18 | Z4: =OriginalIDP!H6 -> 4.61 | AA4: 04h00-06h00 | AB4: =AVERAGE(Y16:Y24) -> 15.852222 | AC4: 01h00 | AD4: =VALUE(G20) -> 0 | AE4: =VALUE(G21) -> 0 | AF4: =VALUE(G22) -> 0 | AG4: =VALUE(G23) -> 0 | AH4: =IF(AD4 =0, "Missing", "Logged") -> Missing | AI4: 01h00 | AJ4: =IF(AD4<>0, AD4, "") | AK4: =IF(AE4<>0, AE4, "") | AL4: =IF(AF4<>0, AF4, "") | AM4: =IF(AG4<>0, AG4, "") | AN4: =COUNTIFS(AM25:AM224, "Mon", AO25:AO224, "1:00") + COUNTIFS(AM25:AM224, "Mon", AO25:AO224, "1:15") + COUNTIFS(AM25:AM224, "Mon", AO25:AO224, "1:30") + COUNTIFS(AM25:AM224, "Mon", AO25:AO224, "1:45") -> 0 | AO4: =COUNTIFS(AM226:AM1170, "Mon", AO226:AO1170, "1:00") + COUNTIFS(AM226:AM1170, "Mon", AO226:AO1170, "1:15") + COUNTIFS(AM226:AM1170, "Mon", AO226:AO1170, "1:30") + COUNTIFS(AM226:AM1170, "Mon", AO226:AO1170, "1:45") -> 0
F5: SVL Outbound | G5: =J3 | J5: =IFERROR(__xludf.DUMMYFUNCTION("REGEXREPLACE(I5,""(.*)ACK:(.*)"",""$2"")"),"") | K5: SVL Outbound | L5: =O3 | O5: =IFERROR(__xludf.DUMMYFUNCTION("REGEXREPLACE(N5,""(.*)ACK:(.*)"",""$2"")"),"") | P5: SVL Outbound | Q5: =T3 | T5: =IFERROR(__xludf.DUMMYFUNCTION("REGEXREPLACE(S5,""(.*)ACK:(.*)"",""$2"")"),"") | W5: 0.041666667 | X5: =OriginalIDP!F7 -> 13.79 | Y5: =OriginalIDP!G7 -> 18.33 | Z5: =OriginalIDP!H7 -> 4.54 | AA5: 06h00-08h00 | AB5: =AVERAGE(Y24:Y32) -> 21.222222 | AC5: 02h00 | AD5: =VALUE(G35) -> 0 | AE5: =VALUE(G36) -> 0 | AF5: =VALUE(G37) -> 0 | AG5: =VALUE(G38) -> 0 | AH5: =IF(AD5 =0, "Missing", "Logged") -> Missing | AI5: 02h00 | AJ5: =IF(AD5<>0, AD5, "") | AK5: =IF(AE5<>0, AE5, "") | AL5: =IF(AF5<>0, AF5, "") | AM5: =IF(AG5<>0, AG5, "") | AN5: =COUNTIFS(AM25:AM224, "Mon", AO25:AO224, "2:00") + COUNTIFS(AM25:AM224, "Mon", AO25:AO224, "2:15") + COUNTIFS(AM25:AM224, "Mon", AO25:AO224, "2:30") + COUNTIFS(AM25:AM224, "Mon", AO25:AO224, "2:45") -> 0 | AO5: =COUNTIFS(AM226:AM1170, "Mon", AO226:AO1170, "2:00") + COUNTIFS(AM226:AM1170, "Mon", AO226:AO1170, "2:15") + COUNTIFS(AM226:AM1170, "Mon", AO226:AO1170, "2:30") + COUNTIFS(AM226:AM1170, "Mon", AO226:AO1170, "2:45") -> 0
F6: SVL Inbound | G6: =J4 | J6: =IFERROR(__xludf.DUMMYFUNCTION("REGEXREPLACE(I6,""(.*)ASA:(.*)"",""$2"")"),"") | K6: SVL Inbound | L6: =O4 | O6: =IFERROR(__xludf.DUMMYFUNCTION("REGEXREPLACE(N6,""(.*)ASA:(.*)"",""$2"")"),"") | P6: SVL Inbound | Q6: =T4 | T6: =IFERROR(__xludf.DUMMYFUNCTION("REGEXREPLACE(S6,""(.*)ASA:(.*)"",""$2"")"),"") | W6: 0.052083333 | X6: =OriginalIDP!F8 -> 12.37 | Y6: =OriginalIDP!G8 -> 17.67 | Z6: =OriginalIDP!H8 -> 5.3 | AC6: 03h00 | AD6: =VALUE(G50) -> 0 | AE6: =VALUE(G51) -> 0 | AF6: =VALUE(G52) -> 0 | AG6: =VALUE(G53) -> 0 | AH6: =IF(AD6 =0, "Missing", "Logged") -> Missing | AI6: 03h00 | AJ6: =IF(AD6<>0, AD6, "") | AK6: =IF(AE6<>0, AE6, "") | AL6: =IF(AF6<>0, AF6, "") | AM6: =IF(AG6<>0, AG6, "") | AN6: =COUNTIFS(AM25:AM224, "Mon", AO25:AO224, "3:00") + COUNTIFS(AM25:AM224, "Mon", AO25:AO224, "3:15") + COUNTIFS(AM25:AM224, "Mon", AO25:AO224, "3:30") + COUNTIFS(AM25:AM224, "Mon", AO25:AO224, "3:45") -> 0 | AO6: =COUNTIFS(AM226:AM1170, "Mon", AO226:AO1170, "3:00") + COUNTIFS(AM226:AM1170, "Mon", AO226:AO1170, "3:15") + COUNTIFS(AM226:AM1170, "Mon", AO226:AO1170, "3:30") + COUNTIFS(AM226:AM1170, "Mon", AO226:AO1170, "3:45") -> 0
F7: Trends In: | G7: =J10 | J7: =IFERROR(__xludf.DUMMYFUNCTION("REGEXREPLACE(I7,""(.*)SAFE:(.*)"",""$2"")"),"") | K7: Trends In: | L7: =O10 | O7: =IFERROR(__xludf.DUMMYFUNCTION("REGEXREPLACE(N7,""(.*)SAFE:(.*)"",""$2"")"),"") | P7: Trends In: | Q7: =T10 | T7: =IFERROR(__xludf.DUMMYFUNCTION("REGEXREPLACE(S7,""(.*)SAFE:(.*)"",""$2"")"),"") | W7: 0.0625 | X7: =OriginalIDP!F9 -> 13.59 | Y7: =OriginalIDP!G9 -> 18 | Z7: =OriginalIDP!H9 -> 4.41 | AA7: 08h00-10h00 | AB7: =AVERAGE(Y32:Y39) -> 27.4575 | AC7: 04h00 | AD7: =VALUE(G65) -> 0 | AE7: =VALUE(G66) -> 0 | AF7: =VALUE(G67) -> 0 | AG7: =VALUE(G68) -> 0 | AH7: =IF(AD7 =0, "Missing", "Logged") -> Missing | AI7: 04h00 | AJ7: =IF(AD7<>0, AD7, "") | AK7: =IF(AE7<>0, AE7, "") | AL7: =IF(AF7<>0, AF7, "") | AM7: =IF(AG7<>0, AG7, "") | AN7: =COUNTIFS(AM25:AM224, "Mon", AO25:AO224, "4:00") + COUNTIFS(AM25:AM224, "Mon", AO25:AO224, "4:15") + COUNTIFS(AM25:AM224, "Mon", AO25:AO224, "4:30") + COUNTIFS(AM25:AM224, "Mon", AO25:AO224, "4:45") -> 0 | AO7: =COUNTIFS(AM226:AM1170, "Mon", AO226:AO1170, "4:00") + COUNTIFS(AM226:AM1170, "Mon", AO226:AO1170, "4:15") + COUNTIFS(AM226:AM1170, "Mon", AO226:AO1170, "4:30") + COUNTIFS(AM226:AM1170, "Mon", AO226:AO1170, "4:45") -> 0
F8: Trends Out: | G8: =J11 | J8: =IFERROR(__xludf.DUMMYFUNCTION("REGEXREPLACE(I2,""(.*)DELAYS:(.*)"",""$2"")"),"") | K8: Trends Out: | L8: =O11 | O8: =IFERROR(__xludf.DUMMYFUNCTION("REGEXREPLACE(N2,""(.*)DELAYS:(.*)"",""$2"")"),"") | P8: Trends Out: | Q8: =T11 | T8: =IFERROR(__xludf.DUMMYFUNCTION("REGEXREPLACE(S2,""(.*)DELAYS:(.*)"",""$2"")"),"") | W8: 0.072916667 | X8: =OriginalIDP!F10 -> 13.63 | Y8: =OriginalIDP!G10 -> 17 | Z8: =OriginalIDP!H10 -> 3.37 | AA8: 10h00-11h00 | AB8: =Average(Y39:Y43) -> 30.398 | AC8: 05h00 | AD8: =VALUE(G80) -> 0 | AE8: =VALUE(G81) -> 0 | AF8: =VALUE(G82) -> 0 | AG8: =VALUE(G83) -> 0 | AH8: =IF(AD8 =0, "Missing", "Logged") -> Missing | AI8: 05h00 | AJ8: =IF(AD8<>0, AD8, "") | AK8: =IF(AE8<>0, AE8, "") | AL8: =IF(AF8<>0, AF8, "") | AM8: =IF(AG8<>0, AG8, "") | AN8: =COUNTIFS(AM25:AM224, "Mon", AO25:AO224, "5:00") + COUNTIFS(AM25:AM224, "Mon", AO25:AO224, "5:15") + COUNTIFS(AM25:AM224, "Mon", AO25:AO224, "5:30") + COUNTIFS(AM25:AM224, "Mon", AO25:AO224, "5:45") -> 0 | AO8: =COUNTIFS(AM226:AM1170, "Mon", AO226:AO1170, "5:00") + COUNTIFS(AM226:AM1170, "Mon", AO226:AO1170, "5:15") + COUNTIFS(AM226:AM1170, "Mon", AO226:AO1170, "5:30") + COUNTIFS(AM226:AM1170, "Mon", AO226:AO1170, "5:45") -> 0
F9: Delays: | G9: =J13 | J9: =IF(J52=FALSE,"",LEFT(J46,3)) | K9: Delays: | L9: =O13 | O9: =IF(O52=FALSE,"",LEFT(O46,3)) | P9: Delays: | Q9: =T13 | T9: =IF(T52=FALSE,"",LEFT(T46,3)) | W9: 0.09375 | X9: =OriginalIDP!F11 -> 14.2 | Y9: =OriginalIDP!G11 -> 18 | Z9: =OriginalIDP!H11 -> 3.8 | AA9: 11h00-12h00 | AB9: =Average(Y43:Y47) -> 31.132 | AC9: 06h00 | AD9: =VALUE(G95) -> 0 | AE9: =VALUE(G96) -> 0 | AF9: =VALUE(G97) -> 0 | AG9: =VALUE(G98) -> 0 | AH9: =IF(AD9 =0, "Missing", "Logged") -> Missing | AI9: 06h00 | AJ9: =IF(AD9<>0, AD9, "") | AK9: =IF(AE9<>0, AE9, "") | AL9: =IF(AF9<>0, AF9, "") | AM9: =IF(AG9<>0, AG9, "") | AN9: =COUNTIFS(AM25:AM224, "Mon", AO25:AO224, "6:00") + COUNTIFS(AM25:AM224, "Mon", AO25:AO224, "6:15") + COUNTIFS(AM25:AM224, "Mon", AO25:AO224, "6:30") + COUNTIFS(AM25:AM224, "Mon", AO25:AO224, "6:45") -> 0 | AO9: =COUNTIFS(AM226:AM1170, "Mon", AO226:AO1170, "6:00") + COUNTIFS(AM226:AM1170, "Mon", AO226:AO1170, "6:15") + COUNTIFS(AM226:AM1170, "Mon", AO226:AO1170, "6:30") + COUNTIFS(AM226:AM1170, "Mon", AO226:AO1170, "6:45") -> 0
J10: =IFERROR(__xludf.DUMMYFUNCTION("REGEXREPLACE(I10,""(.*)Inbound:(.*)"",""$2"")"),"") | O10: =IFERROR(__xludf.DUMMYFUNCTION("REGEXREPLACE(N10,""(.*)Inbound:(.*)"",""$2"")"),"") | T10: =IFERROR(__xludf.DUMMYFUNCTION("REGEXREPLACE(S10,""(.*)Inbound:(.*)"",""$2"")"),"") | W10: 0.10416667 | X10: =OriginalIDP!F12 -> 21.77 | Y10: =OriginalIDP!G12 -> 16 | Z10: =OriginalIDP!H12 -> -5.77 | AA10: 12h00-14h00 | AB10: =AVERAGE(Y47:Y54) -> 32.24875 | AC10: 07h00&08h00 | AD10: =VALUE(L5) -> 0 | AE10: =VALUE(L6) -> 0 | AF10: =VALUE(L7) -> 0 | AG10: =VALUE(L8) -> 0 | AH10: =IF(AD10 =0, "Missing", "Logged") -> Missing | AI10: 07h00&08h00 | AJ10: =IF(AD10<>0, AD10, "") | AK10: =IF(AE10<>0, AE10, "") | AL10: =IF(AF10<>0, AF10, "") | AM10: =IF(AG10<>0, AG10, "") | AN10: =COUNTIFS(AM25:AM224, "Mon", AO25:AO224, "7:00") + COUNTIFS(AM25:AM224, "Mon", AO25:AO224, "7:15") + COUNTIFS(AM25:AM224, "Mon", AO25:AO224, "7:30") + COUNTIFS(AM25:AM224, "Mon", AO25:AO224, "7:45") + COUNTIFS(AM25:AM224, "Mon", AO25:AO224, "8:00") + COUNTIFS(AM25:AM224, "Mon", AO25:AO224, "8:15") + COUNTIFS(AM25:AM224, "Mon", AO25:AO224, "8:30") + COUNTIFS(AM25:AM224, "Mon", AO25:AO224, "8:45") -> 0 | AO10: =COUNTIFS(AM226:AM1170, "Mon", AO226:AO1170, "7:00") + COUNTIFS(AM226:AM1170, "Mon", AO226:AO1170, "7:15") + COUNTIFS(AM226:AM1170, "Mon", AO226:AO1170, "7:30") + COUNTIFS(AM226:AM1170, "Mon", AO226:AO1170, "7:45") + COUNTIFS(AM226:AM1170, "Mon", AO226:AO1170, "8:00") + COUNTIFS(AM226:AM1170, "Mon", AO226:AO1170, "8:15") + COUNTIFS(AM226:AM1170, "Mon", AO226:AO1170, "8:30") + COUNTIFS(AM226:AM1170, "Mon", AO226:AO1170, "8:45") -> 0
F11: Notes | G11: =J15 | J11: =IFERROR(__xludf.DUMMYFUNCTION("REGEXREPLACE(I11,""(.*)Outbound:(.*)"",""$2"")"),"") | K11: Notes | L11: =O15 | O11: =IFERROR(__xludf.DUMMYFUNCTION("REGEXREPLACE(N11,""(.*)Outbound:(.*)"",""$2"")"),"") | P11: Notes | Q11: =T15 | T11: =IFERROR(__xludf.DUMMYFUNCTION("REGEXREPLACE(S11,""(.*)Outbound:(.*)"",""$2"")"),"") | W11: 0.11458333 | X11: =OriginalIDP!F13 -> 28.03 | Y11: =OriginalIDP!G13 -> 14.33 | Z11: =OriginalIDP!H13 -> -13.7 | AC11: 09h00 | AD11: =VALUE(L20) -> 0 | AE11: =VALUE(L21) -> 0 | AF11: =VALUE(L22) -> 0 | AG11: =VALUE(L23) -> 0 | AH11: =IF(AD11 =0, "Missing", "Logged") -> Missing | AI11: 09h00 | AJ11: =IF(AD11<>0, AD11, "") | AK11: =IF(AE11<>0, AE11, "") | AL11: =IF(AF11<>0, AF11, "") | AM11: =IF(AG11<>0, AG11, "") | AN11: =COUNTIFS(AM25:AM224, "Mon", AO25:AO224, "9:00") + COUNTIFS(AM25:AM224, "Mon", AO25:AO224, "9:15") + COUNTIFS(AM25:AM224, "Mon", AO25:AO224, "9:30") + COUNTIFS(AM25:AM224, "Mon", AO25:AO224, "9:45") -> 0 | AO11: =COUNTIFS(AM226:AM1170, "Mon", AO226:AO1170, "9:00") + COUNTIFS(AM226:AM1170, "Mon", AO226:AO1170, "9:15") + COUNTIFS(AM226:AM1170, "Mon", AO226:AO1170, "9:30") + COUNTIFS(AM226:AM1170, "Mon", AO226:AO1170, "9:45") -> 0
W12: 0.125 | X12: =OriginalIDP!F14 -> 14.2 | Y12: =OriginalIDP!G14 -> 17 | Z12: =OriginalIDP!H14 -> 2.8 | AA12: 16h00-18h00 | AB12: =AVERAGE(Y62:Y69) -> 27.33375 | AC12: 10h00 | AD12: =VALUE(L35) -> 0 | AE12: =VALUE(L36) -> 0 | AF12: =VALUE(L37) -> 0 | AG12: =VALUE(L38) -> 0 | AH12: =IF(AD12 =0, "Missing", "Logged") -> Missing | AI12: 10h00 | AJ12: =IF(AD12<>0, AD12, "") | AK12: =IF(AE12<>0, AE12, "") | AL12: =IF(AF12<>0, AF12, "") | AM12: =IF(AG12<>0, AG12, "") | AN12: =COUNTIFS(AM25:AM224, "Mon", AO25:AO224, "10:00") + COUNTIFS(AM25:AM224, "Mon", AO25:AO224, "10:15") + COUNTIFS(AM25:AM224, "Mon", AO25:AO224, "10:30") + COUNTIFS(AM25:AM224, "Mon", AO25:AO224, "10:45") -> 0 | AO12: =COUNTIFS(AM226:AM1170, "Mon", AO226:AO1170, "10:00") + COUNTIFS(AM226:AM1170, "Mon", AO226:AO1170, "10:15") + COUNTIFS(AM226:AM1170, "Mon", AO226:AO1170, "10:30") + COUNTIFS(AM226:AM1170, "Mon", AO226:AO1170, "10:45") -> 0
J13: =Right(I13,100) | O13: =Right(N13,100) | T13: =Right(S13,100) | W13: 0.13541667 | X13: =OriginalIDP!F15 -> 14.78 | Y13: =OriginalIDP!G15 -> 17.66 | Z13: =OriginalIDP!H15 -> 2.88 | AA13: 18h00-20h00 | AB13: =AVERAGE(Y69:Y77) -> 29.481111 | AC13: 11h00 | AD13: =VALUE(L50) -> 0 | AE13: =VALUE(L51) -> 0 | AF13: =VALUE(L52) -> 0 | AG13: =VALUE(L53) -> 0 | AH13: =IF(AD13 =0, "Missing", "Logged") -> Missing | AI13: 11h00 | AJ13: =IF(AD13<>0, AD13, "") | AK13: =IF(AE13<>0, AE13, "") | AL13: =IF(AF13<>0, AF13, "") | AM13: =IF(AG13<>0, AG13, "") | AN13: =COUNTIFS(AM25:AM224, "Mon", AO25:AO224, "11:00") + COUNTIFS(AM25:AM224, "Mon", AO25:AO224, "11:15") + COUNTIFS(AM25:AM224, "Mon", AO25:AO224, "11:30") + COUNTIFS(AM25:AM224, "Mon", AO25:AO224, "11:45") -> 0 | AO13: =COUNTIFS(AM226:AM1170, "Mon", AO226:AO1170, "11:00") + COUNTIFS(AM226:AM1170, "Mon", AO226:AO1170, "11:15") + COUNTIFS(AM226:AM1170, "Mon", AO226:AO1170, "11:30") + COUNTIFS(AM226:AM1170, "Mon", AO226:AO1170, "11:45") -> 0
W14: 0.14583333 | X14: =OriginalIDP!F16 -> 13.81 | Y14: =OriginalIDP!G16 -> 18 | Z14: =OriginalIDP!H16 -> 4.19 | AA14: 20h00-22h00 | AB14: =AVERAGE(Y77:Y85) -> 26.368889 | AC14: 12h00 | AD14: =VALUE(L65) -> 0 | AE14: =VALUE(L66) -> 0 | AF14: =VALUE(L67) -> 0 | AG14: =VALUE(L68) -> 0 | AH14: =IF(AD14 =0, "Missing", "Logged") -> Missing | AI14: 12h00 | AJ14: =IF(AD14<>0, AD14, "") | AK14: =IF(AE14<>0, AE14, "") | AL14: =IF(AF14<>0, AF14, "") | AM14: =IF(AG14<>0, AG14, "") | AN14: =COUNTIFS(AM25:AM224, "Mon", AO25:AO224, "12:00") + COUNTIFS(AM25:AM224, "Mon", AO25:AO224, "12:15") + COUNTIFS(AM25:AM224, "Mon", AO25:AO224, "12:30") + COUNTIFS(AM25:AM224, "Mon", AO25:AO224, "12:45") -> 0 | AO14: =COUNTIFS(AM226:AM1170, "Mon", AO226:AO1170, "12:00") + COUNTIFS(AM226:AM1170, "Mon", AO226:AO1170, "12:15") + COUNTIFS(AM226:AM1170, "Mon", AO226:AO1170, "12:30") + COUNTIFS(AM226:AM1170, "Mon", AO226:AO1170, "12:45") -> 0
J15: =Right(I15,150) | O15: =Right(N15,150) | T15: =Right(S15,150) | W15: 0.15625 | X15: =OriginalIDP!F17 -> 15.4 | Y15: =OriginalIDP!G17 -> 17.67 | Z15: =OriginalIDP!H17 -> 2.27 | AA15: 22h00-00h00 | AB15: =AVERAGE(Y85:Y92) -> 22.04 | AC15: 13h00 | AD15: =VALUE(L80) -> 0 | AE15: =VALUE(L81) -> 0 | AF15: =VALUE(L82) -> 0 | AG15: =VALUE(L83) -> 0 | AH15: =IF(AD15 =0, "Missing", "Logged") -> Missing | AI15: 13h00 | AJ15: =IF(AD15<>0, AD15, "") | AK15: =IF(AE15<>0, AE15, "") | AL15: =IF(AF15<>0, AF15, "") | AM15: =IF(AG15<>0, AG15, "") | AN15: =COUNTIFS(AM25:AM224, "Mon", AO25:AO224, "13:00") + COUNTIFS(AM25:AM224, "Mon", AO25:AO224, "13:15") + COUNTIFS(AM25:AM224, "Mon", AO25:AO224, "13:30") + COUNTIFS(AM25:AM224, "Mon", AO25:AO224, "13:45") -> 0 | AO15: =COUNTIFS(AM226:AM1170, "Mon", AO226:AO1170, "13:00") + COUNTIFS(AM226:AM1170, "Mon", AO226:AO1170, "13:15") + COUNTIFS(AM226:AM1170, "Mon", AO226:AO1170, "13:30") + COUNTIFS(AM226:AM1170, "Mon", AO226:AO1170, "13:45") -> 0
F16: Stats Update ~ 01h00 | K16: Stats Update ~ 09h00 | P16: Stats Update ~ 17h00 | W16: 0.16666667 | X16: =OriginalIDP!F18 -> 12.45 | Y16: =OriginalIDP!G18 -> 18 | Z16: =OriginalIDP!H18 -> 5.55 | AC16: 14h00 | AD16: =VALUE(L95) -> 0 | AE16: =VALUE(L96) -> 0 | AF16: =VALUE(L97) -> 0 | AG16: =VALUE(L98) -> 0 | AH16: =IF(AD16 =0, "Missing", "Logged") -> Missing | AI16: 14h00 | AJ16: =IF(AD16<>0, AD16, "") | AK16: =IF(AE16<>0, AE16, "") | AL16: =IF(AF16<>0, AF16, "") | AM16: =IF(AG16<>0, AG16, "") | AN16: =COUNTIFS(AM25:AM224, "Mon", AO25:AO224, "14:00") + COUNTIFS(AM25:AM224, "Mon", AO25:AO224, "14:15") + COUNTIFS(AM25:AM224, "Mon", AO25:AO224, "14:30") + COUNTIFS(AM25:AM224, "Mon", AO25:AO224, "14:45") -> 0 | AO16: =COUNTIFS(AM226:AM1170, "Mon", AO226:AO1170, "14:00") + COUNTIFS(AM226:AM1170, "Mon", AO226:AO1170, "14:15") + COUNTIFS(AM226:AM1170, "Mon", AO226:AO1170, "14:30") + COUNTIFS(AM226:AM1170, "Mon", AO226:AO1170, "14:45") -> 0
F17: ACK | G17: =J20 | J17: =IFERROR(__xludf.DUMMYFUNCTION("REGEXREPLACE(I17,""(.*)ACK:(.*)"",""$2"")"),"") | K17: ACK | L17: =O20 | O17: =IFERROR(__xludf.DUMMYFUNCTION("REGEXREPLACE(N17,""(.*)ACK:(.*)"",""$2"")"),"") | P17: ACK | Q17: =T20 | T17: =IFERROR(__xludf.DUMMYFUNCTION("REGEXREPLACE(S17,""(.*)ACK:(.*)"",""$2"")"),"") | W17: 0.17708333 | X17: =OriginalIDP!F19 -> 12.6 | Y17: =OriginalIDP!G19 -> 14 | Z17: =OriginalIDP!H19 -> 1.4 | AC17: 15h00&16h00 | AD17: =VALUE(Q5) -> 0 | AE17: =VALUE(Q6) -> 0 | AF17: =VALUE(Q7) -> 0 | AG17: =VALUE(Q8) -> 0 | AH17: =IF(AD17 =0, "Missing", "Logged") -> Missing | AI17: 15h00&16h00 | AJ17: =IF(AD17<>0, AD17, "") | AK17: =IF(AE17<>0, AE17, "") | AL17: =IF(AF17<>0, AF17, "") | AM17: =IF(AG17<>0, AG17, "") | AN17: =COUNTIFS(AM25:AM224, "Mon", AO25:AO224, "15:00") + COUNTIFS(AM25:AM224, "Mon", AO25:AO224, "15:15") + COUNTIFS(AM25:AM224, "Mon", AO25:AO224, "15:30") + COUNTIFS(AM25:AM224, "Mon", AO25:AO224, "15:45") + COUNTIFS(AM25:AM224, "Mon", AO25:AO224, "16:00") + COUNTIFS(AM25:AM224, "Mon", AO25:AO224, "16:15") + COUNTIFS(AM25:AM224, "Mon", AO25:AO224, "16:30") + COUNTIFS(AM25:AM224, "Mon", AO25:AO224, "16:45") -> 0 | AO17: =COUNTIFS(AM226:AM1170, "Mon", AO226:AO1170, "15:00") + COUNTIFS(AM226:AM1170, "Mon", AO226:AO1170, "15:15") + COUNTIFS(AM226:AM1170, "Mon", AO226:AO1170, "15:30") + COUNTIFS(AM226:AM1170, "Mon", AO226:AO1170, "15:45") + COUNTIFS(AM226:AM1170, "Mon", AO226:AO1170, "16:00") + COUNTIFS(AM226:AM1170, "Mon", AO226:AO1170, "16:15") + COUNTIFS(AM226:AM1170, "Mon", AO226:AO1170, "16:30") + COUNTIFS(AM226:AM1170, "Mon", AO226:AO1170, "16:45") -> 0
F18: ASA | G18: =J21 | J18: =IFERROR(__xludf.DUMMYFUNCTION("REGEXREPLACE(I18,""(.*)SVL OUT:(.*)"",""$2"")"),"") | K18: ASA | L18: =O21 | O18: =IFERROR(__xludf.DUMMYFUNCTION("REGEXREPLACE(N18,""(.*)SVL OUT:(.*)"",""$2"")"),"") | P18: ASA | Q18: =T21 | T18: =IFERROR(__xludf.DUMMYFUNCTION("REGEXREPLACE(S18,""(.*)SVL OUT:(.*)"",""$2"")"),"") | W18: 0.1875 | X18: =OriginalIDP!F20 -> 14.65 | Y18: =OriginalIDP!G20 -> 11.67 | Z18: =OriginalIDP!H20 -> -2.98 | AC18: 17h00 | AD18: =VALUE(Q20) -> 0 | AE18: =VALUE(Q21) -> 0 | AF18: =VALUE(Q22) -> 0 | AG18: =VALUE(Q23) -> 0 | AH18: =IF(AD18 =0, "Missing", "Logged") -> Missing | AI18: 17h00 | AJ18: =IF(AD18<>0, AD18, "") | AK18: =IF(AE18<>0, AE18, "") | AL18: =IF(AF18<>0, AF18, "") | AM18: =IF(AG18<>0, AG18, "") | AN18: =COUNTIFS(AM25:AM224, "Mon", AO25:AO224, "17:00") + COUNTIFS(AM25:AM224, "Mon", AO25:AO224, "17:15") + COUNTIFS(AM25:AM224, "Mon", AO25:AO224, "17:30") + COUNTIFS(AM25:AM224, "Mon", AO25:AO224, "17:45") -> 0 | AO18: =COUNTIFS(AM226:AM1170, "Mon", AO226:AO1170, "17:00") + COUNTIFS(AM226:AM1170, "Mon", AO226:AO1170, "17:15") + COUNTIFS(AM226:AM1170, "Mon", AO226:AO1170, "17:30") + COUNTIFS(AM226:AM1170, "Mon", AO226:AO1170, "17:45") -> 0
F19: SAFE | G19: =J22 | J19: =IFERROR(__xludf.DUMMYFUNCTION("REGEXREPLACE(I19,""(.*)SVL IN:(.*)"",""$2"")"),"") | K19: SAFE | L19: =O22 | O19: =IFERROR(__xludf.DUMMYFUNCTION("REGEXREPLACE(N19,""(.*)SVL IN:(.*)"",""$2"")"),"") | P19: SAFE | Q19: =T22 | T19: =IFERROR(__xludf.DUMMYFUNCTION("REGEXREPLACE(S19,""(.*)SVL IN:(.*)"",""$2"")"),"") | W19: 0.19791667 | X19: =OriginalIDP!F21 -> 18.41 | Y19: =OriginalIDP!G21 -> 13.67 | Z19: =OriginalIDP!H21 -> -4.74 | AC19: 18h00 | AD19: =VALUE(Q35) -> 0 | AE19: =VALUE(Q36) -> 0 | AF19: =VALUE(Q37) -> 0 | AG19: =VALUE(Q38) -> 0 | AH19: =IF(AD19 =0, "Missing", "Logged") -> Missing | AI19: 18h00 | AJ19: =IF(AD19<>0, AD19, "") | AK19: =IF(AE19<>0, AE19, "") | AL19: =IF(AF19<>0, AF19, "") | AM19: =IF(AG19<>0, AG19, "") | AN19: =COUNTIFS(AM25:AM224, "Mon", AO25:AO224, "18:00") + COUNTIFS(AM25:AM224, "Mon", AO25:AO224, "18:15") + COUNTIFS(AM25:AM224, "Mon", AO25:AO224, "18:30") + COUNTIFS(AM25:AM224, "Mon", AO25:AO224, "18:45") -> 0 | AO19: =COUNTIFS(AM226:AM1170, "Mon", AO226:AO1170, "18:00") + COUNTIFS(AM226:AM1170, "Mon", AO226:AO1170, "18:15") + COUNTIFS(AM226:AM1170, "Mon", AO226:AO1170, "18:30") + COUNTIFS(AM226:AM1170, "Mon", AO226:AO1170, "18:45") -> 0
F20: SVL Outbound | G20: =J18 | J20: =IFERROR(__xludf.DUMMYFUNCTION("REGEXREPLACE(I20,""(.*)ACK:(.*)"",""$2"")"),"") | K20: SVL Outbound | L20: =O18 | O20: =IFERROR(__xludf.DUMMYFUNCTION("REGEXREPLACE(N20,""(.*)ACK:(.*)"",""$2"")"),"") | P20: SVL Outbound | Q20: =T18 | T20: =IFERROR(__xludf.DUMMYFUNCTION("REGEXREPLACE(S20,""(.*)ACK:(.*)"",""$2"")"),"") | W20: 0.20833333 | X20: =OriginalIDP!F22 -> 16.7 | Y20: =OriginalIDP!G22 -> 16 | Z20: =OriginalIDP!H22 -> -0.7 | AC20: 19h00 | AD20: =VALUE(Q50) -> 0 | AE20: =VALUE(Q51) -> 0 | AF20: =VALUE(Q52) -> 0 | AG20: =VALUE(Q53) -> 0 | AH20: =IF(AD20 =0, "Missing", "Logged") -> Missing | AI20: 19h00 | AJ20: =IF(AD20<>0, AD20, "") | AK20: =IF(AE20<>0, AE20, "") | AL20: =IF(AF20<>0, AF20, "") | AM20: =IF(AG20<>0, AG20, "") | AN20: =COUNTIFS(AM25:AM224, "Mon", AO25:AO224, "19:00") + COUNTIFS(AM25:AM224, "Mon", AO25:AO224, "19:15") + COUNTIFS(AM25:AM224, "Mon", AO25:AO224, "19:30") + COUNTIFS(AM25:AM224, "Mon", AO25:AO224, "19:45") -> 0 | AO20: =COUNTIFS(AM226:AM1170, "Mon", AO226:AO1170, "19:00") + COUNTIFS(AM226:AM1170, "Mon", AO226:AO1170, "19:15") + COUNTIFS(AM226:AM1170, "Mon", AO226:AO1170, "19:30") + COUNTIFS(AM226:AM1170, "Mon", AO226:AO1170, "19:45") -> 0
F21: SVL Inbound | G21: =J19 | J21: =IFERROR(__xludf.DUMMYFUNCTION("REGEXREPLACE(I21,""(.*)ASA:(.*)"",""$2"")"),"") | K21: SVL Inbound | L21: =O19 | O21: =IFERROR(__xludf.DUMMYFUNCTION("REGEXREPLACE(N21,""(.*)ASA:(.*)"",""$2"")"),"") | P21: SVL Inbound | Q21: =T19 | T21: =IFERROR(__xludf.DUMMYFUNCTION("REGEXREPLACE(S21,""(.*)ASA:(.*)"",""$2"")"),"") | W21: 0.21875 | X21: =OriginalIDP!F23 -> 16.14 | Y21: =OriginalIDP!G23 -> 16.66 | Z21: =OriginalIDP!H23 -> 0.52 | AC21: 20h00 | AD21: =VALUE(Q65) -> 0 | AE21: =VALUE(Q66) -> 0 | AF21: =VALUE(Q67) -> 0 | AG21: =VALUE(Q68) -> 0 | AH21: =IF(AD21 =0, "Missing", "Logged") -> Missing | AI21: 20h00 | AJ21: =IF(AD21<>0, AD21, "") | AK21: =IF(AE21<>0, AE21, "") | AL21: =IF(AF21<>0, AF21, "") | AM21: =IF(AG21<>0, AG21, "") | AN21: =COUNTIFS(AM25:AM224, "Mon", AO25:AO224, "20:00") + COUNTIFS(AM25:AM224, "Mon", AO25:AO224, "20:15") + COUNTIFS(AM25:AM224, "Mon", AO25:AO224, "20:30") + COUNTIFS(AM25:AM224, "Mon", AO25:AO224, "20:45") -> 0 | AO21: =COUNTIFS(AM226:AM1170, "Mon", AO226:AO1170, "20:00") + COUNTIFS(AM226:AM1170, "Mon", AO226:AO1170, "20:15") + COUNTIFS(AM226:AM1170, "Mon", AO226:AO1170, "20:30") + COUNTIFS(AM226:AM1170, "Mon", AO226:AO1170, "20:45") -> 0
F22: Trends In: | G22: =J25 | J22: =IFERROR(__xludf.DUMMYFUNCTION("REGEXREPLACE(I22,""(.*)SAFE:(.*)"",""$2"")"),"") | K22: Trends In: | L22: =O25 | O22: =IFERROR(__xludf.DUMMYFUNCTION("REGEXREPLACE(N22,""(.*)SAFE:(.*)"",""$2"")"),"") | P22: Trends In: | Q22: =T25 | T22: =IFERROR(__xludf.DUMMYFUNCTION("REGEXREPLACE(S22,""(.*)SAFE:(.*)"",""$2"")"),"") | W22: 0.22916667 | X22: =OriginalIDP!F24 -> 17.87 | Y22: =OriginalIDP!G24 -> 16 | Z22: =OriginalIDP!H24 -> -1.87 | AC22: 21h00 | AD22: =VALUE(Q80) -> 0 | AE22: =VALUE(Q81) -> 0 | AF22: =VALUE(Q82) -> 0 | AG22: =VALUE(Q83) -> 0 | AH22: =IF(AD22 =0, "Missing", "Logged") -> Missing | AI22: 21h00 | AJ22: =IF(AD22<>0, AD22, "") | AK22: =IF(AE22<>0, AE22, "") | AL22: =IF(AF22<>0, AF22, "") | AM22: =IF(AG22<>0, AG22, "") | AN22: =COUNTIFS(AM25:AM224, "Mon", AO25:AO224, "21:00") + COUNTIFS(AM25:AM224, "Mon", AO25:AO224, "21:15") + COUNTIFS(AM25:AM224, "Mon", AO25:AO224, "21:30") + COUNTIFS(AM25:AM224, "Mon", AO25:AO224, "21:45") -> 0 | AO22: =COUNTIFS(AM226:AM1170, "Mon", AO226:AO1170, "21:00") + COUNTIFS(AM226:AM1170, "Mon", AO226:AO1170, "21:15") + COUNTIFS(AM226:AM1170, "Mon", AO226:AO1170, "21:30") + COUNTIFS(AM226:AM1170, "Mon", AO226:AO1170, "21:45") -> 0
F23: Trends Out: | G23: =J26 | J23: =IFERROR(__xludf.DUMMYFUNCTION("REGEXREPLACE(I17,""(.*)DELAYS:(.*)"",""$2"")"),"") | K23: Trends Out: | L23: =O26 | O23: =IFERROR(__xludf.DUMMYFUNCTION("REGEXREPLACE(N17,""(.*)DELAYS:(.*)"",""$2"")"),"") | P23: Trends Out: | Q23: =T26 | T23: =IFERROR(__xludf.DUMMYFUNCTION("REGEXREPLACE(S17,""(.*)DELAYS:(.*)"",""$2"")"),"") | W23: 0.23958333 | X23: =OriginalIDP!F25 -> 22.69 | Y23: =OriginalIDP!G25 -> 18.67 | Z23: =OriginalIDP!H25 -> -4.02 | AC23: 22h00 | AD23: =VALUE(Q95) -> 0 | AE23: =VALUE(Q96) -> 0 | AF23: =VALUE(Q97) -> 0 | AG23: =VALUE(Q98) -> 0 | AH23: =IF(AD23 =0, "Missing", "Logged") -> Missing | AI23: 22h00 | AJ23: =IF(AD23<>0, AD23, "") | AK23: =IF(AE23<>0, AE23, "") | AL23: =IF(AF23<>0, AF23, "") | AM23: =IF(AG23<>0, AG23, "") | AN23: =COUNTIFS(AM25:AM224, "Mon", AO25:AO224, "22:00") + COUNTIFS(AM25:AM224, "Mon", AO25:AO224, "22:15") + COUNTIFS(AM25:AM224, "Mon", AO25:AO224, "22:30") + COUNTIFS(AM25:AM224, "Mon", AO25:AO224, "22:45") -> 0 | AO23: =COUNTIFS(AM226:AM1170, "Mon", AO226:AO1170, "22:00") + COUNTIFS(AM226:AM1170, "Mon", AO226:AO1170, "22:15") + COUNTIFS(AM226:AM1170, "Mon", AO226:AO1170, "22:30") + COUNTIFS(AM226:AM1170, "Mon", AO226:AO1170, "22:45") -> 0
F24: Delays: | G24: =J28 | J24: =IF(J67=FALSE,"",LEFT(J61,3)) | K24: Delays: | L24: =O28 | O24: =IF(O67=FALSE,"",LEFT(O61,3)) | P24: Delays: | Q24: =T28 | T24: =IF(T67=FALSE,"",LEFT(T61,3)) | W24: 0.25 | X24: =OriginalIDP!F26 -> 21.8 | Y24: =OriginalIDP!G26 -> 18 | Z24: =OriginalIDP!H26 -> -3.8 | AC24: LAW LIFESAFETY UNDER HERE
J25: =IFERROR(__xludf.DUMMYFUNCTION("REGEXREPLACE(I25,""(.*)Inbound:(.*)"",""$2"")"),"") | O25: =IFERROR(__xludf.DUMMYFUNCTION("REGEXREPLACE(N25,""(.*)Inbound:(.*)"",""$2"")"),"") | T25: =IFERROR(__xludf.DUMMYFUNCTION("REGEXREPLACE(S25,""(.*)Inbound:(.*)"",""$2"")"),"") | W25: 0.26041667 | X25: =OriginalIDP!F27 -> 14.28 | Y25: =OriginalIDP!G27 -> 20 | Z25: =OriginalIDP!H27 -> 5.72 | AC25: 1
F26: Notes | G26: =J30 | J26: =IFERROR(__xludf.DUMMYFUNCTION("REGEXREPLACE(I26,""(.*)Outbound:(.*)"",""$2"")"),"") | K26: Notes | L26: =O30 | O26: =IFERROR(__xludf.DUMMYFUNCTION("REGEXREPLACE(N26,""(.*)Outbound:(.*)"",""$2"")"),"") | P26: Notes | Q26: =T30 | T26: =IFERROR(__xludf.DUMMYFUNCTION("REGEXREPLACE(S26,""(.*)Outbound:(.*)"",""$2"")"),"") | W26: 0.27083333 | X26: =OriginalIDP!F28 -> 16.08 | Y26: =OriginalIDP!G28 -> 22 | Z26: =OriginalIDP!H28 -> 5.92 | AC26: 2
W27: 0.28125 | X27: =OriginalIDP!F29 -> 16.25 | Y27: =OriginalIDP!G29 -> 22 | Z27: =OriginalIDP!H29 -> 5.75 | AC27: 3
J28: =Right(I28,100) | O28: =Right(N28,100) | T28: =Right(S28,100) | W28: 0.29166667 | X28: =OriginalIDP!F30 -> 19.05 | Y28: =OriginalIDP!G30 -> 22 | Z28: =OriginalIDP!H30 -> 2.95 | AC28: 4
W29: 0.30208333 | X29: =OriginalIDP!F31 -> 17.48 | Y29: =OriginalIDP!G31 -> 20 | Z29: =OriginalIDP!H31 -> 2.52 | AC29: 5
J30: =Right(I30,150) | O30: =Right(N30,150) | T30: =Right(S30,150) | W30: 0.3125 | X30: =OriginalIDP!F32 -> 21.02 | Y30: =OriginalIDP!G32 -> 22 | Z30: =OriginalIDP!H32 -> 0.98 | AC30: 6
F31: Stats Update ~ 02h00 | K31: Stats Update ~ 10h00 | P31: Stats Update ~ 18h00 | W31: 0.32291667 | X31: =OriginalIDP!F33 -> 21.33 | Y31: =OriginalIDP!G33 -> 20 | Z31: =OriginalIDP!H33 -> -1.33 | AC31: 7
F32: ACK | G32: =J35 | J32: =IFERROR(__xludf.DUMMYFUNCTION("REGEXREPLACE(I32,""(.*)ACK:(.*)"",""$2"")"),"") | K32: ACK | L32: =O35 | O32: =IFERROR(__xludf.DUMMYFUNCTION("REGEXREPLACE(N32,""(.*)ACK:(.*)"",""$2"")"),"") | P32: ACK | Q32: =T35 | T32: =IFERROR(__xludf.DUMMYFUNCTION("REGEXREPLACE(S32,""(.*)ACK:(.*)"",""$2"")"),"") | W32: 0.33333333 | X32: =OriginalIDP!F34 -> 28.8 | Y32: =OriginalIDP!G34 -> 25 | Z32: =OriginalIDP!H34 -> -3.8 | AC32: 8
F33: ASA | G33: =J36 | J33: =IFERROR(__xludf.DUMMYFUNCTION("REGEXREPLACE(I33,""(.*)SVL OUT:(.*)"",""$2"")"),"") | K33: ASA | L33: =O36 | O33: =IFERROR(__xludf.DUMMYFUNCTION("REGEXREPLACE(N33,""(.*)SVL OUT:(.*)"",""$2"")"),"") | P33: ASA | Q33: =T36 | T33: =IFERROR(__xludf.DUMMYFUNCTION("REGEXREPLACE(S33,""(.*)SVL OUT:(.*)"",""$2"")"),"") | W33: 0.34375 | X33: =OriginalIDP!F35 -> 29.93 | Y33: =OriginalIDP!G35 -> 27.67 | Z33: =OriginalIDP!H35 -> -2.26 | AC33: 9
F34: SAFE | G34: =J37 | J34: =IFERROR(__xludf.DUMMYFUNCTION("REGEXREPLACE(I34,""(.*)SVL IN:(.*)"",""$2"")"),"") | K34: SAFE | L34: =O37 | O34: =IFERROR(__xludf.DUMMYFUNCTION("REGEXREPLACE(N34,""(.*)SVL IN:(.*)"",""$2"")"),"") | P34: SAFE | Q34: =T37 | T34: =IFERROR(__xludf.DUMMYFUNCTION("REGEXREPLACE(S34,""(.*)SVL IN:(.*)"",""$2"")"),"") | W34: 0.35416667 | X34: =OriginalIDP!F36 -> 30.78 | Y34: =OriginalIDP!G36 -> 29 | Z34: =OriginalIDP!H36 -> -1.78 | AC34: 10
F35: SVL Outbound | G35: =J33 | J35: =IFERROR(__xludf.DUMMYFUNCTION("REGEXREPLACE(I35,""(.*)ACK:(.*)"",""$2"")"),"") | K35: SVL Outbound | L35: =O33 | O35: =IFERROR(__xludf.DUMMYFUNCTION("REGEXREPLACE(N35,""(.*)ACK:(.*)"",""$2"")"),"") | P35: SVL Outbound | Q35: =T33 | T35: =IFERROR(__xludf.DUMMYFUNCTION("REGEXREPLACE(S35,""(.*)ACK:(.*)"",""$2"")"),"") | W35: 0.36458333 | X35: =OriginalIDP!F37 -> 31 | Y35: =OriginalIDP!G37 -> 29 | Z35: =OriginalIDP!H37 -> -2 | AC35: 11
F36: SVL Inbound | G36: =J34 | J36: =IFERROR(__xludf.DUMMYFUNCTION("REGEXREPLACE(I36,""(.*)ASA:(.*)"",""$2"")"),"") | K36: SVL Inbound | L36: =O34 | O36: =IFERROR(__xludf.DUMMYFUNCTION("REGEXREPLACE(N36,""(.*)ASA:(.*)"",""$2"")"),"") | P36: SVL Inbound | Q36: =T34 | T36: =IFERROR(__xludf.DUMMYFUNCTION("REGEXREPLACE(S36,""(.*)ASA:(.*)"",""$2"")"),"") | W36: 0.375 | X36: =OriginalIDP!F38 -> 29.33 | Y36: =OriginalIDP!G38 -> 27.33 | Z36: =OriginalIDP!H38 -> -2 | AC36: 12
F37: Trends In: | G37: =J40 | J37: =IFERROR(__xludf.DUMMYFUNCTION("REGEXREPLACE(I37,""(.*)SAFE:(.*)"",""$2"")"),"") | K37: Trends In: | L37: =O40 | O37: =IFERROR(__xludf.DUMMYFUNCTION("REGEXREPLACE(N37,""(.*)SAFE:(.*)"",""$2"")"),"") | P37: Trends In: | Q37: =T40 | T37: =IFERROR(__xludf.DUMMYFUNCTION("REGEXREPLACE(S37,""(.*)SAFE:(.*)"",""$2"")"),"") | W37: 0.38541667 | X37: =OriginalIDP!F39 -> 29.63 | Y37: =OriginalIDP!G39 -> 27.33 | Z37: =OriginalIDP!H39 -> -2.3 | AC37: 13
F38: Trends Out: | G38: =J41 | J38: =IFERROR(__xludf.DUMMYFUNCTION("REGEXREPLACE(I32,""(.*)DELAYS:(.*)"",""$2"")"),"") | K38: Trends Out: | L38: =O41 | O38: =IFERROR(__xludf.DUMMYFUNCTION("REGEXREPLACE(N32,""(.*)DELAYS:(.*)"",""$2"")"),"") | P38: Trends Out: | Q38: =T41 | T38: =IFERROR(__xludf.DUMMYFUNCTION("REGEXREPLACE(S32,""(.*)DELAYS:(.*)"",""$2"")"),"") | W38: 0.39583333 | X38: =OriginalIDP!F40 -> 34.33 | Y38: =OriginalIDP!G40 -> 27 | Z38: =OriginalIDP!H40 -> -7.33 | AC38: 14
F39: Delays: | G39: =J43 | J39: =IF(J82=FALSE,"",LEFT(J76,3)) | K39: Delays: | L39: =O43 | O39: =IF(O82=FALSE,"",LEFT(O76,3)) | P39: Delays: | Q39: =T43 | T39: =IF(T82=FALSE,"",LEFT(T76,3)) | W39: 0.41666667 | X39: =OriginalIDP!F41 -> 38.39 | Y39: =OriginalIDP!G41 -> 27.33 | Z39: =OriginalIDP!H41 -> -11.06 | AC39: 15
J40: =IFERROR(__xludf.DUMMYFUNCTION("REGEXREPLACE(I40,""(.*)Inbound:(.*)"",""$2"")"),"") | O40: =IFERROR(__xludf.DUMMYFUNCTION("REGEXREPLACE(N40,""(.*)Inbound:(.*)"",""$2"")"),"") | T40: =IFERROR(__xludf.DUMMYFUNCTION("REGEXREPLACE(S40,""(.*)Inbound:(.*)"",""$2"")"),"") | W40: 0.42708333 | X40: =OriginalIDP!F42 -> 28.39 | Y40: =OriginalIDP!G42 -> 30 | Z40: =OriginalIDP!H42 -> 1.61 | AC40: 16
F41: Notes | G41: =J45 | J41: =IFERROR(__xludf.DUMMYFUNCTION("REGEXREPLACE(I41,""(.*)Outbound:(.*)"",""$2"")"),"") | K41: Notes | L41: =O45 | O41: =IFERROR(__xludf.DUMMYFUNCTION("REGEXREPLACE(N41,""(.*)Outbound:(.*)"",""$2"")"),"") | P41: Notes | Q41: =T45 | T41: =IFERROR(__xludf.DUMMYFUNCTION("REGEXREPLACE(S41,""(.*)Outbound:(.*)"",""$2"")"),"") | W41: 0.4375 | X41: =OriginalIDP!F43 -> 31 | Y41: =OriginalIDP!G43 -> 29.33 | Z41: =OriginalIDP!H43 -> -1.67 | AC41: 17
W42: 0.44791667 | X42: =OriginalIDP!F44 -> 31.02 | Y42: =OriginalIDP!G44 -> 33 | Z42: =OriginalIDP!H44 -> 1.98 | AC42: 18
J43: =Right(I43,100) | O43: =Right(N43,100) | T43: =Right(S43,100) | W43: 0.45833333 | X43: =OriginalIDP!F45 -> 31.23 | Y43: =OriginalIDP!G45 -> 32.33 | Z43: =OriginalIDP!H45 -> 1.1 | AC43: 19
W44: 0.46875 | X44: =OriginalIDP!F46 -> 36.44 | Y44: =OriginalIDP!G46 -> 33 | Z44: =OriginalIDP!H46 -> -3.44 | AC44: 20
J45: =Right(I45,150) | O45: =Right(N45,150) | T45: =Right(S45,150) | W45: 0.47916667 | X45: =OriginalIDP!F47 -> 33.65 | Y45: =OriginalIDP!G47 -> 27.33 | Z45: =OriginalIDP!H47 -> -6.32 | AC45: 21
F46: Stats Update ~ 03h00 | K46: Stats Update ~ 11h00 | P46: Stats Update ~ 19h00 | W46: 0.48958333 | X46: =OriginalIDP!F48 -> 34.4 | Y46: =OriginalIDP!G48 -> 32 | Z46: =OriginalIDP!H48 -> -2.4 | AC46: 22
F47: ACK | G47: =J50 | J47: =IFERROR(__xludf.DUMMYFUNCTION("REGEXREPLACE(I47,""(.*)ACK:(.*)"",""$2"")"),"") | K47: ACK | L47: =O50 | O47: =IFERROR(__xludf.DUMMYFUNCTION("REGEXREPLACE(N47,""(.*)ACK:(.*)"",""$2"")"),"") | P47: ACK | Q47: =T50 | T47: =IFERROR(__xludf.DUMMYFUNCTION("REGEXREPLACE(S47,""(.*)ACK:(.*)"",""$2"")"),"") | W47: 0.5 | X47: =OriginalIDP!F49 -> 33.38 | Y47: =OriginalIDP!G49 -> 31 | Z47: =OriginalIDP!H49 -> -2.38 | AC47: 23
F48: ASA | G48: =J51 | J48: =IFERROR(__xludf.DUMMYFUNCTION("REGEXREPLACE(I48,""(.*)SVL OUT:(.*)"",""$2"")"),"") | K48: ASA | L48: =O51 | O48: =IFERROR(__xludf.DUMMYFUNCTION("REGEXREPLACE(N48,""(.*)SVL OUT:(.*)"",""$2"")"),"") | P48: ASA | Q48: =T51 | T48: =IFERROR(__xludf.DUMMYFUNCTION("REGEXREPLACE(S48,""(.*)SVL OUT:(.*)"",""$2"")"),"") | W48: 0.52083333 | X48: =OriginalIDP!F50 -> 38.89 | Y48: =OriginalIDP!G50 -> 34 | Z48: =OriginalIDP!H50 -> -4.89 | AC48: 24
F49: SAFE | G49: =J52 | J49: =IFERROR(__xludf.DUMMYFUNCTION("REGEXREPLACE(I49,""(.*)SVL IN:(.*)"",""$2"")"),"") | K49: SAFE | L49: =O52 | O49: =IFERROR(__xludf.DUMMYFUNCTION("REGEXREPLACE(N49,""(.*)SVL IN:(.*)"",""$2"")"),"") | P49: SAFE | Q49: =T52 | T49: =IFERROR(__xludf.DUMMYFUNCTION("REGEXREPLACE(S49,""(.*)SVL IN:(.*)"",""$2"")"),"") | W49: 0.53125 | X49: =OriginalIDP!F51 -> 35.69 | Y49: =OriginalIDP!G51 -> 30.33 | Z49: =OriginalIDP!H51 -> -5.36 | AC49: 25
F50: SVL Outbound | G50: =J48 | J50: =IFERROR(__xludf.DUMMYFUNCTION("REGEXREPLACE(I50,""(.*)ACK:(.*)"",""$2"")"),"") | K50: SVL Outbound | L50: =O48 | O50: =IFERROR(__xludf.DUMMYFUNCTION("REGEXREPLACE(N50,""(.*)ACK:(.*)"",""$2"")"),"") | P50: SVL Outbound | Q50: =T48 | T50: =IFERROR(__xludf.DUMMYFUNCTION("REGEXREPLACE(S50,""(.*)ACK:(.*)"",""$2"")"),"") | W50: 0.54166667 | X50: =OriginalIDP!F52 -> 35.68 | Y50: =OriginalIDP!G52 -> 31.33 | Z50: =OriginalIDP!H52 -> -4.35 | AC50: 26
F51: SVL Inbound | G51: =J49 | J51: =IFERROR(__xludf.DUMMYFUNCTION("REGEXREPLACE(I51,""(.*)ASA:(.*)"",""$2"")"),"") | K51: SVL Inbound | L51: =O49 | O51: =IFERROR(__xludf.DUMMYFUNCTION("REGEXREPLACE(N51,""(.*)ASA:(.*)"",""$2"")"),"") | P51: SVL Inbound | Q51: =T49 | T51: =IFERROR(__xludf.DUMMYFUNCTION("REGEXREPLACE(S51,""(.*)ASA:(.*)"",""$2"")"),"") | W51: 0.55208333 | X51: =OriginalIDP!F53 -> 36.72 | Y51: =OriginalIDP!G53 -> 32.33 | Z51: =OriginalIDP!H53 -> -4.39 | AC51: 27
F52: Trends In: | G52: =J55 | J52: =IFERROR(__xludf.DUMMYFUNCTION("REGEXREPLACE(I52,""(.*)SAFE:(.*)"",""$2"")"),"") | K52: Trends In: | L52: =O55 | O52: =IFERROR(__xludf.DUMMYFUNCTION("REGEXREPLACE(N52,""(.*)SAFE:(.*)"",""$2"")"),"") | P52: Trends In: | Q52: =T55 | T52: =IFERROR(__xludf.DUMMYFUNCTION("REGEXREPLACE(S52,""(.*)SAFE:(.*)"",""$2"")"),"") | W52: 0.5625 | X52: =OriginalIDP!F54 -> 32.77 | Y52: =OriginalIDP!G54 -> 33 | Z52: =OriginalIDP!H54 -> 0.23 | AC52: 28
F53: Trends Out: | G53: =J56 | J53: =IFERROR(__xludf.DUMMYFUNCTION("REGEXREPLACE(I47,""(.*)DELAYS:(.*)"",""$2"")"),"") | K53: Trends Out: | L53: =O56 | O53: =IFERROR(__xludf.DUMMYFUNCTION("REGEXREPLACE(N47,""(.*)DELAYS:(.*)"",""$2"")"),"") | P53: Trends Out: | Q53: =T56 | T53: =IFERROR(__xludf.DUMMYFUNCTION("REGEXREPLACE(S47,""(.*)DELAYS:(.*)"",""$2"")"),"") | W53: 0.57291667 | X53: =OriginalIDP!F55 -> 32.93 | Y53: =OriginalIDP!G55 -> 32.33 | Z53: =OriginalIDP!H55 -> -0.6 | AC53: 29
F54: Delays: | G54: =J58 | J54: =IF(J97=FALSE,"",LEFT(J91,3)) | K54: Delays: | L54: =O58 | O54: =IF(O97=FALSE,"",LEFT(O91,3)) | P54: Delays: | Q54: =T58 | T54: =IF(T97=FALSE,"",LEFT(T91,3)) | W54: 0.58333333 | X54: =OriginalIDP!F56 -> 42.76 | Y54: =OriginalIDP!G56 -> 33.67 | Z54: =OriginalIDP!H56 -> -9.09 | AC54: 30
J55: =IFERROR(__xludf.DUMMYFUNCTION("REGEXREPLACE(I55,""(.*)Inbound:(.*)"",""$2"")"),"") | O55: =IFERROR(__xludf.DUMMYFUNCTION("REGEXREPLACE(N55,""(.*)Inbound:(.*)"",""$2"")"),"") | T55: =IFERROR(__xludf.DUMMYFUNCTION("REGEXREPLACE(S55,""(.*)Inbound:(.*)"",""$2"")"),"") | W55: 0.59375 | X55: =OriginalIDP!F57 -> 37.36 | Y55: =OriginalIDP!G57 -> 30.67 | Z55: =OriginalIDP!H57 -> -6.69 | AC55: 31
F56: Notes | G56: =J60 | J56: =IFERROR(__xludf.DUMMYFUNCTION("REGEXREPLACE(I56,""(.*)Outbound:(.*)"",""$2"")"),"") | K56: Notes | L56: =O60 | O56: =IFERROR(__xludf.DUMMYFUNCTION("REGEXREPLACE(N56,""(.*)Outbound:(.*)"",""$2"")"),"") | P56: Notes | Q56: =T60 | T56: =IFERROR(__xludf.DUMMYFUNCTION("REGEXREPLACE(S56,""(.*)Outbound:(.*)"",""$2"")"),"") | W56: 0.60416667 | X56: =OriginalIDP!F58 -> 39.8 | Y56: =OriginalIDP!G58 -> 27 | Z56: =OriginalIDP!H58 -> -12.8 | AC56: 32
W57: 0.61458333 | X57: =OriginalIDP!F59 -> 35.85 | Y57: =OriginalIDP!G59 -> 31 | Z57: =OriginalIDP!H59 -> -4.85 | AC57: 33
J58: =Right(I58,100) | O58: =Right(N58,100) | T58: =Right(S58,100) | W58: 0.625 | X58: =OriginalIDP!F60 -> 33.4 | Y58: =OriginalIDP!G60 -> 33.67 | Z58: =OriginalIDP!H60 -> 0.27 | AC58: 34
W59: 0.63541667 | X59: =OriginalIDP!F61 -> 36.19 | Y59: =OriginalIDP!G61 -> 31 | Z59: =OriginalIDP!H61 -> -5.19 | AC59: 35
J60: =Right(I60,150) | O60: =Right(N60,150) | T60: =Right(S60,150) | W60: 0.64583333 | X60: =OriginalIDP!F62 -> 42.31 | Y60: =OriginalIDP!G62 -> 31.67 | Z60: =OriginalIDP!H62 -> -10.64 | AC60: 36
F61: Stats Update ~ 04h00 | K61: Stats Update ~ 12h00 | P61: Stats Update ~ 20h00 | W61: 0.65625 | X61: =OriginalIDP!F63 -> 30.41 | Y61: =OriginalIDP!G63 -> 33.33 | Z61: =OriginalIDP!H63 -> 2.92 | AC61: 37
F62: ACK | G62: =J65 | J62: =IFERROR(__xludf.DUMMYFUNCTION("REGEXREPLACE(I62,""(.*)ACK:(.*)"",""$2"")"),"") | K62: ACK | L62: =O65 | O62: =IFERROR(__xludf.DUMMYFUNCTION("REGEXREPLACE(N62,""(.*)ACK:(.*)"",""$2"")"),"") | P62: ACK | Q62: =T65 | T62: =IFERROR(__xludf.DUMMYFUNCTION("REGEXREPLACE(S62,""(.*)ACK:(.*)"",""$2"")"),"") | W62: 0.66666667 | X62: =OriginalIDP!F64 -> 27.94 | Y62: =OriginalIDP!G64 -> 33 | Z62: =OriginalIDP!H64 -> 5.06 | AC62: 38
F63: ASA | G63: =J66 | J63: =IFERROR(__xludf.DUMMYFUNCTION("REGEXREPLACE(I63,""(.*)SVL OUT:(.*)"",""$2"")"),"") | K63: ASA | L63: =O66 | O63: =IFERROR(__xludf.DUMMYFUNCTION("REGEXREPLACE(N63,""(.*)SVL OUT:(.*)"",""$2"")"),"") | P63: ASA | Q63: =T66 | T63: =IFERROR(__xludf.DUMMYFUNCTION("REGEXREPLACE(S63,""(.*)SVL OUT:(.*)"",""$2"")"),"") | W63: 0.67708333 | X63: =OriginalIDP!F65 -> 26.62 | Y63: =OriginalIDP!G65 -> 28 | Z63: =OriginalIDP!H65 -> 1.38 | AC63: 39
F64: SAFE | G64: =J67 | J64: =IFERROR(__xludf.DUMMYFUNCTION("REGEXREPLACE(I64,""(.*)SVL IN:(.*)"",""$2"")"),"") | K64: SAFE | L64: =O67 | O64: =IFERROR(__xludf.DUMMYFUNCTION("REGEXREPLACE(N64,""(.*)SVL IN:(.*)"",""$2"")"),"") | P64: SAFE | Q64: =T67 | T64: =IFERROR(__xludf.DUMMYFUNCTION("REGEXREPLACE(S64,""(.*)SVL IN:(.*)"",""$2"")"),"") | W64: 0.6875 | X64: =OriginalIDP!F66 -> 26.35 | Y64: =OriginalIDP!G66 -> 24.33 | Z64: =OriginalIDP!H66 -> -2.02 | AC64: 40
F65: SVL Outbound | G65: =J63 | J65: =IFERROR(__xludf.DUMMYFUNCTION("REGEXREPLACE(I65,""(.*)ACK:(.*)"",""$2"")"),"") | K65: SVL Outbound | L65: =O63 | O65: =IFERROR(__xludf.DUMMYFUNCTION("REGEXREPLACE(N65,""(.*)ACK:(.*)"",""$2"")"),"") | P65: SVL Outbound | Q65: =T63 | T65: =IFERROR(__xludf.DUMMYFUNCTION("REGEXREPLACE(S65,""(.*)ACK:(.*)"",""$2"")"),"") | W65: 0.69791667 | X65: =OriginalIDP!F67 -> 29.97 | Y65: =OriginalIDP!G67 -> 26 | Z65: =OriginalIDP!H67 -> -3.97 | AC65: 41
F66: SVL Inbound | G66: =J64 | J66: =IFERROR(__xludf.DUMMYFUNCTION("REGEXREPLACE(I66,""(.*)ASA:(.*)"",""$2"")"),"") | K66: SVL Inbound | L66: =O64 | O66: =IFERROR(__xludf.DUMMYFUNCTION("REGEXREPLACE(N66,""(.*)ASA:(.*)"",""$2"")"),"") | P66: SVL Inbound | Q66: =T64 | T66: =IFERROR(__xludf.DUMMYFUNCTION("REGEXREPLACE(S66,""(.*)ASA:(.*)"",""$2"")"),"") | W66: 0.70833333 | X66: =OriginalIDP!F68 -> 31.39 | Y66: =OriginalIDP!G68 -> 22.67 | Z66: =OriginalIDP!H68 -> -8.72 | AC66: 42
F67: Trends In: | G67: =J70 | J67: =IFERROR(__xludf.DUMMYFUNCTION("REGEXREPLACE(I67,""(.*)SAFE:(.*)"",""$2"")"),"") | K67: Trends In: | L67: =O70 | O67: =IFERROR(__xludf.DUMMYFUNCTION("REGEXREPLACE(N67,""(.*)SAFE:(.*)"",""$2"")"),"") | P67: Trends In: | Q67: =T70 | T67: =IFERROR(__xludf.DUMMYFUNCTION("REGEXREPLACE(S67,""(.*)SAFE:(.*)"",""$2"")"),"") | W67: 0.71875 | X67: =OriginalIDP!F69 -> 29.84 | Y67: =OriginalIDP!G69 -> 27 | Z67: =OriginalIDP!H69 -> -2.84 | AC67: 43
F68: Trends Out: | G68: =J71 | J68: =IFERROR(__xludf.DUMMYFUNCTION("REGEXREPLACE(I62,""(.*)DELAYS:(.*)"",""$2"")"),"") | K68: Trends Out: | L68: =O71 | O68: =IFERROR(__xludf.DUMMYFUNCTION("REGEXREPLACE(N62,""(.*)DELAYS:(.*)"",""$2"")"),"") | P68: Trends Out: | Q68: =T71 | T68: =IFERROR(__xludf.DUMMYFUNCTION("REGEXREPLACE(S62,""(.*)DELAYS:(.*)"",""$2"")"),"") | W68: 0.72916667 | X68: =OriginalIDP!F70 -> 32.36 | Y68: =OriginalIDP!G70 -> 29 | Z68: =OriginalIDP!H70 -> -3.36 | AC68: 44
F69: Delays: | G69: =J73 | J69: =IF(J112=FALSE,"",LEFT(J106,3)) | K69: Delays: | L69: =O73 | O69: =IF(O112=FALSE,"",LEFT(O106,3)) | P69: Delays: | Q69: =T73 | T69: =IF(T112=FALSE,"",LEFT(T106,3)) | W69: 0.75 | X69: =OriginalIDP!F71 -> 27.15 | Y69: =OriginalIDP!G71 -> 28.67 | Z69: =OriginalIDP!H71 -> 1.52 | AC69: 45
J70: =IFERROR(__xludf.DUMMYFUNCTION("REGEXREPLACE(I70,""(.*)Inbound:(.*)"",""$2"")"),"") | O70: =IFERROR(__xludf.DUMMYFUNCTION("REGEXREPLACE(N70,""(.*)Inbound:(.*)"",""$2"")"),"") | T70: =IFERROR(__xludf.DUMMYFUNCTION("REGEXREPLACE(S70,""(.*)Inbound:(.*)"",""$2"")"),"") | W70: 0.76041667 | X70: =OriginalIDP!F72 -> 29.79 | Y70: =OriginalIDP!G72 -> 29 | Z70: =OriginalIDP!H72 -> -0.79 | AC70: 46
F71: Notes | G71: =J75 | J71: =IFERROR(__xludf.DUMMYFUNCTION("REGEXREPLACE(I71,""(.*)Outbound:(.*)"",""$2"")"),"") | K71: Notes | L71: =O75 | O71: =IFERROR(__xludf.DUMMYFUNCTION("REGEXREPLACE(N71,""(.*)Outbound:(.*)"",""$2"")"),"") | P71: Notes | Q71: =T75 | T71: =IFERROR(__xludf.DUMMYFUNCTION("REGEXREPLACE(S71,""(.*)Outbound:(.*)"",""$2"")"),"") | W71: 0.77083333 | X71: =OriginalIDP!F73 -> 28.42 | Y71: =OriginalIDP!G73 -> 32 | Z71: =OriginalIDP!H73 -> 3.58 | AC71: 47
W72: 0.78125 | X72: =OriginalIDP!F74 -> 29.06 | Y72: =OriginalIDP!G74 -> 33 | Z72: =OriginalIDP!H74 -> 3.94 | AC72: 48
J73: =Right(I73,100) | O73: =Right(N73,100) | T73: =Right(S73,100) | W73: 0.79166667 | X73: =OriginalIDP!F75 -> 29.25 | Y73: =OriginalIDP!G75 -> 32 | Z73: =OriginalIDP!H75 -> 2.75 | AC73: 49
W74: 0.80208333 | X74: =OriginalIDP!F76 -> 27.14 | Y74: =OriginalIDP!G76 -> 31 | Z74: =OriginalIDP!H76 -> 3.86 | AC74: 50
J75: =Right(I75,150) | O75: =Right(N75,150) | T75: =Right(S75,150) | W75: 0.8125 | X75: =OriginalIDP!F77 -> 32.53 | Y75: =OriginalIDP!G77 -> 25.33 | Z75: =OriginalIDP!H77 -> -7.2 | AC75: 51
F76: Stats Update ~ 05h00 | K76: Stats Update ~ 13h00 | P76: Stats Update ~ 21h00 | W76: 0.82291667 | X76: =OriginalIDP!F78 -> 41.32 | Y76: =OriginalIDP!G78 -> 27 | Z76: =OriginalIDP!H78 -> -14.32 | AC76: 52
F77: ACK | G77: =J80 | J77: =IFERROR(__xludf.DUMMYFUNCTION("REGEXREPLACE(I77,""(.*)ACK:(.*)"",""$2"")"),"") | K77: ACK | L77: =O80 | O77: =IFERROR(__xludf.DUMMYFUNCTION("REGEXREPLACE(N77,""(.*)ACK:(.*)"",""$2"")"),"") | P77: ACK | Q77: =T80 | T77: =IFERROR(__xludf.DUMMYFUNCTION("REGEXREPLACE(S77,""(.*)ACK:(.*)"",""$2"")"),"") | W77: 0.83333333 | X77: =OriginalIDP!F79 -> 31.93 | Y77: =OriginalIDP!G79 -> 27.33 | Z77: =OriginalIDP!H79 -> -4.6 | AC77: 53
F78: ASA | G78: =J81 | J78: =IFERROR(__xludf.DUMMYFUNCTION("REGEXREPLACE(I78,""(.*)SVL OUT:(.*)"",""$2"")"),"") | K78: ASA | L78: =O81 | O78: =IFERROR(__xludf.DUMMYFUNCTION("REGEXREPLACE(N78,""(.*)SVL OUT:(.*)"",""$2"")"),"") | P78: ASA | Q78: =T81 | T78: =IFERROR(__xludf.DUMMYFUNCTION("REGEXREPLACE(S78,""(.*)SVL OUT:(.*)"",""$2"")"),"") | W78: 0.84375 | X78: =OriginalIDP!F80 -> 31.67 | Y78: =OriginalIDP!G80 -> 27 | Z78: =OriginalIDP!H80 -> -4.67 | AC78: 54
F79: SAFE | G79: =J82 | J79: =IFERROR(__xludf.DUMMYFUNCTION("REGEXREPLACE(I79,""(.*)SVL IN:(.*)"",""$2"")"),"") | K79: SAFE | L79: =O82 | O79: =IFERROR(__xludf.DUMMYFUNCTION("REGEXREPLACE(N79,""(.*)SVL IN:(.*)"",""$2"")"),"") | P79: SAFE | Q79: =T82 | T79: =IFERROR(__xludf.DUMMYFUNCTION("REGEXREPLACE(S79,""(.*)SVL IN:(.*)"",""$2"")"),"") | W79: 0.85416667 | X79: =OriginalIDP!F81 -> 29.98 | Y79: =OriginalIDP!G81 -> 26.33 | Z79: =OriginalIDP!H81 -> -3.65 | AC79: 55
F80: SVL Outbound | G80: =J78 | J80: =IFERROR(__xludf.DUMMYFUNCTION("REGEXREPLACE(I80,""(.*)ACK:(.*)"",""$2"")"),"") | K80: SVL Outbound | L80: =O78 | O80: =IFERROR(__xludf.DUMMYFUNCTION("REGEXREPLACE(N80,""(.*)ACK:(.*)"",""$2"")"),"") | P80: SVL Outbound | Q80: =T78 | T80: =IFERROR(__xludf.DUMMYFUNCTION("REGEXREPLACE(S80,""(.*)ACK:(.*)"",""$2"")"),"") | W80: 0.86458333 | X80: =OriginalIDP!F82 -> 20.98 | Y80: =OriginalIDP!G82 -> 29 | Z80: =OriginalIDP!H82 -> 8.02 | AC80: 56
F81: SVL Inbound | G81: =J79 | J81: =IFERROR(__xludf.DUMMYFUNCTION("REGEXREPLACE(I81,""(.*)ASA:(.*)"",""$2"")"),"") | K81: SVL Inbound | L81: =O79 | O81: =IFERROR(__xludf.DUMMYFUNCTION("REGEXREPLACE(N81,""(.*)ASA:(.*)"",""$2"")"),"") | P81: SVL Inbound | Q81: =T79 | T81: =IFERROR(__xludf.DUMMYFUNCTION("REGEXREPLACE(S81,""(.*)ASA:(.*)"",""$2"")"),"") | W81: 0.875 | X81: =OriginalIDP!F83 -> 27.65 | Y81: =OriginalIDP!G83 -> 27.33 | Z81: =OriginalIDP!H83 -> -0.32 | AC81: 57
F82: Trends In: | G82: =J85 | J82: =IFERROR(__xludf.DUMMYFUNCTION("REGEXREPLACE(I82,""(.*)SAFE:(.*)"",""$2"")"),"") | K82: Trends In: | L82: =O85 | O82: =IFERROR(__xludf.DUMMYFUNCTION("REGEXREPLACE(N82,""(.*)SAFE:(.*)"",""$2"")"),"") | P82: Trends In: | Q82: =T85 | T82: =IFERROR(__xludf.DUMMYFUNCTION("REGEXREPLACE(S82,""(.*)SAFE:(.*)"",""$2"")"),"") | W82: 0.88541667 | X82: =OriginalIDP!F84 -> 33.9 | Y82: =OriginalIDP!G84 -> 25 | Z82: =OriginalIDP!H84 -> -8.9 | AC82: 58
F83: Trends Out: | G83: =J86 | J83: =IFERROR(__xludf.DUMMYFUNCTION("REGEXREPLACE(I77,""(.*)DELAYS:(.*)"",""$2"")"),"") | K83: Trends Out: | L83: =O86 | O83: =IFERROR(__xludf.DUMMYFUNCTION("REGEXREPLACE(N77,""(.*)DELAYS:(.*)"",""$2"")"),"") | P83: Trends Out: | Q83: =T86 | T83: =IFERROR(__xludf.DUMMYFUNCTION("REGEXREPLACE(S77,""(.*)DELAYS:(.*)"",""$2"")"),"") | W83: 0.89583333 | X83: =OriginalIDP!F85 -> 20.86 | Y83: =OriginalIDP!G85 -> 27 | Z83: =OriginalIDP!H85 -> 6.14 | AC83: 59
F84: Delays: | G84: =J88 | J84: =IF(J127=FALSE,"",LEFT(J121,3)) | K84: Delays: | L84: =O88 | O84: =IF(O127=FALSE,"",LEFT(O121,3)) | P84: Delays: | Q84: =T88 | T84: =IF(T127=FALSE,"",LEFT(T121,3)) | W84: 0.90625 | X84: =OriginalIDP!F86 -> 20.07 | Y84: =OriginalIDP!G86 -> 28 | Z84: =OriginalIDP!H86 -> 7.93 | AC84: 60
J85: =IFERROR(__xludf.DUMMYFUNCTION("REGEXREPLACE(I85,""(.*)Inbound:(.*)"",""$2"")"),"") | O85: =IFERROR(__xludf.DUMMYFUNCTION("REGEXREPLACE(N85,""(.*)Inbound:(.*)"",""$2"")"),"") | T85: =IFERROR(__xludf.DUMMYFUNCTION("REGEXREPLACE(S85,""(.*)Inbound:(.*)"",""$2"")"),"") | U85: =IFERROR(__xludf.DUMMYFUNCTION("REGEXREPLACE(S85,""(.*)Inbound:(.*)"",""$2"")"),"") | W85: 0.91666667 | X85: =OriginalIDP!F87 -> 19.31 | Y85: =OriginalIDP!G87 -> 20.33 | Z85: =OriginalIDP!H87 -> 1.02 | AC85: 61
F86: Notes | G86: =J90 | J86: =IFERROR(__xludf.DUMMYFUNCTION("REGEXREPLACE(I86,""(.*)Outbound:(.*)"",""$2"")"),"") | K86: Notes | L86: =O90 | O86: =IFERROR(__xludf.DUMMYFUNCTION("REGEXREPLACE(N86,""(.*)Outbound:(.*)"",""$2"")"),"") | P86: Notes | Q86: =T90 | T86: =IFERROR(__xludf.DUMMYFUNCTION("REGEXREPLACE(S86,""(.*)Outbound:(.*)"",""$2"")"),"") | W86: 0.92708333 | X86: =OriginalIDP!F88 -> 20.1 | Y86: =OriginalIDP!G88 -> 22.66 | Z86: =OriginalIDP!H88 -> 2.56 | AC86: 62
W87: 0.9375 | X87: =OriginalIDP!F89 -> 19.49 | Y87: =OriginalIDP!G89 -> 21.33 | Z87: =OriginalIDP!H89 -> 1.84 | AC87: 63
J88: =Right(I88,100) | O88: =Right(N88,100) | T88: =Right(S88,100) | W88: 0.94791667 | X88: =OriginalIDP!F90 -> 17.5 | Y88: =OriginalIDP!G90 -> 20 | Z88: =OriginalIDP!H90 -> 2.5 | AC88: 64
W89: 0.95833333 | X89: =OriginalIDP!F91 -> 17.52 | Y89: =OriginalIDP!G91 -> 24 | Z89: =OriginalIDP!H91 -> 6.48 | AC89: 65
J90: =Right(I90,150) | O90: =Right(N90,150) | T90: =Right(S90,150) | W90: 0.96875 | X90: =OriginalIDP!F92 -> 15.93 | Y90: =OriginalIDP!G92 -> 21.33 | Z90: =OriginalIDP!H92 -> 5.4 | AC90: 66
F91: Stats Update ~ 06h00 | K91: Stats Update ~ 14h00 | P91: Stats Update ~ 22h00 | W91: 0.97916667 | X91: =OriginalIDP!F93 -> 17.14 | Y91: =OriginalIDP!G93 -> 22.67 | Z91: =OriginalIDP!H93 -> 5.53 | AC91: 67
F92: ACK | G92: =J95 | J92: =IFERROR(__xludf.DUMMYFUNCTION("REGEXREPLACE(I92,""(.*)ACK:(.*)"",""$2"")"),"") | K92: ACK | L92: =O95 | O92: =IFERROR(__xludf.DUMMYFUNCTION("REGEXREPLACE(N92,""(.*)ACK:(.*)"",""$2"")"),"") | P92: ACK | Q92: =T95 | T92: =IFERROR(__xludf.DUMMYFUNCTION("REGEXREPLACE(S92,""(.*)ACK:(.*)"",""$2"")"),"") | W92: 0.98958333 | X92: =OriginalIDP!F94 -> 16.04 | Y92: =OriginalIDP!G94 -> 24 | Z92: =OriginalIDP!H94 -> 7.96 | AC92: 68
F93: ASA | G93: =J96 | J93: =IFERROR(__xludf.DUMMYFUNCTION("REGEXREPLACE(I93,""(.*)SVL OUT:(.*)"",""$2"")"),"") | K93: ASA | L93: =O96 | O93: =IFERROR(__xludf.DUMMYFUNCTION("REGEXREPLACE(N93,""(.*)SVL OUT:(.*)"",""$2"")"),"") | P93: ASA | Q93: =T96 | T93: =IFERROR(__xludf.DUMMYFUNCTION("REGEXREPLACE(S93,""(.*)SVL OUT:(.*)"",""$2"")"),"") | AC93: 69
F94: SAFE | G94: =J97 | J94: =IFERROR(__xludf.DUMMYFUNCTION("REGEXREPLACE(I94,""(.*)SVL IN:(.*)"",""$2"")"),"") | K94: SAFE | L94: =O97 | O94: =IFERROR(__xludf.DUMMYFUNCTION("REGEXREPLACE(N94,""(.*)SVL IN:(.*)"",""$2"")"),"") | P94: SAFE | Q94: =T97 | T94: =IFERROR(__xludf.DUMMYFUNCTION("REGEXREPLACE(S94,""(.*)SVL IN:(.*)"",""$2"")"),"") | AC94: 70
F95: SVL Outbound | G95: =J93 | J95: =IFERROR(__xludf.DUMMYFUNCTION("REGEXREPLACE(I95,""(.*)ACK:(.*)"",""$2"")"),"") | K95: SVL Outbound | L95: =O93 | O95: =IFERROR(__xludf.DUMMYFUNCTION("REGEXREPLACE(N95,""(.*)ACK:(.*)"",""$2"")"),"") | P95: SVL Outbound | Q95: =T93 | T95: =IFERROR(__xludf.DUMMYFUNCTION("REGEXREPLACE(S95,""(.*)ACK:(.*)"",""$2"")"),"") | AC95: 71
F96: SVL Inbound | G96: =J94 | J96: =IFERROR(__xludf.DUMMYFUNCTION("REGEXREPLACE(I96,""(.*)ASA:(.*)"",""$2"")"),"") | K96: SVL Inbound | L96: =O94 | O96: =IFERROR(__xludf.DUMMYFUNCTION("REGEXREPLACE(N96,""(.*)ASA:(.*)"",""$2"")"),"") | P96: SVL Inbound | Q96: =T94 | T96: =IFERROR(__xludf.DUMMYFUNCTION("REGEXREPLACE(S96,""(.*)ASA:(.*)"",""$2"")"),"") | AC96: 72
F97: Trends In: | G97: =J100 | J97: =IFERROR(__xludf.DUMMYFUNCTION("REGEXREPLACE(I97,""(.*)SAFE:(.*)"",""$2"")"),"") | K97: Trends In: | L97: =O100 | O97: =IFERROR(__xludf.DUMMYFUNCTION("REGEXREPLACE(N97,""(.*)SAFE:(.*)"",""$2"")"),"") | P97: Trends In: | Q97: =T100 | T97: =IFERROR(__xludf.DUMMYFUNCTION("REGEXREPLACE(S97,""(.*)SAFE:(.*)"",""$2"")"),"") | AC97: 73
F98: Trends Out: | G98: =J101 | J98: =IFERROR(__xludf.DUMMYFUNCTION("REGEXREPLACE(I92,""(.*)DELAYS:(.*)"",""$2"")"),"") | K98: Trends Out: | L98: =O101 | O98: =IFERROR(__xludf.DUMMYFUNCTION("REGEXREPLACE(N92,""(.*)DELAYS:(.*)"",""$2"")"),"") | P98: Trends Out: | Q98: =T101 | T98: =IFERROR(__xludf.DUMMYFUNCTION("REGEXREPLACE(S92,""(.*)DELAYS:(.*)"",""$2"")"),"") | AC98: 74
F99: Delays: | G99: =J103 | J99: =IF(J142=FALSE,"",LEFT(J136,3)) | K99: Delays: | L99: =O103 | O99: =IF(O142=FALSE,"",LEFT(O136,3)) | P99: Delays: | Q99: =T103 | T99: =IF(T142=FALSE,"",LEFT(T136,3)) | AC99: 75
J100: =IFERROR(__xludf.DUMMYFUNCTION("REGEXREPLACE(I100,""(.*)Inbound:(.*)"",""$2"")"),"") | O100: =IFERROR(__xludf.DUMMYFUNCTION("REGEXREPLACE(N100,""(.*)Inbound:(.*)"",""$2"")"),"") | T100: =IFERROR(__xludf.DUMMYFUNCTION("REGEXREPLACE(S100,""(.*)Inbound:(.*)"",""$2"")"),"") | AC100: 76
...

Sheet TuesdayBin
F1: Stats Update ~ 23h00 - 00h00 | K1: Stats Update ~ 07h00 - 08h00 | P1: Stats Update ~ 15h00 - 16h00 | W1: 0 | X1: =OriginalIDP!I3 -> 17.13 | Y1: =OriginalIDP!J3 -> 22 | Z1: =OriginalIDP!K3 -> 4.87 | AC1: 0 | AD1: 0 | AE1: 0 | AH1: 0 | AI1: 0
F2: ACK | G2: =J5 | J2: =IFERROR(__xludf.DUMMYFUNCTION("REGEXREPLACE(I2,""(.*)ACK:(.*)"",""$2"")"),"") | K2: ACK | L2: =O5 | O2: =IFERROR(__xludf.DUMMYFUNCTION("REGEXREPLACE(N2,""(.*)ACK:(.*)"",""$2"")"),"") | P2: ACK | Q2: =T5 | T2: =IFERROR(__xludf.DUMMYFUNCTION("REGEXREPLACE(S2,""(.*)ACK:(.*)"",""$2"")"),"") | W2: 0.010416667 | X2: =OriginalIDP!I4 -> 16.12 | Y2: =OriginalIDP!J4 -> 21.33 | Z2: =OriginalIDP!K4 -> 5.21 | AA2: 00h00-02h00 | AB2: =AVERAGE(Y1:Y8) -> 22.54125 | AC2: Time | AD2: Outbound | AE2: Inbound | AF2: Inbound Trend | AG2: Outbound Trend | AI2: Time | AJ2: Outbound | AK2: Inbound | AL2: Inbound Trend | AM2: Outbound Trend | AN2: LAW Lifesafety | AO2: LAW Burglary
F3: ASA | G3: =J6 | J3: =IFERROR(__xludf.DUMMYFUNCTION("REGEXREPLACE(I3,""(.*)SVL OUT:(.*)"",""$2"")"),"") | K3: ASA | L3: =O6 | O3: =IFERROR(__xludf.DUMMYFUNCTION("REGEXREPLACE(N3,""(.*)SVL OUT:(.*)"",""$2"")"),"") | P3: ASA | Q3: =T6 | T3: =IFERROR(__xludf.DUMMYFUNCTION("REGEXREPLACE(S3,""(.*)SVL OUT:(.*)"",""$2"")"),"") | W3: 0.020833333 | X3: =OriginalIDP!I5 -> 16.51 | Y3: =OriginalIDP!J5 -> 23 | Z3: =OriginalIDP!K5 -> 6.49 | AA3: 02h00-04h00 | AB3: =AVERAGE(Y9:Y16) -> 19.3725 | AC3: 23h00&00h00 | AD3: =VALUE(G5) -> 0 | AE3: =VALUE(G6) -> 0 | AF3: =VALUE(G7) -> 0 | AG3: =VALUE(G8) -> 0 | AH3: =IF(AD3 =0, "Missing", "Logged") -> Missing | AI3: 23h00&00h00 | AJ3: =IF(AD3<>0, AD3, "") | AK3: =IF(AE3<>0, AE3, "") | AL3: =IF(AF3<>0, AF3, "") | AM3: =IF(AG3<>0, AG3, "") | AN3: =COUNTIFS(AM25:AM224, "Tue", AO25:AO224, "0:00") + COUNTIFS(AM25:AM224, "Tue", AO25:AO224, "0:15") + COUNTIFS(AM25:AM224, "Tue", AO25:AO224, "0:30") + COUNTIFS(AM25:AM224, "Tue", AO25:AO224, "0:45") -> 0 | AO3: =COUNTIFS(AM226:AM1170, "Tue", AO226:AO1170, "0:00") + COUNTIFS(AM226:AM1170, "Tue", AO226:AO1170, "0:15") + COUNTIFS(AM226:AM1170, "Tue", AO226:AO1170, "0:30") + COUNTIFS(AM226:AM1170, "Tue", AO226:AO1170, "0:45") -> 0
F4: SAFE | G4: =J7 | J4: =IFERROR(__xludf.DUMMYFUNCTION("REGEXREPLACE(I4,""(.*)SVL IN:(.*)"",""$2"")"),"") | K4: SAFE | L4: =O7 | O4: =IFERROR(__xludf.DUMMYFUNCTION("REGEXREPLACE(N4,""(.*)SVL IN:(.*)"",""$2"")"),"") | P4: SAFE | Q4: =T7 | T4: =IFERROR(__xludf.DUMMYFUNCTION("REGEXREPLACE(S4,""(.*)SVL IN:(.*)"",""$2"")"),"") | W4: 0.03125 | X4: =OriginalIDP!I6 -> 15.53 | Y4: =OriginalIDP!J6 -> 25 | Z4: =OriginalIDP!K6 -> 9.47 | AA4: 04h00-06h00 | AB4: =AVERAGE(Y16:Y24) -> 18.591111 | AC4: 01h00 | AD4: =VALUE(G20) -> 0 | AE4: =VALUE(G21) -> 0 | AF4: =VALUE(G22) -> 0 | AG4: =VALUE(G23) -> 0 | AH4: =IF(AD4 =0, "Missing", "Logged") -> Missing | AI4: 01h00 | AJ4: =IF(AD4<>0, AD4, "") | AK4: =IF(AE4<>0, AE4, "") | AL4: =IF(AF4<>0, AF4, "") | AM4: =IF(AG4<>0, AG4, "") | AN4: =COUNTIFS(AM25:AM224, "Tue", AO25:AO224, "1:00") + COUNTIFS(AM25:AM224, "Tue", AO25:AO224, "1:15") + COUNTIFS(AM25:AM224, "Tue", AO25:AO224, "1:30") + COUNTIFS(AM25:AM224, "Tue", AO25:AO224, "1:45") -> 0 | AO4: =COUNTIFS(AM226:AM1170, "Tue", AO226:AO1170, "1:00") + COUNTIFS(AM226:AM1170, "Tue", AO226:AO1170, "1:15") + COUNTIFS(AM226:AM1170, "Tue", AO226:AO1170, "1:30") + COUNTIFS(AM226:AM1170, "Tue", AO226:AO1170, "1:45") -> 0
F5: SVL Outbound | G5: =J3 | J5: =IFERROR(__xludf.DUMMYFUNCTION("REGEXREPLACE(I5,""(.*)ACK:(.*)"",""$2"")"),"") | K5: SVL Outbound | L5: =O3 | O5: =IFERROR(__xludf.DUMMYFUNCTION("REGEXREPLACE(N5,""(.*)ACK:(.*)"",""$2"")"),"") | P5: SVL Outbound | Q5: =T3 | T5: =IFERROR(__xludf.DUMMYFUNCTION("REGEXREPLACE(S5,""(.*)ACK:(.*)"",""$2"")"),"") | W5: 0.041666667 | X5: =OriginalIDP!I7 -> 16.07 | Y5: =OriginalIDP!J7 -> 23.67 | Z5: =OriginalIDP!K7 -> 7.6 | AA5: 06h00-08h00 | AB5: =AVERAGE(Y24:Y32) -> 22.887778 | AC5: 02h00 | AD5: =VALUE(G35) -> 0 | AE5: =VALUE(G36) -> 0 | AF5: =VALUE(G37) -> 0 | AG5: =VALUE(G38) -> 0 | AH5: =IF(AD5 =0, "Missing", "Logged") -> Missing | AI5: 02h00 | AJ5: =IF(AD5<>0, AD5, "") | AK5: =IF(AE5<>0, AE5, "") | AL5: =IF(AF5<>0, AF5, "") | AM5: =IF(AG5<>0, AG5, "") | AN5: =COUNTIFS(AM25:AM224, "Tue", AO25:AO224, "2:00") + COUNTIFS(AM25:AM224, "Tue", AO25:AO224, "2:15") + COUNTIFS(AM25:AM224, "Tue", AO25:AO224, "2:30") + COUNTIFS(AM25:AM224, "Tue", AO25:AO224, "2:45") -> 0 | AO5: =COUNTIFS(AM226:AM1170, "Tue", AO226:AO1170, "2:00") + COUNTIFS(AM226:AM1170, "Tue", AO226:AO1170, "2:15") + COUNTIFS(AM226:AM1170, "Tue", AO226:AO1170, "2:30") + COUNTIFS(AM226:AM1170, "Tue", AO226:AO1170, "2:45") -> 0
F6: SVL Inbound | G6: =J4 | J6: =IFERROR(__xludf.DUMMYFUNCTION("REGEXREPLACE(I6,""(.*)ASA:(.*)"",""$2"")"),"") | K6: SVL Inbound | L6: =O4 | O6: =IFERROR(__xludf.DUMMYFUNCTION("REGEXREPLACE(N6,""(.*)ASA:(.*)"",""$2"")"),"") | P6: SVL Inbound | Q6: =T4 | T6: =IFERROR(__xludf.DUMMYFUNCTION("REGEXREPLACE(S6,""(.*)ASA:(.*)"",""$2"")"),"") | W6: 0.052083333 | X6: =OriginalIDP!I8 -> 13.7 | Y6: =OriginalIDP!J8 -> 23 | Z6: =OriginalIDP!K8 -> 9.3 | AC6: 03h00 | AD6: =VALUE(G50) -> 0 | AE6: =VALUE(G51) -> 0 | AF6: =VALUE(G52) -> 0 | AG6: =VALUE(G53) -> 0 | AH6: =IF(AD6 =0, "Missing", "Logged") -> Missing | AI6: 03h00 | AJ6: =IF(AD6<>0, AD6, "") | AK6: =IF(AE6<>0, AE6, "") | AL6: =IF(AF6<>0, AF6, "") | AM6: =IF(AG6<>0, AG6, "") | AN6: =COUNTIFS(AM25:AM224, "Tue", AO25:AO224, "3:00") + COUNTIFS(AM25:AM224, "Tue", AO25:AO224, "3:15") + COUNTIFS(AM25:AM224, "Tue", AO25:AO224, "3:30") + COUNTIFS(AM25:AM224, "Tue", AO25:AO224, "3:45") -> 0 | AO6: =COUNTIFS(AM226:AM1170, "Tue", AO226:AO1170, "3:00") + COUNTIFS(AM226:AM1170, "Tue", AO226:AO1170, "3:15") + COUNTIFS(AM226:AM1170, "Tue", AO226:AO1170, "3:30") + COUNTIFS(AM226:AM1170, "Tue", AO226:AO1170, "3:45") -> 0
F7: Trends In: | G7: =J10 | J7: =IFERROR(__xludf.DUMMYFUNCTION("REGEXREPLACE(I7,""(.*)SAFE:(.*)"",""$2"")"),"") | K7: Trends In: | L7: =O10 | O7: =IFERROR(__xludf.DUMMYFUNCTION("REGEXREPLACE(N7,""(.*)SAFE:(.*)"",""$2"")"),"") | P7: Trends In: | Q7: =T10 | T7: =IFERROR(__xludf.DUMMYFUNCTION("REGEXREPLACE(S7,""(.*)SAFE:(.*)"",""$2"")"),"") | W7: 0.0625 | X7: =OriginalIDP!I9 -> 15.53 | Y7: =OriginalIDP!J9 -> 20.33 | Z7: =OriginalIDP!K9 -> 4.8 | AA7: 08h00-10h00 | AB7: =AVERAGE(Y32:Y39) -> 32.70875 | AC7: 04h00 | AD7: =VALUE(G65) -> 0 | AE7: =VALUE(G66) -> 0 | AF7: =VALUE(G67) -> 0 | AG7: =VALUE(G68) -> 0 | AH7: =IF(AD7 =0, "Missing", "Logged") -> Missing | AI7: 04h00 | AJ7: =IF(AD7<>0, AD7, "") | AK7: =IF(AE7<>0, AE7, "") | AL7: =IF(AF7<>0, AF7, "") | AM7: =IF(AG7<>0, AG7, "") | AN7: =COUNTIFS(AM25:AM224, "Tue", AO25:AO224, "4:00") + COUNTIFS(AM25:AM224, "Tue", AO25:AO224, "4:15") + COUNTIFS(AM25:AM224, "Tue", AO25:AO224, "4:30") + COUNTIFS(AM25:AM224, "Tue", AO25:AO224, "4:45") -> 0 | AO7: =COUNTIFS(AM226:AM1170, "Tue", AO226:AO1170, "4:00") + COUNTIFS(AM226:AM1170, "Tue", AO226:AO1170, "4:15") + COUNTIFS(AM226:AM1170, "Tue", AO226:AO1170, "4:30") + COUNTIFS(AM226:AM1170, "Tue", AO226:AO1170, "4:45") -> 0
F8: Trends Out: | G8: =J11 | J8: =IFERROR(__xludf.DUMMYFUNCTION("REGEXREPLACE(I2,""(.*)DELAYS:(.*)"",""$2"")"),"") | K8: Trends Out: | L8: =O11 | O8: =IFERROR(__xludf.DUMMYFUNCTION("REGEXREPLACE(N2,""(.*)DELAYS:(.*)"",""$2"")"),"") | P8: Trends Out: | Q8: =T11 | T8: =IFERROR(__xludf.DUMMYFUNCTION("REGEXREPLACE(S2,""(.*)DELAYS:(.*)"",""$2"")"),"") | W8: 0.072916667 | X8: =OriginalIDP!I10 -> 13.69 | Y8: =OriginalIDP!J10 -> 22 | Z8: =OriginalIDP!K10 -> 8.31 | AA8: 10h00-11h00 | AB8: =Average(Y39:Y43) -> 32.268 | AC8: 05h00 | AD8: =VALUE(G80) -> 0 | AE8: =VALUE(G81) -> 0 | AF8: =VALUE(G82) -> 0 | AG8: =VALUE(G83) -> 0 | AH8: =IF(AD8 =0, "Missing", "Logged") -> Missing | AI8: 05h00 | AJ8: =IF(AD8<>0, AD8, "") | AK8: =IF(AE8<>0, AE8, "") | AL8: =IF(AF8<>0, AF8, "") | AM8: =IF(AG8<>0, AG8, "") | AN8: =COUNTIFS(AM25:AM224, "Tue", AO25:AO224, "5:00") + COUNTIFS(AM25:AM224, "Tue", AO25:AO224, "5:15") + COUNTIFS(AM25:AM224, "Tue", AO25:AO224, "5:30") + COUNTIFS(AM25:AM224, "Tue", AO25:AO224, "5:45") -> 0 | AO8: =COUNTIFS(AM226:AM1170, "Tue", AO226:AO1170, "5:00") + COUNTIFS(AM226:AM1170, "Tue", AO226:AO1170, "5:15") + COUNTIFS(AM226:AM1170, "Tue", AO226:AO1170, "5:30") + COUNTIFS(AM226:AM1170, "Tue", AO226:AO1170, "5:45") -> 0
F9: Delays: | G9: =J13 | J9: =IF(J52=FALSE,"",LEFT(J46,3)) | K9: Delays: | L9: =O13 | O9: =IF(O52=FALSE,"",LEFT(O46,3)) | P9: Delays: | Q9: =T13 | T9: =IF(T52=FALSE,"",LEFT(T46,3)) | W9: 0.09375 | X9: =OriginalIDP!I11 -> 15.37 | Y9: =OriginalIDP!J11 -> 20 | Z9: =OriginalIDP!K11 -> 4.63 | AA9: 11h00-12h00 | AB9: =Average(Y43:Y47) -> 36.266 | AC9: 06h00 | AD9: =VALUE(G95) -> 0 | AE9: =VALUE(G96) -> 0 | AF9: =VALUE(G97) -> 0 | AG9: =VALUE(G98) -> 0 | AH9: =IF(AD9 =0, "Missing", "Logged") -> Missing | AI9: 06h00 | AJ9: =IF(AD9<>0, AD9, "") | AK9: =IF(AE9<>0, AE9, "") | AL9: =IF(AF9<>0, AF9, "") | AM9: =IF(AG9<>0, AG9, "") | AN9: =COUNTIFS(AM25:AM224, "Tue", AO25:AO224, "6:00") + COUNTIFS(AM25:AM224, "Tue", AO25:AO224, "6:15") + COUNTIFS(AM25:AM224, "Tue", AO25:AO224, "6:30") + COUNTIFS(AM25:AM224, "Tue", AO25:AO224, "6:45") -> 0 | AO9: =COUNTIFS(AM226:AM1170, "Tue", AO226:AO1170, "6:00") + COUNTIFS(AM226:AM1170, "Tue", AO226:AO1170, "6:15") + COUNTIFS(AM226:AM1170, "Tue", AO226:AO1170, "6:30") + COUNTIFS(AM226:AM1170, "Tue", AO226:AO1170, "6:45") -> 0
J10: =IFERROR(__xludf.DUMMYFUNCTION("REGEXREPLACE(I10,""(.*)Inbound:(.*)"",""$2"")"),"") | O10: =IFERROR(__xludf.DUMMYFUNCTION("REGEXREPLACE(N10,""(.*)Inbound:(.*)"",""$2"")"),"") | T10: =IFERROR(__xludf.DUMMYFUNCTION("REGEXREPLACE(S10,""(.*)Inbound:(.*)"",""$2"")"),"") | W10: 0.10416667 | X10: =OriginalIDP!I12 -> 14.18 | Y10: =OriginalIDP!J12 -> 18.33 | Z10: =OriginalIDP!K12 -> 4.15 | AA10: 12h00-14h00 | AB10: =AVERAGE(Y47:Y54) -> 32.99875 | AC10: 07h00&08h00 | AD10: =VALUE(L5) -> 0 | AE10: =VALUE(L6) -> 0 | AF10: =VALUE(L7) -> 0 | AG10: =VALUE(L8) -> 0 | AH10: =IF(AD10 =0, "Missing", "Logged") -> Missing | AI10: 07h00&08h00 | AJ10: =IF(AD10<>0, AD10, "") | AK10: =IF(AE10<>0, AE10, "") | AL10: =IF(AF10<>0, AF10, "") | AM10: =IF(AG10<>0, AG10, "") | AN10: =COUNTIFS(AM25:AM224, "Tue", AO25:AO224, "7:00") + COUNTIFS(AM25:AM224, "Tue", AO25:AO224, "7:15") + COUNTIFS(AM25:AM224, "Tue", AO25:AO224, "7:30") + COUNTIFS(AM25:AM224, "Tue", AO25:AO224, "7:45") + COUNTIFS(AM25:AM224, "Tue", AO25:AO224, "8:00") + COUNTIFS(AM25:AM224, "Tue", AO25:AO224, "8:15") + COUNTIFS(AM25:AM224, "Tue", AO25:AO224, "8:30") + COUNTIFS(AM25:AM224, "Tue", AO25:AO224, "8:45") -> 0 | AO10: =COUNTIFS(AM226:AM1170, "Tue", AO226:AO1170, "7:00") + COUNTIFS(AM226:AM1170, "Tue", AO226:AO1170, "7:15") + COUNTIFS(AM226:AM1170, "Tue", AO226:AO1170, "7:30") + COUNTIFS(AM226:AM1170, "Tue", AO226:AO1170, "7:45") + COUNTIFS(AM226:AM1170, "Tue", AO226:AO1170, "8:00") + COUNTIFS(AM226:AM1170, "Tue", AO226:AO1170, "8:15") + COUNTIFS(AM226:AM1170, "Tue", AO226:AO1170, "8:30") + COUNTIFS(AM226:AM1170, "Tue", AO226:AO1170, "8:45") -> 0
F11: Notes | G11: =J15 | J11: =IFERROR(__xludf.DUMMYFUNCTION("REGEXREPLACE(I11,""(.*)Outbound:(.*)"",""$2"")"),"") | K11: Notes | L11: =O15 | O11: =IFERROR(__xludf.DUMMYFUNCTION("REGEXREPLACE(N11,""(.*)Outbound:(.*)"",""$2"")"),"") | P11: Notes | Q11: =T15 | T11: =IFERROR(__xludf.DUMMYFUNCTION("REGEXREPLACE(S11,""(.*)Outbound:(.*)"",""$2"")"),"") | W11: 0.11458333 | X11: =OriginalIDP!I13 -> 15.1 | Y11: =OriginalIDP!J13 -> 19 | Z11: =OriginalIDP!K13 -> 3.9 | AC11: 09h00 | AD11: =VALUE(L20) -> 0 | AE11: =VALUE(L21) -> 0 | AF11: =VALUE(L22) -> 0 | AG11: =VALUE(L23) -> 0 | AH11: =IF(AD11 =0, "Missing", "Logged") -> Missing | AI11: 09h00 | AJ11: =IF(AD11<>0, AD11, "") | AK11: =IF(AE11<>0, AE11, "") | AL11: =IF(AF11<>0, AF11, "") | AM11: =IF(AG11<>0, AG11, "") | AN11: =COUNTIFS(AM25:AM224, "Tue", AO25:AO224, "9:00") + COUNTIFS(AM25:AM224, "Tue", AO25:AO224, "9:15") + COUNTIFS(AM25:AM224, "Tue", AO25:AO224, "9:30") + COUNTIFS(AM25:AM224, "Tue", AO25:AO224, "9:45") -> 0 | AO11: =COUNTIFS(AM226:AM1170, "Tue", AO226:AO1170, "9:00") + COUNTIFS(AM226:AM1170, "Tue", AO226:AO1170, "9:15") + COUNTIFS(AM226:AM1170, "Tue", AO226:AO1170, "9:30") + COUNTIFS(AM226:AM1170, "Tue", AO226:AO1170, "9:45") -> 0
W12: 0.125 | X12: =OriginalIDP!I14 -> 13.38 | Y12: =OriginalIDP!J14 -> 18.33 | Z12: =OriginalIDP!K14 -> 4.95 | AA12: 16h00-18h00 | AB12: =AVERAGE(Y62:Y69) -> 27.04125 | AC12: 10h00 | AD12: =VALUE(L35) -> 0 | AE12: =VALUE(L36) -> 0 | AF12: =VALUE(L37) -> 0 | AG12: =VALUE(L38) -> 0 | AH12: =IF(AD12 =0, "Missing", "Logged") -> Missing | AI12: 10h00 | AJ12: =IF(AD12<>0, AD12, "") | AK12: =IF(AE12<>0, AE12, "") | AL12: =IF(AF12<>0, AF12, "") | AM12: =IF(AG12<>0, AG12, "") | AN12: =COUNTIFS(AM25:AM224, "Tue", AO25:AO224, "10:00") + COUNTIFS(AM25:AM224, "Tue", AO25:AO224, "10:15") + COUNTIFS(AM25:AM224, "Tue", AO25:AO224, "10:30") + COUNTIFS(AM25:AM224, "Tue", AO25:AO224, "10:45") -> 0 | AO12: =COUNTIFS(AM226:AM1170, "Tue", AO226:AO1170, "10:00") + COUNTIFS(AM226:AM1170, "Tue", AO226:AO1170, "10:15") + COUNTIFS(AM226:AM1170, "Tue", AO226:AO1170, "10:30") + COUNTIFS(AM226:AM1170, "Tue", AO226:AO1170, "10:45") -> 0
J13: =Right(I13,100) | O13: =Right(N13,100) | T13: =Right(S13,100) | W13: 0.13541667 | X13: =OriginalIDP!I15 -> 13.57 | Y13: =OriginalIDP!J15 -> 19.33 | Z13: =OriginalIDP!K15 -> 5.76 | AA13: 18h00-20h00 | AB13: =AVERAGE(Y69:Y77) -> 25.665556 | AC13: 11h00 | AD13: =VALUE(L50) -> 0 | AE13: =VALUE(L51) -> 0 | AF13: =VALUE(L52) -> 0 | AG13: =VALUE(L53) -> 0 | AH13: =IF(AD13 =0, "Missing", "Logged") -> Missing | AI13: 11h00 | AJ13: =IF(AD13<>0, AD13, "") | AK13: =IF(AE13<>0, AE13, "") | AL13: =IF(AF13<>0, AF13, "") | AM13: =IF(AG13<>0, AG13, "") | AN13: =COUNTIFS(AM25:AM224, "Tue", AO25:AO224, "11:00") + COUNTIFS(AM25:AM224, "Tue", AO25:AO224, "11:15") + COUNTIFS(AM25:AM224, "Tue", AO25:AO224, "11:30") + COUNTIFS(AM25:AM224, "Tue", AO25:AO224, "11:45") -> 0 | AO13: =COUNTIFS(AM226:AM1170, "Tue", AO226:AO1170, "11:00") + COUNTIFS(AM226:AM1170, "Tue", AO226:AO1170, "11:15") + COUNTIFS(AM226:AM1170, "Tue", AO226:AO1170, "11:30") + COUNTIFS(AM226:AM1170, "Tue", AO226:AO1170, "11:45") -> 0
W14: 0.14583333 | X14: =OriginalIDP!I16 -> 14.42 | Y14: =OriginalIDP!J16 -> 21 | Z14: =OriginalIDP!K16 -> 6.58 | AA14: 20h00-22h00 | AB14: =AVERAGE(Y77:Y85) -> 22.258889 | AC14: 12h00 | AD14: =VALUE(L65) -> 0 | AE14: =VALUE(L66) -> 0 | AF14: =VALUE(L67) -> 0 | AG14: =VALUE(L68) -> 0 | AH14: =IF(AD14 =0, "Missing", "Logged") -> Missing | AI14: 12h00 | AJ14: =IF(AD14<>0, AD14, "") | AK14: =IF(AE14<>0, AE14, "") | AL14: =IF(AF14<>0, AF14, "") | AM14: =IF(AG14<>0, AG14, "") | AN14: =COUNTIFS(AM25:AM224, "Tue", AO25:AO224, "12:00") + COUNTIFS(AM25:AM224, "Tue", AO25:AO224, "12:15") + COUNTIFS(AM25:AM224, "Tue", AO25:AO224, "12:30") + COUNTIFS(AM25:AM224, "Tue", AO25:AO224, "12:45") -> 0 | AO14: =COUNTIFS(AM226:AM1170, "Tue", AO226:AO1170, "12:00") + COUNTIFS(AM226:AM1170, "Tue", AO226:AO1170, "12:15") + COUNTIFS(AM226:AM1170, "Tue", AO226:AO1170, "12:30") + COUNTIFS(AM226:AM1170, "Tue", AO226:AO1170, "12:45") -> 0
J15: =Right(I15,150) | O15: =Right(N15,150) | T15: =Right(S15,150) | W15: 0.15625 | X15: =OriginalIDP!I17 -> 12.89 | Y15: =OriginalIDP!J17 -> 20.33 | Z15: =OriginalIDP!K17 -> 7.44 | AA15: 22h00-00h00 | AB15: =AVERAGE(Y85:Y92) -> 19.16625 | AC15: 13h00 | AD15: =VALUE(L80) -> 0 | AE15: =VALUE(L81) -> 0 | AF15: =VALUE(L82) -> 0 | AG15: =VALUE(L83) -> 0 | AH15: =IF(AD15 =0, "Missing", "Logged") -> Missing | AI15: 13h00 | AJ15: =IF(AD15<>0, AD15, "") | AK15: =IF(AE15<>0, AE15, "") | AL15: =IF(AF15<>0, AF15, "") | AM15: =IF(AG15<>0, AG15, "") | AN15: =COUNTIFS(AM25:AM224, "Tue", AO25:AO224, "13:00") + COUNTIFS(AM25:AM224, "Tue", AO25:AO224, "13:15") + COUNTIFS(AM25:AM224, "Tue", AO25:AO224, "13:30") + COUNTIFS(AM25:AM224, "Tue", AO25:AO224, "13:45") -> 0 | AO15: =COUNTIFS(AM226:AM1170, "Tue", AO226:AO1170, "13:00") + COUNTIFS(AM226:AM1170, "Tue", AO226:AO1170, "13:15") + COUNTIFS(AM226:AM1170, "Tue", AO226:AO1170, "13:30") + COUNTIFS(AM226:AM1170, "Tue", AO226:AO1170, "13:45") -> 0
F16: Stats Update ~ 01h00 | K16: Stats Update ~ 09h00 | P16: Stats Update ~ 17h00 | W16: 0.16666667 | X16: =OriginalIDP!I18 -> 12.06 | Y16: =OriginalIDP!J18 -> 18.66 | Z16: =OriginalIDP!K18 -> 6.6 | AC16: 14h00 | AD16: =VALUE(L95) -> 0 | AE16: =VALUE(L96) -> 0 | AF16: =VALUE(L97) -> 0 | AG16: =VALUE(L98) -> 0 | AH16: =IF(AD16 =0, "Missing", "Logged") -> Missing | AI16: 14h00 | AJ16: =IF(AD16<>0, AD16, "") | AK16: =IF(AE16<>0, AE16, "") | AL16: =IF(AF16<>0, AF16, "") | AM16: =IF(AG16<>0, AG16, "") | AN16: =COUNTIFS(AM25:AM224, "Tue", AO25:AO224, "14:00") + COUNTIFS(AM25:AM224, "Tue", AO25:AO224, "14:15") + COUNTIFS(AM25:AM224, "Tue", AO25:AO224, "14:30") + COUNTIFS(AM25:AM224, "Tue", AO25:AO224, "14:45") -> 0 | AO16: =COUNTIFS(AM226:AM1170, "Tue", AO226:AO1170, "14:00") + COUNTIFS(AM226:AM1170, "Tue", AO226:AO1170, "14:15") + COUNTIFS(AM226:AM1170, "Tue", AO226:AO1170, "14:30") + COUNTIFS(AM226:AM1170, "Tue", AO226:AO1170, "14:45") -> 0
F17: ACK | G17: =J20 | J17: =IFERROR(__xludf.DUMMYFUNCTION("REGEXREPLACE(I17,""(.*)ACK:(.*)"",""$2"")"),"") | K17: ACK | L17: =O20 | O17: =IFERROR(__xludf.DUMMYFUNCTION("REGEXREPLACE(N17,""(.*)ACK:(.*)"",""$2"")"),"") | P17: ACK | Q17: =T20 | T17: =IFERROR(__xludf.DUMMYFUNCTION("REGEXREPLACE(S17,""(.*)ACK:(.*)"",""$2"")"),"") | W17: 0.17708333 | X17: =OriginalIDP!I19 -> 15.27 | Y17: =OriginalIDP!J19 -> 20 | Z17: =OriginalIDP!K19 -> 4.73 | AC17: 15h00&16h00 | AD17: =VALUE(Q5) -> 0 | AE17: =VALUE(Q6) -> 0 | AF17: =VALUE(Q7) -> 0 | AG17: =VALUE(Q8) -> 0 | AH17: =IF(AD17 =0, "Missing", "Logged") -> Missing | AI17: 15h00&16h00 | AJ17: =IF(AD17<>0, AD17, "") | AK17: =IF(AE17<>0, AE17, "") | AL17: =IF(AF17<>0, AF17, "") | AM17: =IF(AG17<>0, AG17, "") | AN17: =COUNTIFS(AM25:AM224, "Tue", AO25:AO224, "15:00") + COUNTIFS(AM25:AM224, "Tue", AO25:AO224, "15:15") + COUNTIFS(AM25:AM224, "Tue", AO25:AO224, "15:30") + COUNTIFS(AM25:AM224, "Tue", AO25:AO224, "15:45") + COUNTIFS(AM25:AM224, "Tue", AO25:AO224, "16:00") + COUNTIFS(AM25:AM224, "Tue", AO25:AO224, "16:15") + COUNTIFS(AM25:AM224, "Tue", AO25:AO224, "16:30") + COUNTIFS(AM25:AM224, "Tue", AO25:AO224, "16:45") -> 0 | AO17: =COUNTIFS(AM226:AM1170, "Tue", AO226:AO1170, "15:00") + COUNTIFS(AM226:AM1170, "Tue", AO226:AO1170, "15:15") + COUNTIFS(AM226:AM1170, "Tue", AO226:AO1170, "15:30") + COUNTIFS(AM226:AM1170, "Tue", AO226:AO1170, "15:45") + COUNTIFS(AM226:AM1170, "Tue", AO226:AO1170, "16:00") + COUNTIFS(AM226:AM1170, "Tue", AO226:AO1170, "16:15") + COUNTIFS(AM226:AM1170, "Tue", AO226:AO1170, "16:30") + COUNTIFS(AM226:AM1170, "Tue", AO226:AO1170, "16:45") -> 0
F18: ASA | G18: =J21 | J18: =IFERROR(__xludf.DUMMYFUNCTION("REGEXREPLACE(I18,""(.*)SVL OUT:(.*)"",""$2"")"),"") | K18: ASA | L18: =O21 | O18: =IFERROR(__xludf.DUMMYFUNCTION("REGEXREPLACE(N18,""(.*)SVL OUT:(.*)"",""$2"")"),"") | P18: ASA | Q18: =T21 | T18: =IFERROR(__xludf.DUMMYFUNCTION("REGEXREPLACE(S18,""(.*)SVL OUT:(.*)"",""$2"")"),"") | W18: 0.1875 | X18: =OriginalIDP!I20 -> 11.95 | Y18: =OriginalIDP!J20 -> 19 | Z18: =OriginalIDP!K20 -> 7.05 | AC18: 17h00 | AD18: =VALUE(Q20) -> 0 | AE18: =VALUE(Q21) -> 0 | AF18: =VALUE(Q22) -> 0 | AG18: =VALUE(Q23) -> 0 | AH18: =IF(AD18 =0, "Missing", "Logged") -> Missing | AI18: 17h00 | AJ18: =IF(AD18<>0, AD18, "") | AK18: =IF(AE18<>0, AE18, "") | AL18: =IF(AF18<>0, AF18, "") | AM18: =IF(AG18<>0, AG18, "") | AN18: =COUNTIFS(AM25:AM224, "Tue", AO25:AO224, "17:00") + COUNTIFS(AM25:AM224, "Tue", AO25:AO224, "17:15") + COUNTIFS(AM25:AM224, "Tue", AO25:AO224, "17:30") + COUNTIFS(AM25:AM224, "Tue", AO25:AO224, "17:45") -> 0 | AO18: =COUNTIFS(AM226:AM1170, "Tue", AO226:AO1170, "17:00") + COUNTIFS(AM226:AM1170, "Tue", AO226:AO1170, "17:15") + COUNTIFS(AM226:AM1170, "Tue", AO226:AO1170, "17:30") + COUNTIFS(AM226:AM1170, "Tue", AO226:AO1170, "17:45") -> 0
F19: SAFE | G19: =J22 | J19: =IFERROR(__xludf.DUMMYFUNCTION("REGEXREPLACE(I19,""(.*)SVL IN:(.*)"",""$2"")"),"") | K19: SAFE | L19: =O22 | O19: =IFERROR(__xludf.DUMMYFUNCTION("REGEXREPLACE(N19,""(.*)SVL IN:(.*)"",""$2"")"),"") | P19: SAFE | Q19: =T22 | T19: =IFERROR(__xludf.DUMMYFUNCTION("REGEXREPLACE(S19,""(.*)SVL IN:(.*)"",""$2"")"),"") | W19: 0.19791667 | X19: =OriginalIDP!I21 -> 13.63 | Y19: =OriginalIDP!J21 -> 19.33 | Z19: =OriginalIDP!K21 -> 5.7 | AC19: 18h00 | AD19: =VALUE(Q35) -> 0 | AE19: =VALUE(Q36) -> 0 | AF19: =VALUE(Q37) -> 0 | AG19: =VALUE(Q38) -> 0 | AH19: =IF(AD19 =0, "Missing", "Logged") -> Missing | AI19: 18h00 | AJ19: =IF(AD19<>0, AD19, "") | AK19: =IF(AE19<>0, AE19, "") | AL19: =IF(AF19<>0, AF19, "") | AM19: =IF(AG19<>0, AG19, "") | AN19: =COUNTIFS(AM25:AM224, "Tue", AO25:AO224, "18:00") + COUNTIFS(AM25:AM224, "Tue", AO25:AO224, "18:15") + COUNTIFS(AM25:AM224, "Tue", AO25:AO224, "18:30") + COUNTIFS(AM25:AM224, "Tue", AO25:AO224, "18:45") -> 0 | AO19: =COUNTIFS(AM226:AM1170, "Tue", AO226:AO1170, "18:00") + COUNTIFS(AM226:AM1170, "Tue", AO226:AO1170, "18:15") + COUNTIFS(AM226:AM1170, "Tue", AO226:AO1170, "18:30") + COUNTIFS(AM226:AM1170, "Tue", AO226:AO1170, "18:45") -> 0
F20: SVL Outbound | G20: =J18 | J20: =IFERROR(__xludf.DUMMYFUNCTION("REGEXREPLACE(I20,""(.*)ACK:(.*)"",""$2"")"),"") | K20: SVL Outbound | L20: =O18 | O20: =IFERROR(__xludf.DUMMYFUNCTION("REGEXREPLACE(N20,""(.*)ACK:(.*)"",""$2"")"),"") | P20: SVL Outbound | Q20: =T18 | T20: =IFERROR(__xludf.DUMMYFUNCTION("REGEXREPLACE(S20,""(.*)ACK:(.*)"",""$2"")"),"") | W20: 0.20833333 | X20: =OriginalIDP!I22 -> 12.5 | Y20: =OriginalIDP!J22 -> 18 | Z20: =OriginalIDP!K22 -> 5.5 | AC20: 19h00 | AD20: =VALUE(Q50) -> 0 | AE20: =VALUE(Q51) -> 0 | AF20: =VALUE(Q52) -> 0 | AG20: =VALUE(Q53) -> 0 | AH20: =IF(AD20 =0, "Missing", "Logged") -> Missing | AI20: 19h00 | AJ20: =IF(AD20<>0, AD20, "") | AK20: =IF(AE20<>0, AE20, "") | AL20: =IF(AF20<>0, AF20, "") | AM20: =IF(AG20<>0, AG20, "") | AN20: =COUNTIFS(AM25:AM224, "Tue", AO25:AO224, "19:00") + COUNTIFS(AM25:AM224, "Tue", AO25:AO224, "19:15") + COUNTIFS(AM25:AM224, "Tue", AO25:AO224, "19:30") + COUNTIFS(AM25:AM224, "Tue", AO25:AO224, "19:45") -> 0 | AO20: =COUNTIFS(AM226:AM1170, "Tue", AO226:AO1170, "19:00") + COUNTIFS(AM226:AM1170, "Tue", AO226:AO1170, "19:15") + COUNTIFS(AM226:AM1170, "Tue", AO226:AO1170, "19:30") + COUNTIFS(AM226:AM1170, "Tue", AO226:AO1170, "19:45") -> 0
F21: SVL Inbound | G21: =J19 | J21: =IFERROR(__xludf.DUMMYFUNCTION("REGEXREPLACE(I21,""(.*)ASA:(.*)"",""$2"")"),"") | K21: SVL Inbound | L21: =O19 | O21: =IFERROR(__xludf.DUMMYFUNCTION("REGEXREPLACE(N21,""(.*)ASA:(.*)"",""$2"")"),"") | P21: SVL Inbound | Q21: =T19 | T21: =IFERROR(__xludf.DUMMYFUNCTION("REGEXREPLACE(S21,""(.*)ASA:(.*)"",""$2"")"),"") | W21: 0.21875 | X21: =OriginalIDP!I23 -> 13.72 | Y21: =OriginalIDP!J23 -> 21 | Z21: =OriginalIDP!K23 -> 7.28 | AC21: 20h00 | AD21: =VALUE(Q65) -> 0 | AE21: =VALUE(Q66) -> 0 | AF21: =VALUE(Q67) -> 0 | AG21: =VALUE(Q68) -> 0 | AH21: =IF(AD21 =0, "Missing", "Logged") -> Missing | AI21: 20h00 | AJ21: =IF(AD21<>0, AD21, "") | AK21: =IF(AE21<>0, AE21, "") | AL21: =IF(AF21<>0, AF21, "") | AM21: =IF(AG21<>0, AG21, "") | AN21: =COUNTIFS(AM25:AM224, "Tue", AO25:AO224, "20:00") + COUNTIFS(AM25:AM224, "Tue", AO25:AO224, "20:15") + COUNTIFS(AM25:AM224, "Tue", AO25:AO224, "20:30") + COUNTIFS(AM25:AM224, "Tue", AO25:AO224, "20:45") -> 0 | AO21: =COUNTIFS(AM226:AM1170, "Tue", AO226:AO1170, "20:00") + COUNTIFS(AM226:AM1170, "Tue", AO226:AO1170, "20:15") + COUNTIFS(AM226:AM1170, "Tue", AO226:AO1170, "20:30") + COUNTIFS(AM226:AM1170, "Tue", AO226:AO1170, "20:45") -> 0
F22: Trends In: | G22: =J25 | J22: =IFERROR(__xludf.DUMMYFUNCTION("REGEXREPLACE(I22,""(.*)SAFE:(.*)"",""$2"")"),"") | K22: Trends In: | L22: =O25 | O22: =IFERROR(__xludf.DUMMYFUNCTION("REGEXREPLACE(N22,""(.*)SAFE:(.*)"",""$2"")"),"") | P22: Trends In: | Q22: =T25 | T22: =IFERROR(__xludf.DUMMYFUNCTION("REGEXREPLACE(S22,""(.*)SAFE:(.*)"",""$2"")"),"") | W22: 0.22916667 | X22: =OriginalIDP!I24 -> 16.19 | Y22: =OriginalIDP!J24 -> 18.33 | Z22: =OriginalIDP!K24 -> 2.14 | AC22: 21h00 | AD22: =VALUE(Q80) -> 0 | AE22: =VALUE(Q81) -> 0 | AF22: =VALUE(Q82) -> 0 | AG22: =VALUE(Q83) -> 0 | AH22: =IF(AD22 =0, "Missing", "Logged") -> Missing | AI22: 21h00 | AJ22: =IF(AD22<>0, AD22, "") | AK22: =IF(AE22<>0, AE22, "") | AL22: =IF(AF22<>0, AF22, "") | AM22: =IF(AG22<>0, AG22, "") | AN22: =COUNTIFS(AM25:AM224, "Tue", AO25:AO224, "21:00") + COUNTIFS(AM25:AM224, "Tue", AO25:AO224, "21:15") + COUNTIFS(AM25:AM224, "Tue", AO25:AO224, "21:30") + COUNTIFS(AM25:AM224, "Tue", AO25:AO224, "21:45") -> 0 | AO22: =COUNTIFS(AM226:AM1170, "Tue", AO226:AO1170, "21:00") + COUNTIFS(AM226:AM1170, "Tue", AO226:AO1170, "21:15") + COUNTIFS(AM226:AM1170, "Tue", AO226:AO1170, "21:30") + COUNTIFS(AM226:AM1170, "Tue", AO226:AO1170, "21:45") -> 0
F23: Trends Out: | G23: =J26 | J23: =IFERROR(__xludf.DUMMYFUNCTION("REGEXREPLACE(I17,""(.*)DELAYS:(.*)"",""$2"")"),"") | K23: Trends Out: | L23: =O26 | O23: =IFERROR(__xludf.DUMMYFUNCTION("REGEXREPLACE(N17,""(.*)DELAYS:(.*)"",""$2"")"),"") | P23: Trends Out: | Q23: =T26 | T23: =IFERROR(__xludf.DUMMYFUNCTION("REGEXREPLACE(S17,""(.*)DELAYS:(.*)"",""$2"")"),"") | W23: 0.23958333 | X23: =OriginalIDP!I25 -> 15.89 | Y23: =OriginalIDP!J25 -> 16 | Z23: =OriginalIDP!K25 -> 0.11 | AC23: 22h00 | AD23: =VALUE(Q95) -> 0 | AE23: =VALUE(Q96) -> 0 | AF23: =VALUE(Q97) -> 0 | AG23: =VALUE(Q98) -> 0 | AH23: =IF(AD23 =0, "Missing", "Logged") -> Missing | AI23: 22h00 | AJ23: =IF(AD23<>0, AD23, "") | AK23: =IF(AE23<>0, AE23, "") | AL23: =IF(AF23<>0, AF23, "") | AM23: =IF(AG23<>0, AG23, "") | AN23: =COUNTIFS(AM25:AM224, "Tue", AO25:AO224, "22:00") + COUNTIFS(AM25:AM224, "Tue", AO25:AO224, "22:15") + COUNTIFS(AM25:AM224, "Tue", AO25:AO224, "22:30") + COUNTIFS(AM25:AM224, "Tue", AO25:AO224, "22:45") -> 0 | AO23: =COUNTIFS(AM226:AM1170, "Tue", AO226:AO1170, "22:00") + COUNTIFS(AM226:AM1170, "Tue", AO226:AO1170, "22:15") + COUNTIFS(AM226:AM1170, "Tue", AO226:AO1170, "22:30") + COUNTIFS(AM226:AM1170, "Tue", AO226:AO1170, "22:45") -> 0
F24: Delays: | G24: =J28 | J24: =IF(J67=FALSE,"",LEFT(J61,3)) | K24: Delays: | L24: =O28 | O24: =IF(O67=FALSE,"",LEFT(O61,3)) | P24: Delays: | Q24: =T28 | T24: =IF(T67=FALSE,"",LEFT(T61,3)) | W24: 0.25 | X24: =OriginalIDP!I26 -> 20.4 | Y24: =OriginalIDP!J26 -> 17 | Z24: =OriginalIDP!K26 -> -3.4 | AC24: LAW LIFESAFETY UNDER HERE
J25: =IFERROR(__xludf.DUMMYFUNCTION("REGEXREPLACE(I25,""(.*)Inbound:(.*)"",""$2"")"),"") | O25: =IFERROR(__xludf.DUMMYFUNCTION("REGEXREPLACE(N25,""(.*)Inbound:(.*)"",""$2"")"),"") | T25: =IFERROR(__xludf.DUMMYFUNCTION("REGEXREPLACE(S25,""(.*)Inbound:(.*)"",""$2"")"),"") | W25: 0.26041667 | X25: =OriginalIDP!I27 -> 17.55 | Y25: =OriginalIDP!J27 -> 20 | Z25: =OriginalIDP!K27 -> 2.45 | AC25: 1
F26: Notes | G26: =J30 | J26: =IFERROR(__xludf.DUMMYFUNCTION("REGEXREPLACE(I26,""(.*)Outbound:(.*)"",""$2"")"),"") | K26: Notes | L26: =O30 | O26: =IFERROR(__xludf.DUMMYFUNCTION("REGEXREPLACE(N26,""(.*)Outbound:(.*)"",""$2"")"),"") | P26: Notes | Q26: =T30 | T26: =IFERROR(__xludf.DUMMYFUNCTION("REGEXREPLACE(S26,""(.*)Outbound:(.*)"",""$2"")"),"") | W26: 0.27083333 | X26: =OriginalIDP!I28 -> 16.62 | Y26: =OriginalIDP!J28 -> 24 | Z26: =OriginalIDP!K28 -> 7.38 | AC26: 2
W27: 0.28125 | X27: =OriginalIDP!I29 -> 16.69 | Y27: =OriginalIDP!J29 -> 24 | Z27: =OriginalIDP!K29 -> 7.31 | AC27: 3
J28: =Right(I28,100) | O28: =Right(N28,100) | T28: =Right(S28,100) | W28: 0.29166667 | X28: =OriginalIDP!I30 -> 15.69 | Y28: =OriginalIDP!J30 -> 26 | Z28: =OriginalIDP!K30 -> 10.31 | AC28: 4
W29: 0.30208333 | X29: =OriginalIDP!I31 -> 18.57 | Y29: =OriginalIDP!J31 -> 22.33 | Z29: =OriginalIDP!K31 -> 3.76 | AC29: 5
J30: =Right(I30,150) | O30: =Right(N30,150) | T30: =Right(S30,150) | W30: 0.3125 | X30: =OriginalIDP!I32 -> 22.88 | Y30: =OriginalIDP!J32 -> 19.33 | Z30: =OriginalIDP!K32 -> -3.55 | AC30: 6
F31: Stats Update ~ 02h00 | K31: Stats Update ~ 10h00 | P31: Stats Update ~ 18h00 | W31: 0.32291667 | X31: =OriginalIDP!I33 -> 22.04 | Y31: =OriginalIDP!J33 -> 26.33 | Z31: =OriginalIDP!K33 -> 4.29 | AC31: 7
F32: ACK | G32: =J35 | J32: =IFERROR(__xludf.DUMMYFUNCTION("REGEXREPLACE(I32,""(.*)ACK:(.*)"",""$2"")"),"") | K32: ACK | L32: =O35 | O32: =IFERROR(__xludf.DUMMYFUNCTION("REGEXREPLACE(N32,""(.*)ACK:(.*)"",""$2"")"),"") | P32: ACK | Q32: =T35 | T32: =IFERROR(__xludf.DUMMYFUNCTION("REGEXREPLACE(S32,""(.*)ACK:(.*)"",""$2"")"),"") | W32: 0.33333333 | X32: =OriginalIDP!I34 -> 23.07 | Y32: =OriginalIDP!J34 -> 27 | Z32: =OriginalIDP!K34 -> 3.93 | AC32: 8
F33: ASA | G33: =J36 | J33: =IFERROR(__xludf.DUMMYFUNCTION("REGEXREPLACE(I33,""(.*)SVL OUT:(.*)"",""$2"")"),"") | K33: ASA | L33: =O36 | O33: =IFERROR(__xludf.DUMMYFUNCTION("REGEXREPLACE(N33,""(.*)SVL OUT:(.*)"",""$2"")"),"") | P33: ASA | Q33: =T36 | T33: =IFERROR(__xludf.DUMMYFUNCTION("REGEXREPLACE(S33,""(.*)SVL OUT:(.*)"",""$2"")"),"") | W33: 0.34375 | X33: =OriginalIDP!I35 -> 23.56 | Y33: =OriginalIDP!J35 -> 29.67 | Z33: =OriginalIDP!K35 -> 6.11 | AC33: 9
F34: SAFE | G34: =J37 | J34: =IFERROR(__xludf.DUMMYFUNCTION("REGEXREPLACE(I34,""(.*)SVL IN:(.*)"",""$2"")"),"") | K34: SAFE | L34: =O37 | O34: =IFERROR(__xludf.DUMMYFUNCTION("REGEXREPLACE(N34,""(.*)SVL IN:(.*)"",""$2"")"),"") | P34: SAFE | Q34: =T37 | T34: =IFERROR(__xludf.DUMMYFUNCTION("REGEXREPLACE(S34,""(.*)SVL IN:(.*)"",""$2"")"),"") | W34: 0.35416667 | X34: =OriginalIDP!I36 -> 28.83 | Y34: =OriginalIDP!J36 -> 32 | Z34: =OriginalIDP!K36 -> 3.17 | AC34: 10
F35: SVL Outbound | G35: =J33 | J35: =IFERROR(__xludf.DUMMYFUNCTION("REGEXREPLACE(I35,""(.*)ACK:(.*)"",""$2"")"),"") | K35: SVL Outbound | L35: =O33 | O35: =IFERROR(__xludf.DUMMYFUNCTION("REGEXREPLACE(N35,""(.*)ACK:(.*)"",""$2"")"),"") | P35: SVL Outbound | Q35: =T33 | T35: =IFERROR(__xludf.DUMMYFUNCTION("REGEXREPLACE(S35,""(.*)ACK:(.*)"",""$2"")"),"") | W35: 0.36458333 | X35: =OriginalIDP!I37 -> 27.92 | Y35: =OriginalIDP!J37 -> 35 | Z35: =OriginalIDP!K37 -> 7.08 | AC35: 11
F36: SVL Inbound | G36: =J34 | J36: =IFERROR(__xludf.DUMMYFUNCTION("REGEXREPLACE(I36,""(.*)ASA:(.*)"",""$2"")"),"") | K36: SVL Inbound | L36: =O34 | O36: =IFERROR(__xludf.DUMMYFUNCTION("REGEXREPLACE(N36,""(.*)ASA:(.*)"",""$2"")"),"") | P36: SVL Inbound | Q36: =T34 | T36: =IFERROR(__xludf.DUMMYFUNCTION("REGEXREPLACE(S36,""(.*)ASA:(.*)"",""$2"")"),"") | W36: 0.375 | X36: =OriginalIDP!I38 -> 29.29 | Y36: =OriginalIDP!J38 -> 36 | Z36: =OriginalIDP!K38 -> 6.71 | AC36: 12
F37: Trends In: | G37: =J40 | J37: =IFERROR(__xludf.DUMMYFUNCTION("REGEXREPLACE(I37,""(.*)SAFE:(.*)"",""$2"")"),"") | K37: Trends In: | L37: =O40 | O37: =IFERROR(__xludf.DUMMYFUNCTION("REGEXREPLACE(N37,""(.*)SAFE:(.*)"",""$2"")"),"") | P37: Trends In: | Q37: =T40 | T37: =IFERROR(__xludf.DUMMYFUNCTION("REGEXREPLACE(S37,""(.*)SAFE:(.*)"",""$2"")"),"") | W37: 0.38541667 | X37: =OriginalIDP!I39 -> 29.03 | Y37: =OriginalIDP!J39 -> 34.33 | Z37: =OriginalIDP!K39 -> 5.3 | AC37: 13
F38: Trends Out: | G38: =J41 | J38: =IFERROR(__xludf.DUMMYFUNCTION("REGEXREPLACE(I32,""(.*)DELAYS:(.*)"",""$2"")"),"") | K38: Trends Out: | L38: =O41 | O38: =IFERROR(__xludf.DUMMYFUNCTION("REGEXREPLACE(N32,""(.*)DELAYS:(.*)"",""$2"")"),"") | P38: Trends Out: | Q38: =T41 | T38: =IFERROR(__xludf.DUMMYFUNCTION("REGEXREPLACE(S32,""(.*)DELAYS:(.*)"",""$2"")"),"") | W38: 0.39583333 | X38: =OriginalIDP!I40 -> 23.57 | Y38: =OriginalIDP!J40 -> 35 | Z38: =OriginalIDP!K40 -> 11.43 | AC38: 14
F39: Delays: | G39: =J43 | J39: =IF(J82=FALSE,"",LEFT(J76,3)) | K39: Delays: | L39: =O43 | O39: =IF(O82=FALSE,"",LEFT(O76,3)) | P39: Delays: | Q39: =T43 | T39: =IF(T82=FALSE,"",LEFT(T76,3)) | W39: 0.41666667 | X39: =OriginalIDP!I41 -> 26.89 | Y39: =OriginalIDP!J41 -> 32.67 | Z39: =OriginalIDP!K41 -> 5.78 | AC39: 15
J40: =IFERROR(__xludf.DUMMYFUNCTION("REGEXREPLACE(I40,""(.*)Inbound:(.*)"",""$2"")"),"") | O40: =IFERROR(__xludf.DUMMYFUNCTION("REGEXREPLACE(N40,""(.*)Inbound:(.*)"",""$2"")"),"") | T40: =IFERROR(__xludf.DUMMYFUNCTION("REGEXREPLACE(S40,""(.*)Inbound:(.*)"",""$2"")"),"") | W40: 0.42708333 | X40: =OriginalIDP!I42 -> 34.61 | Y40: =OriginalIDP!J42 -> 28 | Z40: =OriginalIDP!K42 -> -6.61 | AC40: 16
F41: Notes | G41: =J45 | J41: =IFERROR(__xludf.DUMMYFUNCTION("REGEXREPLACE(I41,""(.*)Outbound:(.*)"",""$2"")"),"") | K41: Notes | L41: =O45 | O41: =IFERROR(__xludf.DUMMYFUNCTION("REGEXREPLACE(N41,""(.*)Outbound:(.*)"",""$2"")"),"") | P41: Notes | Q41: =T45 | T41: =IFERROR(__xludf.DUMMYFUNCTION("REGEXREPLACE(S41,""(.*)Outbound:(.*)"",""$2"")"),"") | W41: 0.4375 | X41: =OriginalIDP!I43 -> 27.48 | Y41: =OriginalIDP!J43 -> 32.67 | Z41: =OriginalIDP!K43 -> 5.19 | AC41: 17
W42: 0.44791667 | X42: =OriginalIDP!I44 -> 29.32 | Y42: =OriginalIDP!J44 -> 34 | Z42: =OriginalIDP!K44 -> 4.68 | AC42: 18
J43: =Right(I43,100) | O43: =Right(N43,100) | T43: =Right(S43,100) | W43: 0.45833333 | X43: =OriginalIDP!I45 -> 26.79 | Y43: =OriginalIDP!J45 -> 34 | Z43: =OriginalIDP!K45 -> 7.21 | AC43: 19
W44: 0.46875 | X44: =OriginalIDP!I46 -> 35.8 | Y44: =OriginalIDP!J46 -> 37 | Z44: =OriginalIDP!K46 -> 1.2 | AC44: 20
J45: =Right(I45,150) | O45: =Right(N45,150) | T45: =Right(S45,150) | W45: 0.47916667 | X45: =OriginalIDP!I47 -> 38.71 | Y45: =OriginalIDP!J47 -> 38.33 | Z45: =OriginalIDP!K47 -> -0.38 | AC45: 21
F46: Stats Update ~ 03h00 | K46: Stats Update ~ 11h00 | P46: Stats Update ~ 19h00 | W46: 0.48958333 | X46: =OriginalIDP!I48 -> 31.05 | Y46: =OriginalIDP!J48 -> 38 | Z46: =OriginalIDP!K48 -> 6.95 | AC46: 22
F47: ACK | G47: =J50 | J47: =IFERROR(__xludf.DUMMYFUNCTION("REGEXREPLACE(I47,""(.*)ACK:(.*)"",""$2"")"),"") | K47: ACK | L47: =O50 | O47: =IFERROR(__xludf.DUMMYFUNCTION("REGEXREPLACE(N47,""(.*)ACK:(.*)"",""$2"")"),"") | P47: ACK | Q47: =T50 | T47: =IFERROR(__xludf.DUMMYFUNCTION("REGEXREPLACE(S47,""(.*)ACK:(.*)"",""$2"")"),"") | W47: 0.5 | X47: =OriginalIDP!I49 -> 29.99 | Y47: =OriginalIDP!J49 -> 34 | Z47: =OriginalIDP!K49 -> 4.01 | AC47: 23
